This is XeTeX, Version 3.141592653-2.6-0.999997 (TeX Live 2025) (preloaded format=xelatex 2026.1.3)  19 MAR 2026 09:39
entering extended mode
 restricted \write18 enabled.
 %&-line parsing enabled.
**chapter4.tex
(./chapter4.tex
LaTeX2e <2024-11-01> patch level 2
L3 programming layer <2025-01-18>
! Undefined control sequence.
l.1 \chapter
            {测试评估平台设计与实现}
The control sequence at the end of the top line
of your error message was never \def'ed. If you have
misspelled it (e.g., `\hobx'), type `I' and the correct
spelling (e.g., `I\hbox'). Otherwise just continue,
and I'll forget about whatever was undefined.


! LaTeX Error: Missing \begin{document}.

See the LaTeX manual or LaTeX Companion for explanation.
Type  H <return>  for immediate help.
 ...                                              
                                                  
l.1 \chapter{测
              试评估平台设计与实现}
You're in trouble here.  Try typing  <return>  to proceed.
If that doesn't work, type  X <return>  to quit.

Missing character: There is no 测 ("6D4B) in font nullfont!
Missing character: There is no 试 ("8BD5) in font nullfont!
Missing character: There is no 评 ("8BC4) in font nullfont!
Missing character: There is no 估 ("4F30) in font nullfont!
Missing character: There is no 平 ("5E73) in font nullfont!
Missing character: There is no 台 ("53F0) in font nullfont!
Missing character: There is no 设 ("8BBE) in font nullfont!
Missing character: There is no 计 ("8BA1) in font nullfont!
Missing character: There is no 与 ("4E0E) in font nullfont!
Missing character: There is no 实 ("5B9E) in font nullfont!
Missing character: There is no 现 ("73B0) in font nullfont!
Missing character: There is no 随 ("968F) in font nullfont!
Missing character: There is no 着 ("7740) in font nullfont!
Missing character: There is no D ("44) in font nullfont!
Missing character: There is no S ("53) in font nullfont!
Missing character: There is no P ("50) in font nullfont!
Missing character: There is no 编 ("7F16) in font nullfont!
Missing character: There is no 译 ("8BD1) in font nullfont!
Missing character: There is no 器 ("5668) in font nullfont!
Missing character: There is no 后 ("540E) in font nullfont!
Missing character: There is no 端 ("7AEF) in font nullfont!
Missing character: There is no 功 ("529F) in font nullfont!
Missing character: There is no 能 ("80FD) in font nullfont!
Missing character: There is no 的 ("7684) in font nullfont!
Missing character: There is no 不 ("4E0D) in font nullfont!
Missing character: There is no 断 ("65AD) in font nullfont!
Missing character: There is no 扩 ("6269) in font nullfont!
Missing character: There is no 展 ("5C55) in font nullfont!
Missing character: There is no ， ("FF0C) in font nullfont!
Missing character: There is no 尤 ("5C24) in font nullfont!
Missing character: There is no 其 ("5176) in font nullfont!
Missing character: There is no 是 ("662F) in font nullfont!
Missing character: There is no 全 ("5168) in font nullfont!
Missing character: There is no 局 ("5C40) in font nullfont!
Missing character: There is no 指 ("6307) in font nullfont!
Missing character: There is no 令 ("4EE4) in font nullfont!
Missing character: There is no 选 ("9009) in font nullfont!
Missing character: There is no 择 ("62E9) in font nullfont!
Missing character: There is no 框 ("6846) in font nullfont!
Missing character: There is no 架 ("67B6) in font nullfont!
Missing character: There is no 及 ("53CA) in font nullfont!
Missing character: There is no 其 ("5176) in font nullfont!
Missing character: There is no 相 ("76F8) in font nullfont!
Missing character: There is no 关 ("5173) in font nullfont!
Missing character: There is no 优 ("4F18) in font nullfont!
Missing character: There is no 化 ("5316) in font nullfont!
Missing character: There is no 方 ("65B9) in font nullfont!
Missing character: There is no 法 ("6CD5) in font nullfont!
Missing character: There is no 的 ("7684) in font nullfont!
Missing character: There is no 引 ("5F15) in font nullfont!
Missing character: There is no 入 ("5165) in font nullfont!
Missing character: There is no ， ("FF0C) in font nullfont!
Missing character: There is no 编 ("7F16) in font nullfont!
Missing character: There is no 译 ("8BD1) in font nullfont!
Missing character: There is no 器 ("5668) in font nullfont!
Missing character: There is no 在 ("5728) in font nullfont!
Missing character: There is no 指 ("6307) in font nullfont!
Missing character: There is no 令 ("4EE4) in font nullfont!
Missing character: There is no 匹 ("5339) in font nullfont!
Missing character: There is no 配 ("914D) in font nullfont!
Missing character: There is no 、 ("3001) in font nullfont!
Missing character: There is no 寄 ("5BC4) in font nullfont!
Missing character: There is no 存 ("5B58) in font nullfont!
Missing character: There is no 器 ("5668) in font nullfont!
Missing character: There is no 组 ("7EC4) in font nullfont!
Missing character: There is no 的 ("7684) in font nullfont!
Missing character: There is no 选 ("9009) in font nullfont!
Missing character: There is no 择 ("62E9) in font nullfont!
Missing character: There is no 、 ("3001) in font nullfont!
Missing character: There is no 合 ("5408) in font nullfont!
Missing character: There is no 法 ("6CD5) in font nullfont!
Missing character: There is no 化 ("5316) in font nullfont!
Missing character: There is no 等 ("7B49) in font nullfont!
Missing character: There is no 阶 ("9636) in font nullfont!
Missing character: There is no 段 ("6BB5) in font nullfont!
Missing character: There is no 的 ("7684) in font nullfont!
Missing character: There is no 行 ("884C) in font nullfont!
Missing character: There is no 为 ("4E3A) in font nullfont!
Missing character: There is no 对 ("5BF9) in font nullfont!
Missing character: There is no 输 ("8F93) in font nullfont!
Missing character: There is no 入 ("5165) in font nullfont!
Missing character: There is no 越 ("8D8A) in font nullfont!
Missing character: There is no 加 ("52A0) in font nullfont!
Missing character: There is no 敏 ("654F) in font nullfont!
Missing character: There is no 感 ("611F) in font nullfont!
Missing character: There is no ， ("FF0C) in font nullfont!
Missing character: There is no 以 ("4EE5) in font nullfont!
Missing character: There is no 及 ("53CA) in font nullfont!
Missing character: There is no 组 ("7EC4) in font nullfont!
Missing character: There is no 合 ("5408) in font nullfont!
Missing character: There is no 关 ("5173) in font nullfont!
Missing character: There is no 系 ("7CFB) in font nullfont!
Missing character: There is no 也 ("4E5F) in font nullfont!
Missing character: There is no 越 ("8D8A) in font nullfont!
Missing character: There is no 加 ("52A0) in font nullfont!
Missing character: There is no 复 ("590D) in font nullfont!
Missing character: There is no 杂 ("6742) in font nullfont!
Missing character: There is no 。 ("3002) in font nullfont!
Missing character: There is no 尽 ("5C3D) in font nullfont!
Missing character: There is no 管 ("7BA1) in font nullfont!
Missing character: There is no 全 ("5168) in font nullfont!
Missing character: There is no 局 ("5C40) in font nullfont!
Missing character: There is no 指 ("6307) in font nullfont!
Missing character: There is no 令 ("4EE4) in font nullfont!
Missing character: There is no 选 ("9009) in font nullfont!
Missing character: There is no 择 ("62E9) in font nullfont!
Missing character: There is no 在 ("5728) in font nullfont!
Missing character: There is no 实 ("5B9E) in font nullfont!
Missing character: There is no 现 ("73B0) in font nullfont!
Missing character: There is no 上 ("4E0A) in font nullfont!
Missing character: There is no 比 ("6BD4) in font nullfont!
Missing character: There is no 基 ("57FA) in font nullfont!
Missing character: There is no 于 ("4E8E) in font nullfont!
Missing character: There is no D ("44) in font nullfont!
Missing character: There is no A ("41) in font nullfont!
Missing character: There is no G ("47) in font nullfont!
Missing character: There is no 的 ("7684) in font nullfont!
Missing character: There is no 指 ("6307) in font nullfont!
Missing character: There is no 令 ("4EE4) in font nullfont!
Missing character: There is no 选 ("9009) in font nullfont!
Missing character: There is no 择 ("62E9) in font nullfont!
Missing character: There is no 方 ("65B9) in font nullfont!
Missing character: There is no 法 ("6CD5) in font nullfont!
Missing character: There is no 更 ("66F4) in font nullfont!
Missing character: There is no 加 ("52A0) in font nullfont!
Missing character: There is no 模 ("6A21) in font nullfont!
Missing character: There is no 块 ("5757) in font nullfont!
Missing character: There is no 化 ("5316) in font nullfont!
Missing character: There is no ， ("FF0C) in font nullfont!
Missing character: There is no 但 ("4F46) in font nullfont!
Missing character: There is no 其 ("5176) in font nullfont!
Missing character: There is no 指 ("6307) in font nullfont!
Missing character: There is no 令 ("4EE4) in font nullfont!
Missing character: There is no 选 ("9009) in font nullfont!
Missing character: There is no 择 ("62E9) in font nullfont!
Missing character: There is no 结 ("7ED3) in font nullfont!
Missing character: There is no 果 ("679C) in font nullfont!
Missing character: There is no 由 ("7531) in font nullfont!
Missing character: There is no 多 ("591A) in font nullfont!
Missing character: There is no 个 ("4E2A) in font nullfont!
Missing character: There is no P ("50) in font nullfont!
Missing character: There is no a ("61) in font nullfont!
Missing character: There is no s ("73) in font nullfont!
Missing character: There is no s ("73) in font nullfont!
Missing character: There is no 的 ("7684) in font nullfont!
Missing character: There is no 协 ("534F) in font nullfont!
Missing character: There is no 同 ("540C) in font nullfont!
Missing character: There is no 决 ("51B3) in font nullfont!
Missing character: There is no 策 ("7B56) in font nullfont!
Missing character: There is no 共 ("5171) in font nullfont!
Missing character: There is no 同 ("540C) in font nullfont!
Missing character: There is no 决 ("51B3) in font nullfont!
Missing character: There is no 定 ("5B9A) in font nullfont!
Missing character: There is no ， ("FF0C) in font nullfont!
Missing character: There is no 这 ("8FD9) in font nullfont!
Missing character: There is no 导 ("5BFC) in font nullfont!
Missing character: There is no 致 ("81F4) in font nullfont!
Missing character: There is no 整 ("6574) in font nullfont!
Missing character: There is no 个 ("4E2A) in font nullfont!
Missing character: There is no 过 ("8FC7) in font nullfont!
Missing character: There is no 程 ("7A0B) in font nullfont!
Missing character: There is no 对 ("5BF9) in font nullfont!
Missing character: There is no 输 ("8F93) in font nullfont!
Missing character: There is no 入 ("5165) in font nullfont!
Missing character: There is no 的 ("7684) in font nullfont!
Missing character: There is no 程 ("7A0B) in font nullfont!
Missing character: There is no 序 ("5E8F) in font nullfont!
Missing character: There is no 结 ("7ED3) in font nullfont!
Missing character: There is no 构 ("6784) in font nullfont!
Missing character: There is no 更 ("66F4) in font nullfont!
Missing character: There is no 加 ("52A0) in font nullfont!
Missing character: There is no 敏 ("654F) in font nullfont!
Missing character: There is no 感 ("611F) in font nullfont!
Missing character: There is no 。 ("3002) in font nullfont!

Overfull \hbox (20.0pt too wide) in paragraph at lines 1--3
[]
 []


! LaTeX Error: Missing \begin{document}.

See the LaTeX manual or LaTeX Companion for explanation.
Type  H <return>  for immediate help.
 ...                                              
                                                  
l.6 D
     SP工具链已经建立了较为完整的CI（Continuous Integration, 持续集成）测试流程，能够较好地保证主分支代码的功能正确性。...

You're in trouble here.  Try typing  <return>  to proceed.
If that doesn't work, type  X <return>  to quit.

Missing character: There is no D ("44) in font nullfont!
Missing character: There is no S ("53) in font nullfont!
Missing character: There is no P ("50) in font nullfont!
Missing character: There is no 工 ("5DE5) in font nullfont!
Missing character: There is no 具 ("5177) in font nullfont!
Missing character: There is no 链 ("94FE) in font nullfont!
Missing character: There is no 已 ("5DF2) in font nullfont!
Missing character: There is no 经 ("7ECF) in font nullfont!
Missing character: There is no 建 ("5EFA) in font nullfont!
Missing character: There is no 立 ("7ACB) in font nullfont!
Missing character: There is no 了 ("4E86) in font nullfont!
Missing character: There is no 较 ("8F83) in font nullfont!
Missing character: There is no 为 ("4E3A) in font nullfont!
Missing character: There is no 完 ("5B8C) in font nullfont!
Missing character: There is no 整 ("6574) in font nullfont!
Missing character: There is no 的 ("7684) in font nullfont!
Missing character: There is no C ("43) in font nullfont!
Missing character: There is no I ("49) in font nullfont!
Missing character: There is no （ ("FF08) in font nullfont!
Missing character: There is no C ("43) in font nullfont!
Missing character: There is no o ("6F) in font nullfont!
Missing character: There is no n ("6E) in font nullfont!
Missing character: There is no t ("74) in font nullfont!
Missing character: There is no i ("69) in font nullfont!
Missing character: There is no n ("6E) in font nullfont!
Missing character: There is no u ("75) in font nullfont!
Missing character: There is no o ("6F) in font nullfont!
Missing character: There is no u ("75) in font nullfont!
Missing character: There is no s ("73) in font nullfont!
Missing character: There is no I ("49) in font nullfont!
Missing character: There is no n ("6E) in font nullfont!
Missing character: There is no t ("74) in font nullfont!
Missing character: There is no e ("65) in font nullfont!
Missing character: There is no g ("67) in font nullfont!
Missing character: There is no r ("72) in font nullfont!
Missing character: There is no a ("61) in font nullfont!
Missing character: There is no t ("74) in font nullfont!
Missing character: There is no i ("69) in font nullfont!
Missing character: There is no o ("6F) in font nullfont!
Missing character: There is no n ("6E) in font nullfont!
Missing character: There is no , ("2C) in font nullfont!
Missing character: There is no 持 ("6301) in font nullfont!
Missing character: There is no 续 ("7EED) in font nullfont!
Missing character: There is no 集 ("96C6) in font nullfont!
Missing character: There is no 成 ("6210) in font nullfont!
Missing character: There is no ） ("FF09) in font nullfont!
Missing character: There is no 测 ("6D4B) in font nullfont!
Missing character: There is no 试 ("8BD5) in font nullfont!
Missing character: There is no 流 ("6D41) in font nullfont!
Missing character: There is no 程 ("7A0B) in font nullfont!
Missing character: There is no ， ("FF0C) in font nullfont!
Missing character: There is no 能 ("80FD) in font nullfont!
Missing character: There is no 够 ("591F) in font nullfont!
Missing character: There is no 较 ("8F83) in font nullfont!
Missing character: There is no 好 ("597D) in font nullfont!
Missing character: There is no 地 ("5730) in font nullfont!
Missing character: There is no 保 ("4FDD) in font nullfont!
Missing character: There is no 证 ("8BC1) in font nullfont!
Missing character: There is no 主 ("4E3B) in font nullfont!
Missing character: There is no 分 ("5206) in font nullfont!
Missing character: There is no 支 ("652F) in font nullfont!
Missing character: There is no 代 ("4EE3) in font nullfont!
Missing character: There is no 码 ("7801) in font nullfont!
Missing character: There is no 的 ("7684) in font nullfont!
Missing character: There is no 功 ("529F) in font nullfont!
Missing character: There is no 能 ("80FD) in font nullfont!
Missing character: There is no 正 ("6B63) in font nullfont!
Missing character: There is no 确 ("786E) in font nullfont!
Missing character: There is no 性 ("6027) in font nullfont!
Missing character: There is no 。 ("3002) in font nullfont!
Missing character: There is no 但 ("4F46) in font nullfont!
Missing character: There is no 是 ("662F) in font nullfont!
Missing character: There is no 该 ("8BE5) in font nullfont!
Missing character: There is no C ("43) in font nullfont!
Missing character: There is no I ("49) in font nullfont!
Missing character: There is no 流 ("6D41) in font nullfont!
Missing character: There is no 程 ("7A0B) in font nullfont!
Missing character: There is no 主 ("4E3B) in font nullfont!
Missing character: There is no 要 ("8981) in font nullfont!
Missing character: There is no 面 ("9762) in font nullfont!
Missing character: There is no 向 ("5411) in font nullfont!
Missing character: There is no 传 ("4F20) in font nullfont!
Missing character: There is no 统 ("7EDF) in font nullfont!
Missing character: There is no 编 ("7F16) in font nullfont!
Missing character: There is no 译 ("8BD1) in font nullfont!
Missing character: There is no 流 ("6D41) in font nullfont!
Missing character: There is no 程 ("7A0B) in font nullfont!
Missing character: There is no 构 ("6784) in font nullfont!
Missing character: There is no 建 ("5EFA) in font nullfont!
Missing character: There is no ， ("FF0C) in font nullfont!
Missing character: There is no 其 ("5176) in font nullfont!
Missing character: There is no 设 ("8BBE) in font nullfont!
Missing character: There is no 计 ("8BA1) in font nullfont!
Missing character: There is no 目 ("76EE) in font nullfont!
Missing character: There is no 的 ("7684) in font nullfont!
Missing character: There is no 是 ("662F) in font nullfont!
Missing character: There is no 保 ("4FDD) in font nullfont!
Missing character: There is no 证 ("8BC1) in font nullfont!
Missing character: There is no 功 ("529F) in font nullfont!
Missing character: There is no 能 ("80FD) in font nullfont!
Missing character: There is no 的 ("7684) in font nullfont!
Missing character: There is no 可 ("53EF) in font nullfont!
Missing character: There is no 用 ("7528) in font nullfont!
Missing character: There is no 性 ("6027) in font nullfont!
Missing character: There is no ， ("FF0C) in font nullfont!
Missing character: There is no 没 ("6CA1) in font nullfont!
Missing character: There is no 有 ("6709) in font nullfont!
Missing character: There is no 针 ("9488) in font nullfont!
Missing character: There is no 对 ("5BF9) in font nullfont!
Missing character: There is no 全 ("5168) in font nullfont!
Missing character: There is no 局 ("5C40) in font nullfont!
Missing character: There is no 指 ("6307) in font nullfont!
Missing character: There is no 令 ("4EE4) in font nullfont!
Missing character: There is no 选 ("9009) in font nullfont!
Missing character: There is no 择 ("62E9) in font nullfont!
Missing character: There is no 及 ("53CA) in font nullfont!
Missing character: There is no 其 ("5176) in font nullfont!
Missing character: There is no 对 ("5BF9) in font nullfont!
Missing character: There is no 应 ("5E94) in font nullfont!
Missing character: There is no 优 ("4F18) in font nullfont!
Missing character: There is no 化 ("5316) in font nullfont!
Missing character: There is no 在 ("5728) in font nullfont!
Missing character: There is no 整 ("6574) in font nullfont!
Missing character: There is no 个 ("4E2A) in font nullfont!
Missing character: There is no 复 ("590D) in font nullfont!
Missing character: There is no 杂 ("6742) in font nullfont!
Missing character: There is no 流 ("6D41) in font nullfont!
Missing character: There is no 程 ("7A0B) in font nullfont!
Missing character: There is no 中 ("4E2D) in font nullfont!
Missing character: There is no 的 ("7684) in font nullfont!
Missing character: There is no 正 ("6B63) in font nullfont!
Missing character: There is no 确 ("786E) in font nullfont!
Missing character: There is no 性 ("6027) in font nullfont!
Missing character: There is no 和 ("548C) in font nullfont!
Missing character: There is no 性 ("6027) in font nullfont!
Missing character: There is no 能 ("80FD) in font nullfont!
Missing character: There is no 稳 ("7A33) in font nullfont!
Missing character: There is no 定 ("5B9A) in font nullfont!
Missing character: There is no 性 ("6027) in font nullfont!
Missing character: There is no 做 ("505A) in font nullfont!
Missing character: There is no 到 ("5230) in font nullfont!
Missing character: There is no 有 ("6709) in font nullfont!
Missing character: There is no 针 ("9488) in font nullfont!
Missing character: There is no 对 ("5BF9) in font nullfont!
Missing character: There is no 性 ("6027) in font nullfont!
Missing character: There is no 的 ("7684) in font nullfont!
Missing character: There is no 保 ("4FDD) in font nullfont!
Missing character: There is no 证 ("8BC1) in font nullfont!
Missing character: There is no 。 ("3002) in font nullfont!
Missing character: There is no 随 ("968F) in font nullfont!
Missing character: There is no 着 ("7740) in font nullfont!
Missing character: There is no G ("47) in font nullfont!
Missing character: There is no l ("6C) in font nullfont!
Missing character: There is no o ("6F) in font nullfont!
Missing character: There is no b ("62) in font nullfont!
Missing character: There is no a ("61) in font nullfont!
Missing character: There is no l ("6C) in font nullfont!
Missing character: There is no I ("49) in font nullfont!
Missing character: There is no S ("53) in font nullfont!
Missing character: There is no e ("65) in font nullfont!
Missing character: There is no l ("6C) in font nullfont!
Missing character: There is no 在 ("5728) in font nullfont!
Missing character: There is no D ("44) in font nullfont!
Missing character: There is no S ("53) in font nullfont!
Missing character: There is no P ("50) in font nullfont!
Missing character: There is no 工 ("5DE5) in font nullfont!
Missing character: There is no 具 ("5177) in font nullfont!
Missing character: There is no 链 ("94FE) in font nullfont!
Missing character: There is no 中 ("4E2D) in font nullfont!
Missing character: There is no 的 ("7684) in font nullfont!
Missing character: There is no 落 ("843D) in font nullfont!
Missing character: There is no 地 ("5730) in font nullfont!
Missing character: There is no ， ("FF0C) in font nullfont!
Missing character: There is no 现 ("73B0) in font nullfont!
Missing character: There is no 有 ("6709) in font nullfont!
Missing character: There is no C ("43) in font nullfont!
Missing character: There is no I ("49) in font nullfont!
Missing character: There is no 测 ("6D4B) in font nullfont!
Missing character: There is no 试 ("8BD5) in font nullfont!
Missing character: There is no 在 ("5728) in font nullfont!
Missing character: There is no 测 ("6D4B) in font nullfont!
Missing character: There is no 试 ("8BD5) in font nullfont!
Missing character: There is no 结 ("7ED3) in font nullfont!
Missing character: There is no 果 ("679C) in font nullfont!
Missing character: There is no 可 ("53EF) in font nullfont!
Missing character: There is no 分 ("5206) in font nullfont!
Missing character: There is no 析 ("6790) in font nullfont!
Missing character: There is no 性 ("6027) in font nullfont!
Missing character: There is no 、 ("3001) in font nullfont!
Missing character: There is no 性 ("6027) in font nullfont!
Missing character: There is no 能 ("80FD) in font nullfont!
Missing character: There is no 稳 ("7A33) in font nullfont!
Missing character: There is no 定 ("5B9A) in font nullfont!
Missing character: There is no 性 ("6027) in font nullfont!
Missing character: There is no 判 ("5224) in font nullfont!
Missing character: There is no 断 ("65AD) in font nullfont!
Missing character: There is no 、 ("3001) in font nullfont!
Missing character: There is no 复 ("590D) in font nullfont!
Missing character: There is no 杂 ("6742) in font nullfont!
Missing character: There is no 输 ("8F93) in font nullfont!
Missing character: There is no 入 ("5165) in font nullfont!
Missing character: There is no 场 ("573A) in font nullfont!
Missing character: There is no 景 ("666F) in font nullfont!
Missing character: There is no 覆 ("8986) in font nullfont!
Missing character: There is no 盖 ("76D6) in font nullfont!
Missing character: There is no 上 ("4E0A) in font nullfont!
Missing character: There is no 暴 ("66B4) in font nullfont!
Missing character: There is no 露 ("9732) in font nullfont!
Missing character: There is no 出 ("51FA) in font nullfont!
Missing character: There is no 问 ("95EE) in font nullfont!
Missing character: There is no 题 ("9898) in font nullfont!
Missing character: There is no ， ("FF0C) in font nullfont!
Missing character: There is no 需 ("9700) in font nullfont!
Missing character: There is no 要 ("8981) in font nullfont!
Missing character: There is no 对 ("5BF9) in font nullfont!
Missing character: There is no 相 ("76F8) in font nullfont!
Missing character: There is no 关 ("5173) in font nullfont!
Missing character: There is no 问 ("95EE) in font nullfont!
Missing character: There is no 题 ("9898) in font nullfont!
Missing character: There is no 进 ("8FDB) in font nullfont!
Missing character: There is no 行 ("884C) in font nullfont!
Missing character: There is no 总 ("603B) in font nullfont!
Missing character: There is no 结 ("7ED3) in font nullfont!
Missing character: There is no 分 ("5206) in font nullfont!
Missing character: There is no 析 ("6790) in font nullfont!
Missing character: There is no 。 ("3002) in font nullfont!

Overfull \hbox (20.0pt too wide) in paragraph at lines 6--7
[]
 []


! LaTeX Error: Missing \begin{document}.

See the LaTeX manual or LaTeX Companion for explanation.
Type  H <return>  for immediate help.
 ...                                              
                                                  
l.10 针
      对上述问题，本文设计并实现了一套面向DSP架构的随机测试评估平台。其核心创新体现在以下两方面：
You're in trouble here.  Try typing  <return>  to proceed.
If that doesn't work, type  X <return>  to quit.

Missing character: There is no 针 ("9488) in font nullfont!
Missing character: There is no 对 ("5BF9) in font nullfont!
Missing character: There is no 上 ("4E0A) in font nullfont!
Missing character: There is no 述 ("8FF0) in font nullfont!
Missing character: There is no 问 ("95EE) in font nullfont!
Missing character: There is no 题 ("9898) in font nullfont!
Missing character: There is no ， ("FF0C) in font nullfont!
Missing character: There is no 本 ("672C) in font nullfont!
Missing character: There is no 文 ("6587) in font nullfont!
Missing character: There is no 设 ("8BBE) in font nullfont!
Missing character: There is no 计 ("8BA1) in font nullfont!
Missing character: There is no 并 ("5E76) in font nullfont!
Missing character: There is no 实 ("5B9E) in font nullfont!
Missing character: There is no 现 ("73B0) in font nullfont!
Missing character: There is no 了 ("4E86) in font nullfont!
Missing character: There is no 一 ("4E00) in font nullfont!
Missing character: There is no 套 ("5957) in font nullfont!
Missing character: There is no 面 ("9762) in font nullfont!
Missing character: There is no 向 ("5411) in font nullfont!
Missing character: There is no D ("44) in font nullfont!
Missing character: There is no S ("53) in font nullfont!
Missing character: There is no P ("50) in font nullfont!
Missing character: There is no 架 ("67B6) in font nullfont!
Missing character: There is no 构 ("6784) in font nullfont!
Missing character: There is no 的 ("7684) in font nullfont!
Missing character: There is no 随 ("968F) in font nullfont!
Missing character: There is no 机 ("673A) in font nullfont!
Missing character: There is no 测 ("6D4B) in font nullfont!
Missing character: There is no 试 ("8BD5) in font nullfont!
Missing character: There is no 评 ("8BC4) in font nullfont!
Missing character: There is no 估 ("4F30) in font nullfont!
Missing character: There is no 平 ("5E73) in font nullfont!
Missing character: There is no 台 ("53F0) in font nullfont!
Missing character: There is no 。 ("3002) in font nullfont!
Missing character: There is no 其 ("5176) in font nullfont!
Missing character: There is no 核 ("6838) in font nullfont!
Missing character: There is no 心 ("5FC3) in font nullfont!
Missing character: There is no 创 ("521B) in font nullfont!
Missing character: There is no 新 ("65B0) in font nullfont!
Missing character: There is no 体 ("4F53) in font nullfont!
Missing character: There is no 现 ("73B0) in font nullfont!
Missing character: There is no 在 ("5728) in font nullfont!
Missing character: There is no 以 ("4EE5) in font nullfont!
Missing character: There is no 下 ("4E0B) in font nullfont!
Missing character: There is no 两 ("4E24) in font nullfont!
Missing character: There is no 方 ("65B9) in font nullfont!
Missing character: There is no 面 ("9762) in font nullfont!
Missing character: There is no ： ("FF1A) in font nullfont!

Overfull \hbox (20.0pt too wide) in paragraph at lines 10--11
[] 
 []

Missing character: There is no 突 ("7A81) in font nullfont!
Missing character: There is no 破 ("7834) in font nullfont!
Missing character: There is no 通 ("901A) in font nullfont!
Missing character: There is no 用 ("7528) in font nullfont!
Missing character: There is no 随 ("968F) in font nullfont!
Missing character: There is no 机 ("673A) in font nullfont!
Missing character: There is no 测 ("6D4B) in font nullfont!
Missing character: There is no 试 ("8BD5) in font nullfont!
Missing character: There is no 工 ("5DE5) in font nullfont!
Missing character: There is no 具 ("5177) in font nullfont!
Missing character: There is no 对 ("5BF9) in font nullfont!
Missing character: There is no 专 ("4E13) in font nullfont!
Missing character: There is no 用 ("7528) in font nullfont!
Missing character: There is no 架 ("67B6) in font nullfont!
Missing character: There is no 构 ("6784) in font nullfont!
Missing character: There is no 的 ("7684) in font nullfont!
Missing character: There is no 适 ("9002) in font nullfont!
Missing character: There is no 配 ("914D) in font nullfont!
Missing character: There is no 局 ("5C40) in font nullfont!
Missing character: There is no 限 ("9650) in font nullfont!
Missing character: There is no ， ("FF0C) in font nullfont!
Missing character: There is no 通 ("901A) in font nullfont!
Missing character: There is no 过 ("8FC7) in font nullfont!
Missing character: There is no 定 ("5B9A) in font nullfont!
Missing character: There is no 制 ("5236) in font nullfont!
Missing character: There is no 扩 ("6269) in font nullfont!
Missing character: There is no 展 ("5C55) in font nullfont!
Missing character: There is no Y ("59) in font nullfont!
Missing character: There is no A ("41) in font nullfont!
Missing character: There is no R ("52) in font nullfont!
Missing character: There is no P ("50) in font nullfont!
Missing character: There is no G ("47) in font nullfont!
Missing character: There is no e ("65) in font nullfont!
Missing character: There is no n ("6E) in font nullfont!
Missing character: There is no 实 ("5B9E) in font nullfont!
Missing character: There is no 现 ("73B0) in font nullfont!
Missing character: There is no D ("44) in font nullfont!
Missing character: There is no S ("53) in font nullfont!
Missing character: There is no P ("50) in font nullfont!
Missing character: There is no 内 ("5185) in font nullfont!
Missing character: There is no 建 ("5EFA) in font nullfont!
Missing character: There is no 函 ("51FD) in font nullfont!
Missing character: There is no 数 ("6570) in font nullfont!
Missing character: There is no 的 ("7684) in font nullfont!
Missing character: There is no 自 ("81EA) in font nullfont!
Missing character: There is no 动 ("52A8) in font nullfont!
Missing character: There is no 化 ("5316) in font nullfont!
Missing character: There is no 生 ("751F) in font nullfont!
Missing character: There is no 成 ("6210) in font nullfont!
Missing character: There is no ， ("FF0C) in font nullfont!
Missing character: There is no 强 ("5F3A) in font nullfont!
Missing character: There is no 化 ("5316) in font nullfont!
Missing character: There is no 对 ("5BF9) in font nullfont!
Missing character: There is no D ("44) in font nullfont!
Missing character: There is no S ("53) in font nullfont!
Missing character: There is no P ("50) in font nullfont!
Missing character: There is no 专 ("4E13) in font nullfont!
Missing character: There is no 用 ("7528) in font nullfont!
Missing character: There is no 指 ("6307) in font nullfont!
Missing character: There is no 令 ("4EE4) in font nullfont!
Missing character: There is no 与 ("4E0E) in font nullfont!
Missing character: There is no 硬 ("786C) in font nullfont!
Missing character: There is no 件 ("4EF6) in font nullfont!
Missing character: There is no 特 ("7279) in font nullfont!
Missing character: There is no 性 ("6027) in font nullfont!
Missing character: There is no 的 ("7684) in font nullfont!
Missing character: There is no 测 ("6D4B) in font nullfont!
Missing character: There is no 试 ("8BD5) in font nullfont!
Missing character: There is no 覆 ("8986) in font nullfont!
Missing character: There is no 盖 ("76D6) in font nullfont!
Missing character: There is no 。 ("3002) in font nullfont!
Missing character: There is no 构 ("6784) in font nullfont!
Missing character: There is no 建 ("5EFA) in font nullfont!
Missing character: There is no 了 ("4E86) in font nullfont!
Missing character: There is no 性 ("6027) in font nullfont!
Missing character: There is no 能 ("80FD) in font nullfont!
Missing character: There is no 数 ("6570) in font nullfont!
Missing character: There is no 据 ("636E) in font nullfont!
Missing character: There is no 生 ("751F) in font nullfont!
Missing character: There is no 成 ("6210) in font nullfont!
Missing character: There is no - ("2D) in font nullfont!
Missing character: There is no 采 ("91C7) in font nullfont!
Missing character: There is no 集 ("96C6) in font nullfont!
Missing character: There is no - ("2D) in font nullfont!
Missing character: There is no 存 ("5B58) in font nullfont!
Missing character: There is no 储 ("50A8) in font nullfont!
Missing character: There is no - ("2D) in font nullfont!
Missing character: There is no 分 ("5206) in font nullfont!
Missing character: There is no 析 ("6790) in font nullfont!
Missing character: There is no - ("2D) in font nullfont!
Missing character: There is no 展 ("5C55) in font nullfont!
Missing character: There is no 示 ("793A) in font nullfont!
Missing character: There is no 的 ("7684) in font nullfont!
Missing character: There is no 全 ("5168) in font nullfont!
Missing character: There is no 链 ("94FE) in font nullfont!
Missing character: There is no 路 ("8DEF) in font nullfont!
Missing character: There is no 管 ("7BA1) in font nullfont!
Missing character: There is no 理 ("7406) in font nullfont!
Missing character: There is no 体 ("4F53) in font nullfont!
Missing character: There is no 系 ("7CFB) in font nullfont!
Missing character: There is no ， ("FF0C) in font nullfont!
Missing character: There is no 实 ("5B9E) in font nullfont!
Missing character: There is no 现 ("73B0) in font nullfont!
Missing character: There is no 对 ("5BF9) in font nullfont!
Missing character: There is no 编 ("7F16) in font nullfont!
Missing character: There is no 译 ("8BD1) in font nullfont!
Missing character: There is no 器 ("5668) in font nullfont!
Missing character: There is no 性 ("6027) in font nullfont!
Missing character: There is no 能 ("80FD) in font nullfont!
Missing character: There is no 指 ("6307) in font nullfont!
Missing character: There is no 标 ("6807) in font nullfont!
Missing character: There is no 的 ("7684) in font nullfont!
Missing character: There is no 系 ("7CFB) in font nullfont!
Missing character: There is no 统 ("7EDF) in font nullfont!
Missing character: There is no 化 ("5316) in font nullfont!
Missing character: There is no 采 ("91C7) in font nullfont!
Missing character: There is no 集 ("96C6) in font nullfont!
Missing character: There is no 与 ("4E0E) in font nullfont!
Missing character: There is no 可 ("53EF) in font nullfont!
Missing character: There is no 视 ("89C6) in font nullfont!
Missing character: There is no 化 ("5316) in font nullfont!
Missing character: There is no 分 ("5206) in font nullfont!
Missing character: There is no 析 ("6790) in font nullfont!
Missing character: There is no 。 ("3002) in font nullfont!
Missing character: There is no 最 ("6700) in font nullfont!
Missing character: There is no 终 ("7EC8) in font nullfont!
Missing character: There is no 形 ("5F62) in font nullfont!
Missing character: There is no 成 ("6210) in font nullfont!
Missing character: There is no 覆 ("8986) in font nullfont!
Missing character: There is no 盖 ("76D6) in font nullfont!
Missing character: There is no 生 ("751F) in font nullfont!
Missing character: There is no 成 ("6210) in font nullfont!
Missing character: There is no - ("2D) in font nullfont!
Missing character: There is no 编 ("7F16) in font nullfont!
Missing character: There is no 译 ("8BD1) in font nullfont!
Missing character: There is no - ("2D) in font nullfont!
Missing character: There is no 执 ("6267) in font nullfont!
Missing character: There is no 行 ("884C) in font nullfont!
Missing character: There is no - ("2D) in font nullfont!
Missing character: There is no 评 ("8BC4) in font nullfont!
Missing character: There is no 估 ("4F30) in font nullfont!
Missing character: There is no 的 ("7684) in font nullfont!
Missing character: There is no 全 ("5168) in font nullfont!
Missing character: There is no 流 ("6D41) in font nullfont!
Missing character: There is no 程 ("7A0B) in font nullfont!
Missing character: There is no 自 ("81EA) in font nullfont!
Missing character: There is no 动 ("52A8) in font nullfont!
Missing character: There is no 化 ("5316) in font nullfont!
Missing character: There is no 闭 ("95ED) in font nullfont!
Missing character: There is no 环 ("73AF) in font nullfont!
Missing character: There is no ， ("FF0C) in font nullfont!
Missing character: There is no 为 ("4E3A) in font nullfont!
Missing character: There is no G ("47) in font nullfont!
Missing character: There is no l ("6C) in font nullfont!
Missing character: There is no o ("6F) in font nullfont!
Missing character: There is no b ("62) in font nullfont!
Missing character: There is no a ("61) in font nullfont!
Missing character: There is no l ("6C) in font nullfont!
Missing character: There is no I ("49) in font nullfont!
Missing character: There is no S ("53) in font nullfont!
Missing character: There is no e ("65) in font nullfont!
Missing character: There is no l ("6C) in font nullfont!
Missing character: There is no 场 ("573A) in font nullfont!
Missing character: There is no 景 ("666F) in font nullfont!
Missing character: There is no 下 ("4E0B) in font nullfont!
Missing character: There is no D ("44) in font nullfont!
Missing character: There is no S ("53) in font nullfont!
Missing character: There is no P ("50) in font nullfont!
Missing character: There is no 编 ("7F16) in font nullfont!
Missing character: There is no 译 ("8BD1) in font nullfont!
Missing character: There is no 器 ("5668) in font nullfont!
Missing character: There is no 的 ("7684) in font nullfont!
Missing character: There is no 优 ("4F18) in font nullfont!
Missing character: There is no 化 ("5316) in font nullfont!
Missing character: There is no 验 ("9A8C) in font nullfont!
Missing character: There is no 证 ("8BC1) in font nullfont!
Missing character: There is no 与 ("4E0E) in font nullfont!
Missing character: There is no 迭 ("8FED) in font nullfont!
Missing character: There is no 代 ("4EE3) in font nullfont!
Missing character: There is no 维 ("7EF4) in font nullfont!
Missing character: There is no 护 ("62A4) in font nullfont!
Missing character: There is no 提 ("63D0) in font nullfont!
Missing character: There is no 供 ("4F9B) in font nullfont!
Missing character: There is no 核 ("6838) in font nullfont!
Missing character: There is no 心 ("5FC3) in font nullfont!
Missing character: There is no 支 ("652F) in font nullfont!
Missing character: There is no 撑 ("6491) in font nullfont!
Missing character: There is no 。 ("3002) in font nullfont!

Overfull \hbox (20.0pt too wide) in paragraph at lines 20--21
[]
 []

Missing character: There is no 本 ("672C) in font nullfont!
Missing character: There is no 章 ("7AE0) in font nullfont!
Missing character: There is no 将 ("5C06) in font nullfont!
Missing character: There is no 围 ("56F4) in font nullfont!
Missing character: There is no 绕 ("7ED5) in font nullfont!
Missing character: There is no 现 ("73B0) in font nullfont!
Missing character: There is no 有 ("6709) in font nullfont!
Missing character: There is no 测 ("6D4B) in font nullfont!
Missing character: There is no 试 ("8BD5) in font nullfont!
Missing character: There is no 流 ("6D41) in font nullfont!
Missing character: There is no 程 ("7A0B) in font nullfont!
Missing character: There is no 缺 ("7F3A) in font nullfont!
Missing character: There is no 陷 ("9677) in font nullfont!
Missing character: There is no 分 ("5206) in font nullfont!
Missing character: There is no 析 ("6790) in font nullfont!
Missing character: There is no 、 ("3001) in font nullfont!
Missing character: There is no 随 ("968F) in font nullfont!
Missing character: There is no 机 ("673A) in font nullfont!
Missing character: There is no 测 ("6D4B) in font nullfont!
Missing character: There is no 试 ("8BD5) in font nullfont!
Missing character: There is no 工 ("5DE5) in font nullfont!
Missing character: There is no 具 ("5177) in font nullfont!
Missing character: There is no 定 ("5B9A) in font nullfont!
Missing character: There is no 制 ("5236) in font nullfont!
Missing character: There is no 适 ("9002) in font nullfont!
Missing character: There is no 配 ("914D) in font nullfont!
Missing character: There is no 、 ("3001) in font nullfont!
Missing character: There is no 平 ("5E73) in font nullfont!
Missing character: There is no 台 ("53F0) in font nullfont!
Missing character: There is no 架 ("67B6) in font nullfont!
Missing character: There is no 构 ("6784) in font nullfont!
Missing character: There is no 设 ("8BBE) in font nullfont!
Missing character: There is no 计 ("8BA1) in font nullfont!
Missing character: There is no 与 ("4E0E) in font nullfont!
Missing character: There is no 核 ("6838) in font nullfont!
Missing character: There is no 心 ("5FC3) in font nullfont!
Missing character: There is no 模 ("6A21) in font nullfont!
Missing character: There is no 块 ("5757) in font nullfont!
Missing character: There is no 实 ("5B9E) in font nullfont!
Missing character: There is no 现 ("73B0) in font nullfont!
Missing character: There is no 三 ("4E09) in font nullfont!
Missing character: There is no 方 ("65B9) in font nullfont!
Missing character: There is no 面 ("9762) in font nullfont!
Missing character: There is no 展 ("5C55) in font nullfont!
Missing character: There is no 开 ("5F00) in font nullfont!
Missing character: There is no 论 ("8BBA) in font nullfont!
Missing character: There is no 述 ("8FF0) in font nullfont!
Missing character: There is no ， ("FF0C) in font nullfont!
Missing character: There is no 构 ("6784) in font nullfont!
Missing character: There is no 建 ("5EFA) in font nullfont!
Missing character: There is no 适 ("9002) in font nullfont!
Missing character: There is no 配 ("914D) in font nullfont!
Missing character: There is no G ("47) in font nullfont!
Missing character: There is no l ("6C) in font nullfont!
Missing character: There is no o ("6F) in font nullfont!
Missing character: There is no b ("62) in font nullfont!
Missing character: There is no a ("61) in font nullfont!
Missing character: There is no l ("6C) in font nullfont!
Missing character: There is no I ("49) in font nullfont!
Missing character: There is no S ("53) in font nullfont!
Missing character: There is no e ("65) in font nullfont!
Missing character: There is no l ("6C) in font nullfont!
Missing character: There is no 场 ("573A) in font nullfont!
Missing character: There is no 景 ("666F) in font nullfont!
Missing character: There is no 的 ("7684) in font nullfont!
Missing character: There is no D ("44) in font nullfont!
Missing character: There is no S ("53) in font nullfont!
Missing character: There is no P ("50) in font nullfont!
Missing character: There is no 编 ("7F16) in font nullfont!
Missing character: There is no 译 ("8BD1) in font nullfont!
Missing character: There is no 器 ("5668) in font nullfont!
Missing character: There is no 专 ("4E13) in font nullfont!
Missing character: There is no 项 ("9879) in font nullfont!
Missing character: There is no 测 ("6D4B) in font nullfont!
Missing character: There is no 试 ("8BD5) in font nullfont!
Missing character: There is no 评 ("8BC4) in font nullfont!
Missing character: There is no 估 ("4F30) in font nullfont!
Missing character: There is no 体 ("4F53) in font nullfont!
Missing character: There is no 系 ("7CFB) in font nullfont!
Missing character: There is no ， ("FF0C) in font nullfont!
Missing character: There is no 为 ("4E3A) in font nullfont!
Missing character: There is no 后 ("540E) in font nullfont!
Missing character: There is no 端 ("7AEF) in font nullfont!
Missing character: There is no 优 ("4F18) in font nullfont!
Missing character: There is no 化 ("5316) in font nullfont!
Missing character: There is no 策 ("7B56) in font nullfont!
Missing character: There is no 略 ("7565) in font nullfont!
Missing character: There is no 的 ("7684) in font nullfont!
Missing character: There is no 有 ("6709) in font nullfont!
Missing character: There is no 效 ("6548) in font nullfont!
Missing character: There is no 性 ("6027) in font nullfont!
Missing character: There is no 验 ("9A8C) in font nullfont!
Missing character: There is no 证 ("8BC1) in font nullfont!
Missing character: There is no 与 ("4E0E) in font nullfont!
Missing character: There is no 工 ("5DE5) in font nullfont!
Missing character: There is no 具 ("5177) in font nullfont!
Missing character: There is no 链 ("94FE) in font nullfont!
Missing character: There is no 迭 ("8FED) in font nullfont!
Missing character: There is no 代 ("4EE3) in font nullfont!
Missing character: There is no 维 ("7EF4) in font nullfont!
Missing character: There is no 护 ("62A4) in font nullfont!
Missing character: There is no 提 ("63D0) in font nullfont!
Missing character: There is no 供 ("4F9B) in font nullfont!
Missing character: There is no 可 ("53EF) in font nullfont!
Missing character: There is no 靠 ("9760) in font nullfont!
Missing character: There is no 支 ("652F) in font nullfont!
Missing character: There is no 撑 ("6491) in font nullfont!
Missing character: There is no 。 ("3002) in font nullfont!

Overfull \hbox (20.0pt too wide) in paragraph at lines 24--25
[] 
 []

! Undefined control sequence.
l.30 \section
             {DSP编译器测试现状与改进}
The control sequence at the end of the top line
of your error message was never \def'ed. If you have
misspelled it (e.g., `\hobx'), type `I' and the correct
spelling (e.g., `I\hbox'). Otherwise just continue,
and I'll forget about whatever was undefined.

Missing character: There is no D ("44) in font nullfont!
Missing character: There is no S ("53) in font nullfont!
Missing character: There is no P ("50) in font nullfont!
Missing character: There is no 编 ("7F16) in font nullfont!
Missing character: There is no 译 ("8BD1) in font nullfont!
Missing character: There is no 器 ("5668) in font nullfont!
Missing character: There is no 测 ("6D4B) in font nullfont!
Missing character: There is no 试 ("8BD5) in font nullfont!
Missing character: There is no 现 ("73B0) in font nullfont!
Missing character: There is no 状 ("72B6) in font nullfont!
Missing character: There is no 与 ("4E0E) in font nullfont!
Missing character: There is no 改 ("6539) in font nullfont!
Missing character: There is no 进 ("8FDB) in font nullfont!

Overfull \hbox (20.0pt too wide) in paragraph at lines 30--31
[] 
 []

! Undefined control sequence.
l.34 \subsection
                {测试流程现状}
The control sequence at the end of the top line
of your error message was never \def'ed. If you have
misspelled it (e.g., `\hobx'), type `I' and the correct
spelling (e.g., `I\hbox'). Otherwise just continue,
and I'll forget about whatever was undefined.

Missing character: There is no 测 ("6D4B) in font nullfont!
Missing character: There is no 试 ("8BD5) in font nullfont!
Missing character: There is no 流 ("6D41) in font nullfont!
Missing character: There is no 程 ("7A0B) in font nullfont!
Missing character: There is no 现 ("73B0) in font nullfont!
Missing character: There is no 状 ("72B6) in font nullfont!
Missing character: There is no 在 ("5728) in font nullfont!
Missing character: There is no 当 ("5F53) in font nullfont!
Missing character: There is no 前 ("524D) in font nullfont!
Missing character: There is no 开 ("5F00) in font nullfont!
Missing character: There is no 发 ("53D1) in font nullfont!
Missing character: There is no 流 ("6D41) in font nullfont!
Missing character: There is no 程 ("7A0B) in font nullfont!
Missing character: There is no 中 ("4E2D) in font nullfont!
Missing character: There is no ， ("FF0C) in font nullfont!
Missing character: There is no 开 ("5F00) in font nullfont!
Missing character: There is no 发 ("53D1) in font nullfont!
Missing character: There is no 者 ("8005) in font nullfont!
Missing character: There is no 提 ("63D0) in font nullfont!
Missing character: There is no 交 ("4EA4) in font nullfont!
Missing character: There is no 代 ("4EE3) in font nullfont!
Missing character: There is no 码 ("7801) in font nullfont!
Missing character: There is no 后 ("540E) in font nullfont!
Missing character: There is no ， ("FF0C) in font nullfont!
Missing character: There is no C ("43) in font nullfont!
Missing character: There is no I ("49) in font nullfont!
Missing character: There is no 系 ("7CFB) in font nullfont!
Missing character: There is no 统 ("7EDF) in font nullfont!
Missing character: There is no 会 ("4F1A) in font nullfont!
Missing character: There is no 自 ("81EA) in font nullfont!
Missing character: There is no 动 ("52A8) in font nullfont!
Missing character: There is no 触 ("89E6) in font nullfont!
Missing character: There is no 发 ("53D1) in font nullfont!
Missing character: There is no 预 ("9884) in font nullfont!
Missing character: There is no 设 ("8BBE) in font nullfont!
Missing character: There is no 的 ("7684) in font nullfont!
Missing character: There is no 测 ("6D4B) in font nullfont!
Missing character: There is no 试 ("8BD5) in font nullfont!
Missing character: There is no 流 ("6D41) in font nullfont!
Missing character: There is no 程 ("7A0B) in font nullfont!
Missing character: There is no ， ("FF0C) in font nullfont!
Missing character: There is no 对 ("5BF9) in font nullfont!
Missing character: There is no 最 ("6700) in font nullfont!
Missing character: There is no 新 ("65B0) in font nullfont!
Missing character: There is no 版 ("7248) in font nullfont!
Missing character: There is no 本 ("672C) in font nullfont!
Missing character: There is no 的 ("7684) in font nullfont!
Missing character: There is no 编 ("7F16) in font nullfont!
Missing character: There is no 译 ("8BD1) in font nullfont!
Missing character: There is no 器 ("5668) in font nullfont!
Missing character: There is no 进 ("8FDB) in font nullfont!
Missing character: There is no 行 ("884C) in font nullfont!
Missing character: There is no 编 ("7F16) in font nullfont!
Missing character: There is no 译 ("8BD1) in font nullfont!
Missing character: There is no 与 ("4E0E) in font nullfont!
Missing character: There is no 功 ("529F) in font nullfont!
Missing character: There is no 能 ("80FD) in font nullfont!
Missing character: There is no 验 ("9A8C) in font nullfont!
Missing character: There is no 证 ("8BC1) in font nullfont!
Missing character: There is no 。 ("3002) in font nullfont!
Missing character: There is no 所 ("6240) in font nullfont!
Missing character: There is no 有 ("6709) in font nullfont!
Missing character: There is no 测 ("6D4B) in font nullfont!
Missing character: There is no 试 ("8BD5) in font nullfont!
Missing character: There is no 项 ("9879) in font nullfont!
Missing character: There is no 通 ("901A) in font nullfont!
Missing character: There is no 过 ("8FC7) in font nullfont!
Missing character: There is no 且 ("4E14) in font nullfont!
Missing character: There is no 经 ("7ECF) in font nullfont!
Missing character: There is no 项 ("9879) in font nullfont!
Missing character: There is no 目 ("76EE) in font nullfont!
Missing character: There is no 负 ("8D1F) in font nullfont!
Missing character: There is no 责 ("8D23) in font nullfont!
Missing character: There is no 人 ("4EBA) in font nullfont!
Missing character: There is no 审 ("5BA1) in font nullfont!
Missing character: There is no 核 ("6838) in font nullfont!
Missing character: There is no 批 ("6279) in font nullfont!
Missing character: There is no 准 ("51C6) in font nullfont!
Missing character: There is no 后 ("540E) in font nullfont!
Missing character: There is no ， ("FF0C) in font nullfont!
Missing character: There is no 相 ("76F8) in font nullfont!
Missing character: There is no 应 ("5E94) in font nullfont!
Missing character: There is no 代 ("4EE3) in font nullfont!
Missing character: There is no 码 ("7801) in font nullfont!
Missing character: There is no 方 ("65B9) in font nullfont!
Missing character: There is no 可 ("53EF) in font nullfont!
Missing character: There is no 合 ("5408) in font nullfont!
Missing character: There is no 并 ("5E76) in font nullfont!
Missing character: There is no 至 ("81F3) in font nullfont!
Missing character: There is no 主 ("4E3B) in font nullfont!
Missing character: There is no 分 ("5206) in font nullfont!
Missing character: There is no 支 ("652F) in font nullfont!
Missing character: There is no 。 ("3002) in font nullfont!
Missing character: There is no 该 ("8BE5) in font nullfont!
Missing character: There is no 测 ("6D4B) in font nullfont!
Missing character: There is no 试 ("8BD5) in font nullfont!
Missing character: There is no 流 ("6D41) in font nullfont!
Missing character: There is no 程 ("7A0B) in font nullfont!
Missing character: There is no 在 ("5728) in font nullfont!
Missing character: There is no 当 ("5F53) in font nullfont!
Missing character: There is no 前 ("524D) in font nullfont!
Missing character: There is no 开 ("5F00) in font nullfont!
Missing character: There is no 发 ("53D1) in font nullfont!
Missing character: There is no 阶 ("9636) in font nullfont!
Missing character: There is no 段 ("6BB5) in font nullfont!
Missing character: There is no 具 ("5177) in font nullfont!
Missing character: There is no 有 ("6709) in font nullfont!
Missing character: There is no 关 ("5173) in font nullfont!
Missing character: There is no 键 ("952E) in font nullfont!
Missing character: There is no 作 ("4F5C) in font nullfont!
Missing character: There is no 用 ("7528) in font nullfont!
Missing character: There is no ： ("FF1A) in font nullfont!
Missing character: There is no 一 ("4E00) in font nullfont!
Missing character: There is no 方 ("65B9) in font nullfont!
Missing character: There is no 面 ("9762) in font nullfont!
Missing character: There is no ， ("FF0C) in font nullfont!
Missing character: There is no 它 ("5B83) in font nullfont!
Missing character: There is no 能 ("80FD) in font nullfont!
Missing character: There is no 在 ("5728) in font nullfont!
Missing character: There is no 代 ("4EE3) in font nullfont!
Missing character: There is no 码 ("7801) in font nullfont!
Missing character: There is no 提 ("63D0) in font nullfont!
Missing character: There is no 交 ("4EA4) in font nullfont!
Missing character: There is no 早 ("65E9) in font nullfont!
Missing character: There is no 期 ("671F) in font nullfont!
Missing character: There is no 发 ("53D1) in font nullfont!
Missing character: There is no 现 ("73B0) in font nullfont!
Missing character: There is no 编 ("7F16) in font nullfont!
Missing character: There is no 译 ("8BD1) in font nullfont!
Missing character: There is no 错 ("9519) in font nullfont!
Missing character: There is no 误 ("8BEF) in font nullfont!
Missing character: There is no 、 ("3001) in font nullfont!
Missing character: There is no 链 ("94FE) in font nullfont!
Missing character: There is no 接 ("63A5) in font nullfont!
Missing character: There is no 问 ("95EE) in font nullfont!
Missing character: There is no 题 ("9898) in font nullfont!
Missing character: There is no 及 ("53CA) in font nullfont!
Missing character: There is no 显 ("663E) in font nullfont!
Missing character: There is no 著 ("8457) in font nullfont!
Missing character: There is no 的 ("7684) in font nullfont!
Missing character: There is no 功 ("529F) in font nullfont!
Missing character: There is no 能 ("80FD) in font nullfont!
Missing character: There is no 缺 ("7F3A) in font nullfont!
Missing character: There is no 陷 ("9677) in font nullfont!
Missing character: There is no ， ("FF0C) in font nullfont!
Missing character: There is no 从 ("4ECE) in font nullfont!
Missing character: There is no 而 ("800C) in font nullfont!
Missing character: There is no 保 ("4FDD) in font nullfont!
Missing character: There is no 障 ("969C) in font nullfont!
Missing character: There is no 主 ("4E3B) in font nullfont!
Missing character: There is no 分 ("5206) in font nullfont!
Missing character: There is no 支 ("652F) in font nullfont!
Missing character: There is no 代 ("4EE3) in font nullfont!
Missing character: There is no 码 ("7801) in font nullfont!
Missing character: There is no 的 ("7684) in font nullfont!
Missing character: There is no 基 ("57FA) in font nullfont!
Missing character: There is no 本 ("672C) in font nullfont!
Missing character: There is no 正 ("6B63) in font nullfont!
Missing character: There is no 确 ("786E) in font nullfont!
Missing character: There is no 性 ("6027) in font nullfont!
Missing character: There is no ； ("FF1B) in font nullfont!
Missing character: There is no 另 ("53E6) in font nullfont!
Missing character: There is no 一 ("4E00) in font nullfont!
Missing character: There is no 方 ("65B9) in font nullfont!
Missing character: There is no 面 ("9762) in font nullfont!
Missing character: There is no ， ("FF0C) in font nullfont!
Missing character: There is no 标 ("6807) in font nullfont!
Missing character: There is no 准 ("51C6) in font nullfont!
Missing character: There is no 化 ("5316) in font nullfont!
Missing character: There is no 的 ("7684) in font nullfont!
Missing character: There is no C ("43) in font nullfont!
Missing character: There is no I ("49) in font nullfont!
Missing character: There is no 流 ("6D41) in font nullfont!
Missing character: There is no 水 ("6C34) in font nullfont!
Missing character: There is no 线 ("7EBF) in font nullfont!
Missing character: There is no 实 ("5B9E) in font nullfont!
Missing character: There is no 现 ("73B0) in font nullfont!
Missing character: There is no 了 ("4E86) in font nullfont!
Missing character: There is no 测 ("6D4B) in font nullfont!
Missing character: There is no 试 ("8BD5) in font nullfont!
Missing character: There is no 过 ("8FC7) in font nullfont!
Missing character: There is no 程 ("7A0B) in font nullfont!
Missing character: There is no 的 ("7684) in font nullfont!
Missing character: There is no 自 ("81EA) in font nullfont!
Missing character: There is no 动 ("52A8) in font nullfont!
Missing character: There is no 化 ("5316) in font nullfont!
Missing character: There is no 与 ("4E0E) in font nullfont!
Missing character: There is no 统 ("7EDF) in font nullfont!
Missing character: There is no 一 ("4E00) in font nullfont!
Missing character: There is no 化 ("5316) in font nullfont!
Missing character: There is no ， ("FF0C) in font nullfont!
Missing character: There is no 减 ("51CF) in font nullfont!
Missing character: There is no 少 ("5C11) in font nullfont!
Missing character: There is no 了 ("4E86) in font nullfont!
Missing character: There is no 人 ("4EBA) in font nullfont!
Missing character: There is no 工 ("5DE5) in font nullfont!
Missing character: There is no 介 ("4ECB) in font nullfont!
Missing character: There is no 入 ("5165) in font nullfont!
Missing character: There is no ， ("FF0C) in font nullfont!
Missing character: There is no 有 ("6709) in font nullfont!
Missing character: There is no 效 ("6548) in font nullfont!
Missing character: There is no 降 ("964D) in font nullfont!
Missing character: There is no 低 ("4F4E) in font nullfont!
Missing character: There is no 了 ("4E86) in font nullfont!
Missing character: There is no 开 ("5F00) in font nullfont!
Missing character: There is no 发 ("53D1) in font nullfont!
Missing character: There is no 与 ("4E0E) in font nullfont!
Missing character: There is no 维 ("7EF4) in font nullfont!
Missing character: There is no 护 ("62A4) in font nullfont!
Missing character: There is no 成 ("6210) in font nullfont!
Missing character: There is no 本 ("672C) in font nullfont!
Missing character: There is no 。 ("3002) in font nullfont!

Overfull \hbox (20.0pt too wide) in paragraph at lines 34--36
[]
 []

Missing character: There is no 总 ("603B) in font nullfont!
Missing character: There is no 体 ("4F53) in font nullfont!
Missing character: There is no 而 ("800C) in font nullfont!
Missing character: There is no 言 ("8A00) in font nullfont!
Missing character: There is no ， ("FF0C) in font nullfont!
Missing character: There is no 现 ("73B0) in font nullfont!
Missing character: There is no 有 ("6709) in font nullfont!
Missing character: There is no 的 ("7684) in font nullfont!
Missing character: There is no 测 ("6D4B) in font nullfont!
Missing character: There is no 试 ("8BD5) in font nullfont!
Missing character: There is no 体 ("4F53) in font nullfont!
Missing character: There is no 系 ("7CFB) in font nullfont!
Missing character: There is no 已 ("5DF2) in font nullfont!
Missing character: There is no 具 ("5177) in font nullfont!
Missing character: There is no 备 ("5907) in font nullfont!
Missing character: There is no 验 ("9A8C) in font nullfont!
Missing character: There is no 证 ("8BC1) in font nullfont!
Missing character: There is no 功 ("529F) in font nullfont!
Missing character: There is no 能 ("80FD) in font nullfont!
Missing character: There is no 正 ("6B63) in font nullfont!
Missing character: There is no 确 ("786E) in font nullfont!
Missing character: There is no 性 ("6027) in font nullfont!
Missing character: There is no 的 ("7684) in font nullfont!
Missing character: There is no 基 ("57FA) in font nullfont!
Missing character: There is no 本 ("672C) in font nullfont!
Missing character: There is no 能 ("80FD) in font nullfont!
Missing character: There is no 力 ("529B) in font nullfont!
Missing character: There is no ， ("FF0C) in font nullfont!
Missing character: There is no 能 ("80FD) in font nullfont!
Missing character: There is no 够 ("591F) in font nullfont!
Missing character: There is no 有 ("6709) in font nullfont!
Missing character: There is no 效 ("6548) in font nullfont!
Missing character: There is no 发 ("53D1) in font nullfont!
Missing character: There is no 现 ("73B0) in font nullfont!
Missing character: There is no 明 ("660E) in font nullfont!
Missing character: There is no 显 ("663E) in font nullfont!
Missing character: There is no 错 ("9519) in font nullfont!
Missing character: There is no 误 ("8BEF) in font nullfont!
Missing character: There is no 和 ("548C) in font nullfont!
Missing character: There is no 功 ("529F) in font nullfont!
Missing character: There is no 能 ("80FD) in font nullfont!
Missing character: There is no 缺 ("7F3A) in font nullfont!
Missing character: There is no 陷 ("9677) in font nullfont!
Missing character: There is no ， ("FF0C) in font nullfont!
Missing character: There is no 阻 ("963B) in font nullfont!
Missing character: There is no 止 ("6B62) in font nullfont!
Missing character: There is no 重 ("91CD) in font nullfont!
Missing character: There is no 大 ("5927) in font nullfont!
Missing character: There is no 问 ("95EE) in font nullfont!
Missing character: There is no 题 ("9898) in font nullfont!
Missing character: There is no 进 ("8FDB) in font nullfont!
Missing character: There is no 入 ("5165) in font nullfont!
Missing character: There is no 主 ("4E3B) in font nullfont!
Missing character: There is no 分 ("5206) in font nullfont!
Missing character: There is no 支 ("652F) in font nullfont!
Missing character: There is no 。 ("3002) in font nullfont!
Missing character: There is no 然 ("7136) in font nullfont!
Missing character: There is no 而 ("800C) in font nullfont!
Missing character: There is no ， ("FF0C) in font nullfont!
Missing character: There is no 该 ("8BE5) in font nullfont!
Missing character: There is no 体 ("4F53) in font nullfont!
Missing character: There is no 系 ("7CFB) in font nullfont!
Missing character: There is no 主 ("4E3B) in font nullfont!
Missing character: There is no 要 ("8981) in font nullfont!
Missing character: There is no 以 ("4EE5) in font nullfont!
Missing character: There is no 测 ("6D4B) in font nullfont!
Missing character: There is no 试 ("8BD5) in font nullfont!
Missing character: There is no 是 ("662F) in font nullfont!
Missing character: There is no 否 ("5426) in font nullfont!
Missing character: There is no 通 ("901A) in font nullfont!
Missing character: There is no 过 ("8FC7) in font nullfont!
Missing character: There is no 作 ("4F5C) in font nullfont!
Missing character: There is no 为 ("4E3A) in font nullfont!
Missing character: There is no 判 ("5224) in font nullfont!
Missing character: There is no 断 ("65AD) in font nullfont!
Missing character: There is no 标 ("6807) in font nullfont!
Missing character: There is no 准 ("51C6) in font nullfont!
Missing character: There is no ， ("FF0C) in font nullfont!
Missing character: There is no 缺 ("7F3A) in font nullfont!
Missing character: There is no 乏 ("4E4F) in font nullfont!
Missing character: There is no 对 ("5BF9) in font nullfont!
Missing character: There is no 编 ("7F16) in font nullfont!
Missing character: There is no 译 ("8BD1) in font nullfont!
Missing character: There is no 器 ("5668) in font nullfont!
Missing character: There is no 优 ("4F18) in font nullfont!
Missing character: There is no 化 ("5316) in font nullfont!
Missing character: There is no 效 ("6548) in font nullfont!
Missing character: There is no 果 ("679C) in font nullfont!
Missing character: There is no 、 ("3001) in font nullfont!
Missing character: There is no 性 ("6027) in font nullfont!
Missing character: There is no 能 ("80FD) in font nullfont!
Missing character: There is no 变 ("53D8) in font nullfont!
Missing character: There is no 化 ("5316) in font nullfont!
Missing character: There is no 以 ("4EE5) in font nullfont!
Missing character: There is no 及 ("53CA) in font nullfont!
Missing character: There is no 复 ("590D) in font nullfont!
Missing character: There is no 杂 ("6742) in font nullfont!
Missing character: There is no 场 ("573A) in font nullfont!
Missing character: There is no 景 ("666F) in font nullfont!
Missing character: There is no 下 ("4E0B) in font nullfont!
Missing character: There is no 系 ("7CFB) in font nullfont!
Missing character: There is no 统 ("7EDF) in font nullfont!
Missing character: There is no 鲁 ("9C81) in font nullfont!
Missing character: There is no 棒 ("68D2) in font nullfont!
Missing character: There is no 性 ("6027) in font nullfont!
Missing character: There is no 的 ("7684) in font nullfont!
Missing character: There is no 评 ("8BC4) in font nullfont!
Missing character: There is no 估 ("4F30) in font nullfont!
Missing character: There is no 能 ("80FD) in font nullfont!
Missing character: There is no 力 ("529B) in font nullfont!
Missing character: There is no ， ("FF0C) in font nullfont!
Missing character: There is no 难 ("96BE) in font nullfont!
Missing character: There is no 以 ("4EE5) in font nullfont!
Missing character: There is no 满 ("6EE1) in font nullfont!
Missing character: There is no 足 ("8DB3) in font nullfont!
Missing character: There is no D ("44) in font nullfont!
Missing character: There is no S ("53) in font nullfont!
Missing character: There is no P ("50) in font nullfont!
Missing character: There is no 工 ("5DE5) in font nullfont!
Missing character: There is no 具 ("5177) in font nullfont!
Missing character: There is no 链 ("94FE) in font nullfont!
Missing character: There is no 对 ("5BF9) in font nullfont!
Missing character: There is no 高 ("9AD8) in font nullfont!
Missing character: There is no 性 ("6027) in font nullfont!
Missing character: There is no 能 ("80FD) in font nullfont!
Missing character: There is no 和 ("548C) in font nullfont!
Missing character: There is no 高 ("9AD8) in font nullfont!
Missing character: There is no 可 ("53EF) in font nullfont!
Missing character: There is no 靠 ("9760) in font nullfont!
Missing character: There is no 性 ("6027) in font nullfont!
Missing character: There is no 长 ("957F) in font nullfont!
Missing character: There is no 期 ("671F) in font nullfont!
Missing character: There is no 发 ("53D1) in font nullfont!
Missing character: There is no 展 ("5C55) in font nullfont!
Missing character: There is no 的 ("7684) in font nullfont!
Missing character: There is no 需 ("9700) in font nullfont!
Missing character: There is no 求 ("6C42) in font nullfont!
Missing character: There is no 。 ("3002) in font nullfont!
Missing character: There is no 具 ("5177) in font nullfont!
Missing character: There is no 体 ("4F53) in font nullfont!
Missing character: There is no 体 ("4F53) in font nullfont!
Missing character: There is no 现 ("73B0) in font nullfont!
Missing character: There is no 在 ("5728) in font nullfont!
Missing character: There is no 测 ("6D4B) in font nullfont!
Missing character: There is no 试 ("8BD5) in font nullfont!
Missing character: There is no 用 ("7528) in font nullfont!
Missing character: There is no 例 ("4F8B) in font nullfont!
Missing character: There is no 覆 ("8986) in font nullfont!
Missing character: There is no 盖 ("76D6) in font nullfont!
Missing character: There is no 率 ("7387) in font nullfont!
Missing character: There is no 不 ("4E0D) in font nullfont!
Missing character: There is no 足 ("8DB3) in font nullfont!
Missing character: There is no 以 ("4EE5) in font nullfont!
Missing character: There is no 及 ("53CA) in font nullfont!
Missing character: There is no 测 ("6D4B) in font nullfont!
Missing character: There is no 试 ("8BD5) in font nullfont!
Missing character: There is no 结 ("7ED3) in font nullfont!
Missing character: There is no 果 ("679C) in font nullfont!
Missing character: There is no 的 ("7684) in font nullfont!
Missing character: There is no 可 ("53EF) in font nullfont!
Missing character: There is no 读 ("8BFB) in font nullfont!
Missing character: There is no 性 ("6027) in font nullfont!
Missing character: There is no 和 ("548C) in font nullfont!
Missing character: There is no 分 ("5206) in font nullfont!
Missing character: There is no 析 ("6790) in font nullfont!
Missing character: There is no 能 ("80FD) in font nullfont!
Missing character: There is no 力 ("529B) in font nullfont!
Missing character: There is no 较 ("8F83) in font nullfont!
Missing character: There is no 弱 ("5F31) in font nullfont!
Missing character: There is no 这 ("8FD9) in font nullfont!
Missing character: There is no 两 ("4E24) in font nullfont!
Missing character: There is no 个 ("4E2A) in font nullfont!
Missing character: There is no 问 ("95EE) in font nullfont!
Missing character: There is no 题 ("9898) in font nullfont!
Missing character: There is no 上 ("4E0A) in font nullfont!
Missing character: There is no 。 ("3002) in font nullfont!

Overfull \hbox (20.0pt too wide) in paragraph at lines 39--40
[] 
 []

! Undefined control sequence.
l.42 \subsubsection
                   {1.测试集来源单一，场景覆盖局限于常见路径，缺乏随机化测试机制}
The control sequence at the end of the top line
of your error message was never \def'ed. If you have
misspelled it (e.g., `\hobx'), type `I' and the correct
spelling (e.g., `I\hbox'). Otherwise just continue,
and I'll forget about whatever was undefined.

Missing character: There is no 1 ("31) in font nullfont!
Missing character: There is no . ("2E) in font nullfont!
Missing character: There is no 测 ("6D4B) in font nullfont!
Missing character: There is no 试 ("8BD5) in font nullfont!
Missing character: There is no 集 ("96C6) in font nullfont!
Missing character: There is no 来 ("6765) in font nullfont!
Missing character: There is no 源 ("6E90) in font nullfont!
Missing character: There is no 单 ("5355) in font nullfont!
Missing character: There is no 一 ("4E00) in font nullfont!
Missing character: There is no ， ("FF0C) in font nullfont!
Missing character: There is no 场 ("573A) in font nullfont!
Missing character: There is no 景 ("666F) in font nullfont!
Missing character: There is no 覆 ("8986) in font nullfont!
Missing character: There is no 盖 ("76D6) in font nullfont!
Missing character: There is no 局 ("5C40) in font nullfont!
Missing character: There is no 限 ("9650) in font nullfont!
Missing character: There is no 于 ("4E8E) in font nullfont!
Missing character: There is no 常 ("5E38) in font nullfont!
Missing character: There is no 见 ("89C1) in font nullfont!
Missing character: There is no 路 ("8DEF) in font nullfont!
Missing character: There is no 径 ("5F84) in font nullfont!
Missing character: There is no ， ("FF0C) in font nullfont!
Missing character: There is no 缺 ("7F3A) in font nullfont!
Missing character: There is no 乏 ("4E4F) in font nullfont!
Missing character: There is no 随 ("968F) in font nullfont!
Missing character: There is no 机 ("673A) in font nullfont!
Missing character: There is no 化 ("5316) in font nullfont!
Missing character: There is no 测 ("6D4B) in font nullfont!
Missing character: There is no 试 ("8BD5) in font nullfont!
Missing character: There is no 机 ("673A) in font nullfont!
Missing character: There is no 制 ("5236) in font nullfont!
Missing character: There is no 测 ("6D4B) in font nullfont!
Missing character: There is no 试 ("8BD5) in font nullfont!
Missing character: There is no 用 ("7528) in font nullfont!
Missing character: There is no 例 ("4F8B) in font nullfont!
Missing character: There is no 的 ("7684) in font nullfont!
Missing character: There is no 覆 ("8986) in font nullfont!
Missing character: There is no 盖 ("76D6) in font nullfont!
Missing character: There is no 完 ("5B8C) in font nullfont!
Missing character: There is no 整 ("6574) in font nullfont!
Missing character: There is no 性 ("6027) in font nullfont!
Missing character: There is no 直 ("76F4) in font nullfont!
Missing character: There is no 接 ("63A5) in font nullfont!
Missing character: There is no 决 ("51B3) in font nullfont!
Missing character: There is no 定 ("5B9A) in font nullfont!
Missing character: There is no 了 ("4E86) in font nullfont!
Missing character: There is no D ("44) in font nullfont!
Missing character: There is no S ("53) in font nullfont!
Missing character: There is no P ("50) in font nullfont!
Missing character: There is no 工 ("5DE5) in font nullfont!
Missing character: There is no 具 ("5177) in font nullfont!
Missing character: There is no 链 ("94FE) in font nullfont!
Missing character: There is no 发 ("53D1) in font nullfont!
Missing character: There is no 现 ("73B0) in font nullfont!
Missing character: There is no 潜 ("6F5C) in font nullfont!
Missing character: There is no 在 ("5728) in font nullfont!
Missing character: There is no 缺 ("7F3A) in font nullfont!
Missing character: There is no 陷 ("9677) in font nullfont!
Missing character: There is no 的 ("7684) in font nullfont!
Missing character: There is no 能 ("80FD) in font nullfont!
Missing character: There is no 力 ("529B) in font nullfont!
Missing character: There is no 。 ("3002) in font nullfont!
Missing character: There is no 然 ("7136) in font nullfont!
Missing character: There is no 而 ("800C) in font nullfont!
Missing character: There is no ， ("FF0C) in font nullfont!
Missing character: There is no 现 ("73B0) in font nullfont!
Missing character: There is no 有 ("6709) in font nullfont!
Missing character: There is no D ("44) in font nullfont!
Missing character: There is no S ("53) in font nullfont!
Missing character: There is no P ("50) in font nullfont!
Missing character: There is no 工 ("5DE5) in font nullfont!
Missing character: There is no 具 ("5177) in font nullfont!
Missing character: There is no 链 ("94FE) in font nullfont!
Missing character: There is no 在 ("5728) in font nullfont!
Missing character: There is no 测 ("6D4B) in font nullfont!
Missing character: There is no 试 ("8BD5) in font nullfont!
Missing character: There is no 集 ("96C6) in font nullfont!
Missing character: There is no 构 ("6784) in font nullfont!
Missing character: There is no 成 ("6210) in font nullfont!
Missing character: There is no 与 ("4E0E) in font nullfont!
Missing character: There is no 场 ("573A) in font nullfont!
Missing character: There is no 景 ("666F) in font nullfont!
Missing character: There is no 覆 ("8986) in font nullfont!
Missing character: There is no 盖 ("76D6) in font nullfont!
Missing character: There is no 方 ("65B9) in font nullfont!
Missing character: There is no 面 ("9762) in font nullfont!
Missing character: There is no 仍 ("4ECD) in font nullfont!
Missing character: There is no 存 ("5B58) in font nullfont!
Missing character: There is no 在 ("5728) in font nullfont!
Missing character: There is no 明 ("660E) in font nullfont!
Missing character: There is no 显 ("663E) in font nullfont!
Missing character: There is no 不 ("4E0D) in font nullfont!
Missing character: There is no 足 ("8DB3) in font nullfont!
Missing character: There is no ， ("FF0C) in font nullfont!
Missing character: There is no 难 ("96BE) in font nullfont!
Missing character: There is no 以 ("4EE5) in font nullfont!
Missing character: There is no 对 ("5BF9) in font nullfont!
Missing character: There is no 核 ("6838) in font nullfont!
Missing character: There is no 心 ("5FC3) in font nullfont!
Missing character: There is no 编 ("7F16) in font nullfont!
Missing character: There is no 译 ("8BD1) in font nullfont!
Missing character: There is no 流 ("6D41) in font nullfont!
Missing character: There is no 程 ("7A0B) in font nullfont!
Missing character: There is no 的 ("7684) in font nullfont!
Missing character: There is no 鲁 ("9C81) in font nullfont!
Missing character: There is no 棒 ("68D2) in font nullfont!
Missing character: There is no 性 ("6027) in font nullfont!
Missing character: There is no 进 ("8FDB) in font nullfont!
Missing character: There is no 行 ("884C) in font nullfont!
Missing character: There is no 充 ("5145) in font nullfont!
Missing character: There is no 分 ("5206) in font nullfont!
Missing character: There is no 验 ("9A8C) in font nullfont!
Missing character: There is no 证 ("8BC1) in font nullfont!
Missing character: There is no 。 ("3002) in font nullfont!
Missing character: There is no 从 ("4ECE) in font nullfont!
Missing character: There is no 测 ("6D4B) in font nullfont!
Missing character: There is no 试 ("8BD5) in font nullfont!
Missing character: There is no 来 ("6765) in font nullfont!
Missing character: There is no 源 ("6E90) in font nullfont!
Missing character: There is no 来 ("6765) in font nullfont!
Missing character: There is no 看 ("770B) in font nullfont!
Missing character: There is no ， ("FF0C) in font nullfont!
Missing character: There is no 当 ("5F53) in font nullfont!
Missing character: There is no 前 ("524D) in font nullfont!
Missing character: There is no 测 ("6D4B) in font nullfont!
Missing character: There is no 试 ("8BD5) in font nullfont!
Missing character: There is no 集 ("96C6) in font nullfont!
Missing character: There is no 主 ("4E3B) in font nullfont!
Missing character: There is no 要 ("8981) in font nullfont!
Missing character: There is no 包 ("5305) in font nullfont!
Missing character: There is no 括 ("62EC) in font nullfont!
Missing character: There is no 以 ("4EE5) in font nullfont!
Missing character: There is no 下 ("4E0B) in font nullfont!
Missing character: There is no 三 ("4E09) in font nullfont!
Missing character: There is no 类 ("7C7B) in font nullfont!
Missing character: There is no ： ("FF1A) in font nullfont!

Overfull \hbox (20.0pt too wide) in paragraph at lines 42--44
[]
 []


Overfull \hbox (20.0pt too wide) in paragraph at lines 45--45
[] 
 []

Missing character: There is no 基 ("57FA) in font nullfont!
Missing character: There is no 于 ("4E8E) in font nullfont!
Missing character: There is no 库 ("5E93) in font nullfont!
Missing character: There is no 函 ("51FD) in font nullfont!
Missing character: There is no 数 ("6570) in font nullfont!
Missing character: There is no 的 ("7684) in font nullfont!
Missing character: There is no 手 ("624B) in font nullfont!
Missing character: There is no 写 ("5199) in font nullfont!
Missing character: There is no 测 ("6D4B) in font nullfont!
Missing character: There is no 试 ("8BD5) in font nullfont!
Missing character: There is no 用 ("7528) in font nullfont!
Missing character: There is no 例 ("4F8B) in font nullfont!
Missing character: There is no ： ("FF1A) in font nullfont!
Missing character: There is no 围 ("56F4) in font nullfont!
Missing character: There is no 绕 ("7ED5) in font nullfont!
Missing character: There is no 基 ("57FA) in font nullfont!
Missing character: There is no 础 ("7840) in font nullfont!
Missing character: There is no 功 ("529F) in font nullfont!
Missing character: There is no 能 ("80FD) in font nullfont!
Missing character: There is no 验 ("9A8C) in font nullfont!
Missing character: There is no 证 ("8BC1) in font nullfont!
Missing character: There is no 设 ("8BBE) in font nullfont!
Missing character: There is no 计 ("8BA1) in font nullfont!
Missing character: There is no ， ("FF0C) in font nullfont!
Missing character: There is no 重 ("91CD) in font nullfont!
Missing character: There is no 点 ("70B9) in font nullfont!
Missing character: There is no 覆 ("8986) in font nullfont!
Missing character: There is no 盖 ("76D6) in font nullfont!
Missing character: There is no C ("43) in font nullfont!
Missing character: There is no 标 ("6807) in font nullfont!
Missing character: There is no 准 ("51C6) in font nullfont!
Missing character: There is no 库 ("5E93) in font nullfont!
Missing character: There is no 、 ("3001) in font nullfont!
Missing character: There is no 数 ("6570) in font nullfont!
Missing character: There is no 学 ("5B66) in font nullfont!
Missing character: There is no 库 ("5E93) in font nullfont!
Missing character: There is no 以 ("4EE5) in font nullfont!
Missing character: There is no 及 ("53CA) in font nullfont!
Missing character: There is no 运 ("8FD0) in font nullfont!
Missing character: There is no 行 ("884C) in font nullfont!
Missing character: There is no 时 ("65F6) in font nullfont!
Missing character: There is no 支 ("652F) in font nullfont!
Missing character: There is no 持 ("6301) in font nullfont!
Missing character: There is no 库 ("5E93) in font nullfont!
Missing character: There is no 等 ("7B49) in font nullfont!
Missing character: There is no 核 ("6838) in font nullfont!
Missing character: There is no 心 ("5FC3) in font nullfont!
Missing character: There is no 库 ("5E93) in font nullfont!
Missing character: There is no 函 ("51FD) in font nullfont!
Missing character: There is no 数 ("6570) in font nullfont!
Missing character: There is no 的 ("7684) in font nullfont!
Missing character: There is no 调 ("8C03) in font nullfont!
Missing character: There is no 用 ("7528) in font nullfont!
Missing character: There is no 场 ("573A) in font nullfont!
Missing character: There is no 景 ("666F) in font nullfont!
Missing character: There is no 。 ("3002) in font nullfont!
Missing character: There is no 移 ("79FB) in font nullfont!
Missing character: There is no 植 ("690D) in font nullfont!
Missing character: There is no 的 ("7684) in font nullfont!
Missing character: There is no 开 ("5F00) in font nullfont!
Missing character: There is no 源 ("6E90) in font nullfont!
Missing character: There is no B ("42) in font nullfont!
Missing character: There is no e ("65) in font nullfont!
Missing character: There is no n ("6E) in font nullfont!
Missing character: There is no c ("63) in font nullfont!
Missing character: There is no h ("68) in font nullfont!
Missing character: There is no m ("6D) in font nullfont!
Missing character: There is no a ("61) in font nullfont!
Missing character: There is no r ("72) in font nullfont!
Missing character: There is no k ("6B) in font nullfont!
Missing character: There is no 程 ("7A0B) in font nullfont!
Missing character: There is no 序 ("5E8F) in font nullfont!
Missing character: There is no ： ("FF1A) in font nullfont!
Missing character: There is no 以 ("4EE5) in font nullfont!
Missing character: There is no 通 ("901A) in font nullfont!
Missing character: There is no 用 ("7528) in font nullfont!
Missing character: There is no 计 ("8BA1) in font nullfont!
Missing character: There is no 算 ("7B97) in font nullfont!
Missing character: There is no 或 ("6216) in font nullfont!
Missing character: There is no 嵌 ("5D4C) in font nullfont!
Missing character: There is no 入 ("5165) in font nullfont!
Missing character: There is no 式 ("5F0F) in font nullfont!
Missing character: There is no 系 ("7CFB) in font nullfont!
Missing character: There is no 统 ("7EDF) in font nullfont!
Missing character: There is no 性 ("6027) in font nullfont!
Missing character: There is no 能 ("80FD) in font nullfont!
Missing character: There is no 评 ("8BC4) in font nullfont!
Missing character: There is no 估 ("4F30) in font nullfont!
Missing character: There is no 为 ("4E3A) in font nullfont!
Missing character: There is no 目 ("76EE) in font nullfont!
Missing character: There is no 标 ("6807) in font nullfont!
Missing character: There is no ， ("FF0C) in font nullfont!
Missing character: There is no 用 ("7528) in font nullfont!
Missing character: There is no 于 ("4E8E) in font nullfont!
Missing character: There is no 衡 ("8861) in font nullfont!
Missing character: There is no 量 ("91CF) in font nullfont!
Missing character: There is no 工 ("5DE5) in font nullfont!
Missing character: There is no 具 ("5177) in font nullfont!
Missing character: There is no 链 ("94FE) in font nullfont!
Missing character: There is no 在 ("5728) in font nullfont!
Missing character: There is no 典 ("5178) in font nullfont!
Missing character: There is no 型 ("578B) in font nullfont!
Missing character: There is no 应 ("5E94) in font nullfont!
Missing character: There is no 用 ("7528) in font nullfont!
Missing character: There is no 负 ("8D1F) in font nullfont!
Missing character: There is no 载 ("8F7D) in font nullfont!
Missing character: There is no 下 ("4E0B) in font nullfont!
Missing character: There is no 的 ("7684) in font nullfont!
Missing character: There is no 性 ("6027) in font nullfont!
Missing character: There is no 能 ("80FD) in font nullfont!
Missing character: There is no 表 ("8868) in font nullfont!
Missing character: There is no 现 ("73B0) in font nullfont!
Missing character: There is no 。 ("3002) in font nullfont!
Missing character: There is no 已 ("5DF2) in font nullfont!
Missing character: There is no 知 ("77E5) in font nullfont!
Missing character: There is no 缺 ("7F3A) in font nullfont!
Missing character: There is no 陷 ("9677) in font nullfont!
Missing character: There is no 的 ("7684) in font nullfont!
Missing character: There is no 最 ("6700) in font nullfont!
Missing character: There is no 小 ("5C0F) in font nullfont!
Missing character: There is no 复 ("590D) in font nullfont!
Missing character: There is no 现 ("73B0) in font nullfont!
Missing character: There is no 样 ("6837) in font nullfont!
Missing character: There is no 例 ("4F8B) in font nullfont!
Missing character: There is no ： ("FF1A) in font nullfont!
Missing character: There is no 开 ("5F00) in font nullfont!
Missing character: There is no 发 ("53D1) in font nullfont!
Missing character: There is no 过 ("8FC7) in font nullfont!
Missing character: There is no 程 ("7A0B) in font nullfont!
Missing character: There is no 中 ("4E2D) in font nullfont!
Missing character: There is no 针 ("9488) in font nullfont!
Missing character: There is no 对 ("5BF9) in font nullfont!
Missing character: There is no 已 ("5DF2) in font nullfont!
Missing character: There is no 暴 ("66B4) in font nullfont!
Missing character: There is no 露 ("9732) in font nullfont!
Missing character: There is no 的 ("7684) in font nullfont!
Missing character: There is no 问 ("95EE) in font nullfont!
Missing character: There is no 题 ("9898) in font nullfont!
Missing character: There is no 提 ("63D0) in font nullfont!
Missing character: There is no 取 ("53D6) in font nullfont!
Missing character: There is no 出 ("51FA) in font nullfont!
Missing character: There is no 的 ("7684) in font nullfont!
Missing character: There is no 最 ("6700) in font nullfont!
Missing character: There is no 小 ("5C0F) in font nullfont!
Missing character: There is no 测 ("6D4B) in font nullfont!
Missing character: There is no 试 ("8BD5) in font nullfont!
Missing character: There is no 用 ("7528) in font nullfont!
Missing character: There is no 例 ("4F8B) in font nullfont!
Missing character: There is no ， ("FF0C) in font nullfont!
Missing character: There is no 用 ("7528) in font nullfont!
Missing character: There is no 于 ("4E8E) in font nullfont!
Missing character: There is no 回 ("56DE) in font nullfont!
Missing character: There is no 归 ("5F52) in font nullfont!
Missing character: There is no 测 ("6D4B) in font nullfont!
Missing character: There is no 试 ("8BD5) in font nullfont!
Missing character: There is no ， ("FF0C) in font nullfont!
Missing character: There is no 防 ("9632) in font nullfont!
Missing character: There is no 止 ("6B62) in font nullfont!
Missing character: There is no 同 ("540C) in font nullfont!
Missing character: There is no 类 ("7C7B) in font nullfont!
Missing character: There is no 缺 ("7F3A) in font nullfont!
Missing character: There is no 陷 ("9677) in font nullfont!
Missing character: There is no 再 ("518D) in font nullfont!
Missing character: There is no 次 ("6B21) in font nullfont!
Missing character: There is no 引 ("5F15) in font nullfont!
Missing character: There is no 入 ("5165) in font nullfont!
Missing character: There is no 。 ("3002) in font nullfont!
Missing character: There is no 上 ("4E0A) in font nullfont!
Missing character: There is no 述 ("8FF0) in font nullfont!
Missing character: There is no 测 ("6D4B) in font nullfont!
Missing character: There is no 试 ("8BD5) in font nullfont!
Missing character: There is no 用 ("7528) in font nullfont!
Missing character: There is no 例 ("4F8B) in font nullfont!
Missing character: There is no 在 ("5728) in font nullfont!
Missing character: There is no 验 ("9A8C) in font nullfont!
Missing character: There is no 证 ("8BC1) in font nullfont!
Missing character: There is no 工 ("5DE5) in font nullfont!
Missing character: There is no 具 ("5177) in font nullfont!
Missing character: There is no 链 ("94FE) in font nullfont!
Missing character: There is no 基 ("57FA) in font nullfont!
Missing character: There is no 础 ("7840) in font nullfont!
Missing character: There is no 功 ("529F) in font nullfont!
Missing character: There is no 能 ("80FD) in font nullfont!
Missing character: There is no 正 ("6B63) in font nullfont!
Missing character: There is no 确 ("786E) in font nullfont!
Missing character: There is no 性 ("6027) in font nullfont!
Missing character: There is no 以 ("4EE5) in font nullfont!
Missing character: There is no 及 ("53CA) in font nullfont!
Missing character: There is no 复 ("590D) in font nullfont!
Missing character: There is no 现 ("73B0) in font nullfont!
Missing character: There is no 已 ("5DF2) in font nullfont!
Missing character: There is no 知 ("77E5) in font nullfont!
Missing character: There is no 缺 ("7F3A) in font nullfont!
Missing character: There is no 陷 ("9677) in font nullfont!
Missing character: There is no 方 ("65B9) in font nullfont!
Missing character: There is no 面 ("9762) in font nullfont!
Missing character: There is no 具 ("5177) in font nullfont!
Missing character: There is no 有 ("6709) in font nullfont!
Missing character: There is no 一 ("4E00) in font nullfont!
Missing character: There is no 定 ("5B9A) in font nullfont!
Missing character: There is no 价 ("4EF7) in font nullfont!
Missing character: There is no 值 ("503C) in font nullfont!
Missing character: There is no ， ("FF0C) in font nullfont!
Missing character: There is no 但 ("4F46) in font nullfont!
Missing character: There is no 其 ("5176) in font nullfont!
Missing character: There is no 整 ("6574) in font nullfont!
Missing character: There is no 体 ("4F53) in font nullfont!
Missing character: There is no 覆 ("8986) in font nullfont!
Missing character: There is no 盖 ("76D6) in font nullfont!
Missing character: There is no 范 ("8303) in font nullfont!
Missing character: There is no 围 ("56F4) in font nullfont!
Missing character: There is no 仍 ("4ECD) in font nullfont!
Missing character: There is no 然 ("7136) in font nullfont!
Missing character: There is no 较 ("8F83) in font nullfont!
Missing character: There is no 为 ("4E3A) in font nullfont!
Missing character: There is no 有 ("6709) in font nullfont!
Missing character: There is no 限 ("9650) in font nullfont!
Missing character: There is no 。 ("3002) in font nullfont!
Missing character: There is no 主 ("4E3B) in font nullfont!
Missing character: There is no 要 ("8981) in font nullfont!
Missing character: There is no 原 ("539F) in font nullfont!
Missing character: There is no 因 ("56E0) in font nullfont!
Missing character: There is no 在 ("5728) in font nullfont!
Missing character: There is no 于 ("4E8E) in font nullfont!
Missing character: There is no 测 ("6D4B) in font nullfont!
Missing character: There is no 试 ("8BD5) in font nullfont!
Missing character: There is no 用 ("7528) in font nullfont!
Missing character: There is no 例 ("4F8B) in font nullfont!
Missing character: There is no 的 ("7684) in font nullfont!
Missing character: There is no 设 ("8BBE) in font nullfont!
Missing character: There is no 计 ("8BA1) in font nullfont!
Missing character: There is no 高 ("9AD8) in font nullfont!
Missing character: There is no 度 ("5EA6) in font nullfont!
Missing character: There is no 依 ("4F9D) in font nullfont!
Missing character: There is no 赖 ("8D56) in font nullfont!
Missing character: There is no 人 ("4EBA) in font nullfont!
Missing character: There is no 工 ("5DE5) in font nullfont!
Missing character: There is no 经 ("7ECF) in font nullfont!
Missing character: There is no 验 ("9A8C) in font nullfont!
Missing character: There is no ， ("FF0C) in font nullfont!
Missing character: There is no 多 ("591A) in font nullfont!
Missing character: There is no 集 ("96C6) in font nullfont!
Missing character: There is no 中 ("4E2D) in font nullfont!
Missing character: There is no 于 ("4E8E) in font nullfont!
Missing character: There is no 常 ("5E38) in font nullfont!
Missing character: There is no 规 ("89C4) in font nullfont!
Missing character: There is no 的 ("7684) in font nullfont!
Missing character: There is no 库 ("5E93) in font nullfont!
Missing character: There is no 函 ("51FD) in font nullfont!
Missing character: There is no 数 ("6570) in font nullfont!
Missing character: There is no 调 ("8C03) in font nullfont!
Missing character: There is no 用 ("7528) in font nullfont!
Missing character: There is no 路 ("8DEF) in font nullfont!
Missing character: There is no 径 ("5F84) in font nullfont!
Missing character: There is no 与 ("4E0E) in font nullfont!
Missing character: There is no 标 ("6807) in font nullfont!
Missing character: There is no 准 ("51C6) in font nullfont!
Missing character: There is no 输 ("8F93) in font nullfont!
Missing character: There is no 入 ("5165) in font nullfont!
Missing character: There is no 输 ("8F93) in font nullfont!
Missing character: There is no 出 ("51FA) in font nullfont!
Missing character: There is no 场 ("573A) in font nullfont!
Missing character: There is no 景 ("666F) in font nullfont!
Missing character: There is no ， ("FF0C) in font nullfont!
Missing character: There is no 对 ("5BF9) in font nullfont!
Missing character: There is no 于 ("4E8E) in font nullfont!
Missing character: There is no 极 ("6781) in font nullfont!
Missing character: There is no 端 ("7AEF) in font nullfont!
Missing character: There is no 数 ("6570) in font nullfont!
Missing character: There is no 据 ("636E) in font nullfont!
Missing character: There is no 类 ("7C7B) in font nullfont!
Missing character: There is no 型 ("578B) in font nullfont!
Missing character: There is no 、 ("3001) in font nullfont!
Missing character: There is no 异 ("5F02) in font nullfont!
Missing character: There is no 常 ("5E38) in font nullfont!
Missing character: There is no 输 ("8F93) in font nullfont!
Missing character: There is no 入 ("5165) in font nullfont!
Missing character: There is no 组 ("7EC4) in font nullfont!
Missing character: There is no 合 ("5408) in font nullfont!
Missing character: There is no 、 ("3001) in font nullfont!
Missing character: There is no 复 ("590D) in font nullfont!
Missing character: There is no 杂 ("6742) in font nullfont!
Missing character: There is no 控 ("63A7) in font nullfont!
Missing character: There is no 制 ("5236) in font nullfont!
Missing character: There is no 流 ("6D41) in font nullfont!
Missing character: There is no 结 ("7ED3) in font nullfont!
Missing character: There is no 构 ("6784) in font nullfont!
Missing character: There is no 以 ("4EE5) in font nullfont!
Missing character: There is no 及 ("53CA) in font nullfont!
Missing character: There is no 并 ("5E76) in font nullfont!
Missing character: There is no 发 ("53D1) in font nullfont!
Missing character: There is no 与 ("4E0E) in font nullfont!
Missing character: There is no 实 ("5B9E) in font nullfont!
Missing character: There is no 时 ("65F6) in font nullfont!
Missing character: There is no 性 ("6027) in font nullfont!
Missing character: There is no 等 ("7B49) in font nullfont!
Missing character: There is no 边 ("8FB9) in font nullfont!
Missing character: There is no 界 ("754C) in font nullfont!
Missing character: There is no 条 ("6761) in font nullfont!
Missing character: There is no 件 ("4EF6) in font nullfont!
Missing character: There is no 缺 ("7F3A) in font nullfont!
Missing character: There is no 乏 ("4E4F) in font nullfont!
Missing character: There is no 系 ("7CFB) in font nullfont!
Missing character: There is no 统 ("7EDF) in font nullfont!
Missing character: There is no 性 ("6027) in font nullfont!
Missing character: There is no 的 ("7684) in font nullfont!
Missing character: There is no 覆 ("8986) in font nullfont!
Missing character: There is no 盖 ("76D6) in font nullfont!
Missing character: There is no 。 ("3002) in font nullfont!

Overfull \hbox (20.0pt too wide) in paragraph at lines 57--58
[] 
 []

Missing character: There is no 这 ("8FD9) in font nullfont!
Missing character: There is no 种 ("79CD) in font nullfont!
Missing character: There is no 覆 ("8986) in font nullfont!
Missing character: There is no 盖 ("76D6) in font nullfont!
Missing character: There is no 不 ("4E0D) in font nullfont!
Missing character: There is no 足 ("8DB3) in font nullfont!
Missing character: There is no 会 ("4F1A) in font nullfont!
Missing character: There is no 直 ("76F4) in font nullfont!
Missing character: There is no 接 ("63A5) in font nullfont!
Missing character: There is no 引 ("5F15) in font nullfont!
Missing character: There is no 发 ("53D1) in font nullfont!
Missing character: There is no 两 ("4E24) in font nullfont!
Missing character: There is no 类 ("7C7B) in font nullfont!
Missing character: There is no 工 ("5DE5) in font nullfont!
Missing character: There is no 程 ("7A0B) in font nullfont!
Missing character: There is no 风 ("98CE) in font nullfont!
Missing character: There is no 险 ("9669) in font nullfont!
Missing character: There is no 。 ("3002) in font nullfont!
Missing character: There is no 第 ("7B2C) in font nullfont!
Missing character: There is no 一 ("4E00) in font nullfont!
Missing character: There is no ， ("FF0C) in font nullfont!
Missing character: There is no 工 ("5DE5) in font nullfont!
Missing character: There is no 具 ("5177) in font nullfont!
Missing character: There is no 链 ("94FE) in font nullfont!
Missing character: There is no 在 ("5728) in font nullfont!
Missing character: There is no 典 ("5178) in font nullfont!
Missing character: There is no 型 ("578B) in font nullfont!
Missing character: There is no 应 ("5E94) in font nullfont!
Missing character: There is no 用 ("7528) in font nullfont!
Missing character: There is no 环 ("73AF) in font nullfont!
Missing character: There is no 境 ("5883) in font nullfont!
Missing character: There is no 中 ("4E2D) in font nullfont!
Missing character: There is no 表 ("8868) in font nullfont!
Missing character: There is no 现 ("73B0) in font nullfont!
Missing character: There is no 正 ("6B63) in font nullfont!
Missing character: There is no 常 ("5E38) in font nullfont!
Missing character: There is no ， ("FF0C) in font nullfont!
Missing character: There is no 但 ("4F46) in font nullfont!
Missing character: There is no 在 ("5728) in font nullfont!
Missing character: There is no 特 ("7279) in font nullfont!
Missing character: There is no 定 ("5B9A) in font nullfont!
Missing character: There is no 的 ("7684) in font nullfont!
Missing character: There is no 应 ("5E94) in font nullfont!
Missing character: There is no 用 ("7528) in font nullfont!
Missing character: There is no 场 ("573A) in font nullfont!
Missing character: There is no 景 ("666F) in font nullfont!
Missing character: There is no 或 ("6216) in font nullfont!
Missing character: There is no 极 ("6781) in font nullfont!
Missing character: There is no 端 ("7AEF) in font nullfont!
Missing character: There is no 条 ("6761) in font nullfont!
Missing character: There is no 件 ("4EF6) in font nullfont!
Missing character: There is no 下 ("4E0B) in font nullfont!
Missing character: There is no 可 ("53EF) in font nullfont!
Missing character: There is no 能 ("80FD) in font nullfont!
Missing character: There is no 出 ("51FA) in font nullfont!
Missing character: There is no 现 ("73B0) in font nullfont!
Missing character: There is no 逻 ("903B) in font nullfont!
Missing character: There is no 辑 ("8F91) in font nullfont!
Missing character: There is no 错 ("9519) in font nullfont!
Missing character: There is no 误 ("8BEF) in font nullfont!
Missing character: There is no 或 ("6216) in font nullfont!
Missing character: There is no 功 ("529F) in font nullfont!
Missing character: There is no 能 ("80FD) in font nullfont!
Missing character: There is no 异 ("5F02) in font nullfont!
Missing character: There is no 常 ("5E38) in font nullfont!
Missing character: There is no 。 ("3002) in font nullfont!
Missing character: There is no 第 ("7B2C) in font nullfont!
Missing character: There is no 二 ("4E8C) in font nullfont!
Missing character: There is no ， ("FF0C) in font nullfont!
Missing character: There is no 编 ("7F16) in font nullfont!
Missing character: There is no 译 ("8BD1) in font nullfont!
Missing character: There is no 器 ("5668) in font nullfont!
Missing character: There is no 内 ("5185) in font nullfont!
Missing character: There is no 部 ("90E8) in font nullfont!
Missing character: There is no 条 ("6761) in font nullfont!
Missing character: There is no 件 ("4EF6) in font nullfont!
Missing character: There is no 引 ("5F15) in font nullfont!
Missing character: There is no 发 ("53D1) in font nullfont!
Missing character: There is no 的 ("7684) in font nullfont!
Missing character: There is no 缺 ("7F3A) in font nullfont!
Missing character: There is no 陷 ("9677) in font nullfont!
Missing character: There is no 难 ("96BE) in font nullfont!
Missing character: There is no 以 ("4EE5) in font nullfont!
Missing character: There is no 提 ("63D0) in font nullfont!
Missing character: There is no 前 ("524D) in font nullfont!
Missing character: There is no 检 ("68C0) in font nullfont!
Missing character: There is no 测 ("6D4B) in font nullfont!
Missing character: There is no ， ("FF0C) in font nullfont!
Missing character: There is no 这 ("8FD9) in font nullfont!
Missing character: There is no 类 ("7C7B) in font nullfont!
Missing character: There is no 缺 ("7F3A) in font nullfont!
Missing character: There is no 陷 ("9677) in font nullfont!
Missing character: There is no 通 ("901A) in font nullfont!
Missing character: There is no 常 ("5E38) in font nullfont!
Missing character: There is no 仅 ("4EC5) in font nullfont!
Missing character: There is no 出 ("51FA) in font nullfont!
Missing character: There is no 现 ("73B0) in font nullfont!
Missing character: There is no 在 ("5728) in font nullfont!
Missing character: There is no 特 ("7279) in font nullfont!
Missing character: There is no 定 ("5B9A) in font nullfont!
Missing character: There is no 的 ("7684) in font nullfont!
Missing character: There is no 指 ("6307) in font nullfont!
Missing character: There is no 令 ("4EE4) in font nullfont!
Missing character: There is no 组 ("7EC4) in font nullfont!
Missing character: There is no 合 ("5408) in font nullfont!
Missing character: There is no 或 ("6216) in font nullfont!
Missing character: There is no 数 ("6570) in font nullfont!
Missing character: There is no 据 ("636E) in font nullfont!
Missing character: There is no 模 ("6A21) in font nullfont!
Missing character: There is no 式 ("5F0F) in font nullfont!
Missing character: There is no 下 ("4E0B) in font nullfont!
Missing character: There is no ， ("FF0C) in font nullfont!
Missing character: There is no 例 ("4F8B) in font nullfont!
Missing character: There is no 如 ("5982) in font nullfont!
Missing character: There is no 指 ("6307) in font nullfont!
Missing character: There is no 令 ("4EE4) in font nullfont!
Missing character: There is no 选 ("9009) in font nullfont!
Missing character: There is no 择 ("62E9) in font nullfont!
Missing character: There is no 阶 ("9636) in font nullfont!
Missing character: There is no 段 ("6BB5) in font nullfont!
Missing character: There is no 的 ("7684) in font nullfont!
Missing character: There is no 模 ("6A21) in font nullfont!
Missing character: There is no 式 ("5F0F) in font nullfont!
Missing character: There is no 识 ("8BC6) in font nullfont!
Missing character: There is no 别 ("522B) in font nullfont!
Missing character: There is no 错 ("9519) in font nullfont!
Missing character: There is no 误 ("8BEF) in font nullfont!
Missing character: There is no 、 ("3001) in font nullfont!
Missing character: There is no 寄 ("5BC4) in font nullfont!
Missing character: There is no 存 ("5B58) in font nullfont!
Missing character: There is no 器 ("5668) in font nullfont!
Missing character: There is no 分 ("5206) in font nullfont!
Missing character: There is no 配 ("914D) in font nullfont!
Missing character: There is no 中 ("4E2D) in font nullfont!
Missing character: There is no 的 ("7684) in font nullfont!
Missing character: There is no 资 ("8D44) in font nullfont!
Missing character: There is no 源 ("6E90) in font nullfont!
Missing character: There is no 冲 ("51B2) in font nullfont!
Missing character: There is no 突 ("7A81) in font nullfont!
Missing character: There is no ， ("FF0C) in font nullfont!
Missing character: There is no 或 ("6216) in font nullfont!
Missing character: There is no 是 ("662F) in font nullfont!
Missing character: There is no 优 ("4F18) in font nullfont!
Missing character: There is no 化 ("5316) in font nullfont!
Missing character: There is no 转 ("8F6C) in font nullfont!
Missing character: There is no 换 ("6362) in font nullfont!
Missing character: There is no 过 ("8FC7) in font nullfont!
Missing character: There is no 程 ("7A0B) in font nullfont!
Missing character: There is no 中 ("4E2D) in font nullfont!
Missing character: There is no 产 ("4EA7) in font nullfont!
Missing character: There is no 生 ("751F) in font nullfont!
Missing character: There is no 的 ("7684) in font nullfont!
Missing character: There is no 语 ("8BED) in font nullfont!
Missing character: There is no 义 ("4E49) in font nullfont!
Missing character: There is no 偏 ("504F) in font nullfont!
Missing character: There is no 差 ("5DEE) in font nullfont!
Missing character: There is no 。 ("3002) in font nullfont!
Missing character: There is no 如 ("5982) in font nullfont!
Missing character: There is no 果 ("679C) in font nullfont!
Missing character: There is no 这 ("8FD9) in font nullfont!
Missing character: There is no 些 ("4E9B) in font nullfont!
Missing character: There is no 问 ("95EE) in font nullfont!
Missing character: There is no 题 ("9898) in font nullfont!
Missing character: There is no 在 ("5728) in font nullfont!
Missing character: There is no 测 ("6D4B) in font nullfont!
Missing character: There is no 试 ("8BD5) in font nullfont!
Missing character: There is no 阶 ("9636) in font nullfont!
Missing character: There is no 段 ("6BB5) in font nullfont!
Missing character: There is no 未 ("672A) in font nullfont!
Missing character: There is no 能 ("80FD) in font nullfont!
Missing character: There is no 被 ("88AB) in font nullfont!
Missing character: There is no 及 ("53CA) in font nullfont!
Missing character: There is no 时 ("65F6) in font nullfont!
Missing character: There is no 发 ("53D1) in font nullfont!
Missing character: There is no 现 ("73B0) in font nullfont!
Missing character: There is no ， ("FF0C) in font nullfont!
Missing character: There is no 就 ("5C31) in font nullfont!
Missing character: There is no 可 ("53EF) in font nullfont!
Missing character: There is no 能 ("80FD) in font nullfont!
Missing character: There is no 在 ("5728) in font nullfont!
Missing character: There is no 实 ("5B9E) in font nullfont!
Missing character: There is no 际 ("9645) in font nullfont!
Missing character: There is no 运 ("8FD0) in font nullfont!
Missing character: There is no 行 ("884C) in font nullfont!
Missing character: There is no 环 ("73AF) in font nullfont!
Missing character: There is no 境 ("5883) in font nullfont!
Missing character: There is no 中 ("4E2D) in font nullfont!
Missing character: There is no 引 ("5F15) in font nullfont!
Missing character: There is no 发 ("53D1) in font nullfont!
Missing character: There is no 崩 ("5D29) in font nullfont!
Missing character: There is no 溃 ("6E83) in font nullfont!
Missing character: There is no 或 ("6216) in font nullfont!
Missing character: There is no 性 ("6027) in font nullfont!
Missing character: There is no 能 ("80FD) in font nullfont!
Missing character: There is no 异 ("5F02) in font nullfont!
Missing character: There is no 常 ("5E38) in font nullfont!
Missing character: There is no ， ("FF0C) in font nullfont!
Missing character: There is no 造 ("9020) in font nullfont!
Missing character: There is no 成 ("6210) in font nullfont!
Missing character: There is no 严 ("4E25) in font nullfont!
Missing character: There is no 重 ("91CD) in font nullfont!
Missing character: There is no 后 ("540E) in font nullfont!
Missing character: There is no 果 ("679C) in font nullfont!
Missing character: There is no 。 ("3002) in font nullfont!

Overfull \hbox (20.0pt too wide) in paragraph at lines 61--62
[] 
 []

Missing character: There is no 对 ("5BF9) in font nullfont!
Missing character: There is no 于 ("4E8E) in font nullfont!
Missing character: There is no 采 ("91C7) in font nullfont!
Missing character: There is no 用 ("7528) in font nullfont!
Missing character: There is no G ("47) in font nullfont!
Missing character: There is no l ("6C) in font nullfont!
Missing character: There is no o ("6F) in font nullfont!
Missing character: There is no b ("62) in font nullfont!
Missing character: There is no a ("61) in font nullfont!
Missing character: There is no l ("6C) in font nullfont!
Missing character: There is no I ("49) in font nullfont!
Missing character: There is no S ("53) in font nullfont!
Missing character: There is no e ("65) in font nullfont!
Missing character: There is no l ("6C) in font nullfont!
Missing character: There is no 的 ("7684) in font nullfont!
Missing character: There is no D ("44) in font nullfont!
Missing character: There is no S ("53) in font nullfont!
Missing character: There is no P ("50) in font nullfont!
Missing character: There is no 编 ("7F16) in font nullfont!
Missing character: There is no 译 ("8BD1) in font nullfont!
Missing character: There is no 流 ("6D41) in font nullfont!
Missing character: There is no 程 ("7A0B) in font nullfont!
Missing character: There is no 而 ("800C) in font nullfont!
Missing character: There is no 言 ("8A00) in font nullfont!
Missing character: There is no ， ("FF0C) in font nullfont!
Missing character: There is no 上 ("4E0A) in font nullfont!
Missing character: There is no 述 ("8FF0) in font nullfont!
Missing character: There is no 问 ("95EE) in font nullfont!
Missing character: There is no 题 ("9898) in font nullfont!
Missing character: There is no 进 ("8FDB) in font nullfont!
Missing character: There is no 一 ("4E00) in font nullfont!
Missing character: There is no 步 ("6B65) in font nullfont!
Missing character: There is no 被 ("88AB) in font nullfont!
Missing character: There is no 放 ("653E) in font nullfont!
Missing character: There is no 大 ("5927) in font nullfont!
Missing character: There is no 。 ("3002) in font nullfont!
Missing character: There is no 由 ("7531) in font nullfont!
Missing character: There is no 于 ("4E8E) in font nullfont!
Missing character: There is no 指 ("6307) in font nullfont!
Missing character: There is no 令 ("4EE4) in font nullfont!
Missing character: There is no 选 ("9009) in font nullfont!
Missing character: There is no 择 ("62E9) in font nullfont!
Missing character: There is no 结 ("7ED3) in font nullfont!
Missing character: There is no 果 ("679C) in font nullfont!
Missing character: There is no 往 ("5F80) in font nullfont!
Missing character: There is no 往 ("5F80) in font nullfont!
Missing character: There is no 由 ("7531) in font nullfont!
Missing character: There is no 多 ("591A) in font nullfont!
Missing character: There is no 个 ("4E2A) in font nullfont!
Missing character: There is no P ("50) in font nullfont!
Missing character: There is no a ("61) in font nullfont!
Missing character: There is no s ("73) in font nullfont!
Missing character: There is no s ("73) in font nullfont!
Missing character: There is no 的 ("7684) in font nullfont!
Missing character: There is no 协 ("534F) in font nullfont!
Missing character: There is no 同 ("540C) in font nullfont!
Missing character: There is no 决 ("51B3) in font nullfont!
Missing character: There is no 定 ("5B9A) in font nullfont!
Missing character: There is no ， ("FF0C) in font nullfont!
Missing character: There is no 例 ("4F8B) in font nullfont!
Missing character: There is no 如 ("5982) in font nullfont!
Missing character: There is no 寄 ("5BC4) in font nullfont!
Missing character: There is no 存 ("5B58) in font nullfont!
Missing character: There is no 器 ("5668) in font nullfont!
Missing character: There is no 组 ("7EC4) in font nullfont!
Missing character: There is no 选 ("9009) in font nullfont!
Missing character: There is no 择 ("62E9) in font nullfont!
Missing character: There is no 与 ("4E0E) in font nullfont!
Missing character: There is no 指 ("6307) in font nullfont!
Missing character: There is no 令 ("4EE4) in font nullfont!
Missing character: There is no 合 ("5408) in font nullfont!
Missing character: There is no 法 ("6CD5) in font nullfont!
Missing character: There is no 化 ("5316) in font nullfont!
Missing character: There is no 之 ("4E4B) in font nullfont!
Missing character: There is no 间 ("95F4) in font nullfont!
Missing character: There is no 的 ("7684) in font nullfont!
Missing character: There is no 相 ("76F8) in font nullfont!
Missing character: There is no 互 ("4E92) in font nullfont!
Missing character: There is no 影 ("5F71) in font nullfont!
Missing character: There is no 响 ("54CD) in font nullfont!
Missing character: There is no 、 ("3001) in font nullfont!
Missing character: There is no 不 ("4E0D) in font nullfont!
Missing character: There is no 同 ("540C) in font nullfont!
Missing character: There is no 合 ("5408) in font nullfont!
Missing character: There is no 法 ("6CD5) in font nullfont!
Missing character: There is no 化 ("5316) in font nullfont!
Missing character: There is no 路 ("8DEF) in font nullfont!
Missing character: There is no 径 ("5F84) in font nullfont!
Missing character: There is no 对 ("5BF9) in font nullfont!
Missing character: There is no 后 ("540E) in font nullfont!
Missing character: There is no 续 ("7EED) in font nullfont!
Missing character: There is no 指 ("6307) in font nullfont!
Missing character: There is no 令 ("4EE4) in font nullfont!
Missing character: There is no 匹 ("5339) in font nullfont!
Missing character: There is no 配 ("914D) in font nullfont!
Missing character: There is no 结 ("7ED3) in font nullfont!
Missing character: There is no 果 ("679C) in font nullfont!
Missing character: There is no 的 ("7684) in font nullfont!
Missing character: There is no 约 ("7EA6) in font nullfont!
Missing character: There is no 束 ("675F) in font nullfont!
Missing character: There is no 关 ("5173) in font nullfont!
Missing character: There is no 系 ("7CFB) in font nullfont!
Missing character: There is no 等 ("7B49) in font nullfont!
Missing character: There is no ， ("FF0C) in font nullfont!
Missing character: There is no 这 ("8FD9) in font nullfont!
Missing character: There is no 类 ("7C7B) in font nullfont!
Missing character: There is no 行 ("884C) in font nullfont!
Missing character: There is no 为 ("4E3A) in font nullfont!
Missing character: There is no 通 ("901A) in font nullfont!
Missing character: There is no 常 ("5E38) in font nullfont!
Missing character: There is no 只 ("53EA) in font nullfont!
Missing character: There is no 会 ("4F1A) in font nullfont!
Missing character: There is no 在 ("5728) in font nullfont!
Missing character: There is no 特 ("7279) in font nullfont!
Missing character: There is no 定 ("5B9A) in font nullfont!
Missing character: There is no 输 ("8F93) in font nullfont!
Missing character: There is no 入 ("5165) in font nullfont!
Missing character: There is no 结 ("7ED3) in font nullfont!
Missing character: There is no 构 ("6784) in font nullfont!
Missing character: There is no 和 ("548C) in font nullfont!
Missing character: There is no 数 ("6570) in font nullfont!
Missing character: There is no 据 ("636E) in font nullfont!
Missing character: There is no 特 ("7279) in font nullfont!
Missing character: There is no 征 ("5F81) in font nullfont!
Missing character: There is no 组 ("7EC4) in font nullfont!
Missing character: There is no 合 ("5408) in font nullfont!
Missing character: There is no 下 ("4E0B) in font nullfont!
Missing character: There is no 才 ("624D) in font nullfont!
Missing character: There is no 会 ("4F1A) in font nullfont!
Missing character: There is no 显 ("663E) in font nullfont!
Missing character: There is no 现 ("73B0) in font nullfont!
Missing character: There is no 。 ("3002) in font nullfont!
Missing character: There is no 依 ("4F9D) in font nullfont!
Missing character: There is no 赖 ("8D56) in font nullfont!
Missing character: There is no 人 ("4EBA) in font nullfont!
Missing character: There is no 工 ("5DE5) in font nullfont!
Missing character: There is no 经 ("7ECF) in font nullfont!
Missing character: There is no 验 ("9A8C) in font nullfont!
Missing character: There is no 构 ("6784) in font nullfont!
Missing character: There is no 造 ("9020) in font nullfont!
Missing character: There is no 的 ("7684) in font nullfont!
Missing character: There is no 测 ("6D4B) in font nullfont!
Missing character: There is no 试 ("8BD5) in font nullfont!
Missing character: There is no 样 ("6837) in font nullfont!
Missing character: There is no 例 ("4F8B) in font nullfont!
Missing character: There is no 难 ("96BE) in font nullfont!
Missing character: There is no 以 ("4EE5) in font nullfont!
Missing character: There is no 覆 ("8986) in font nullfont!
Missing character: There is no 盖 ("76D6) in font nullfont!
Missing character: There is no 这 ("8FD9) in font nullfont!
Missing character: There is no 些 ("4E9B) in font nullfont!
Missing character: There is no 复 ("590D) in font nullfont!
Missing character: There is no 杂 ("6742) in font nullfont!
Missing character: There is no 交 ("4EA4) in font nullfont!
Missing character: There is no 互 ("4E92) in font nullfont!
Missing character: There is no 场 ("573A) in font nullfont!
Missing character: There is no 景 ("666F) in font nullfont!
Missing character: There is no ， ("FF0C) in font nullfont!
Missing character: There is no 导 ("5BFC) in font nullfont!
Missing character: There is no 致 ("81F4) in font nullfont!
Missing character: There is no 部 ("90E8) in font nullfont!
Missing character: There is no 分 ("5206) in font nullfont!
Missing character: There is no 潜 ("6F5C) in font nullfont!
Missing character: There is no 在 ("5728) in font nullfont!
Missing character: There is no 缺 ("7F3A) in font nullfont!
Missing character: There is no 陷 ("9677) in font nullfont!
Missing character: There is no 在 ("5728) in font nullfont!
Missing character: There is no 早 ("65E9) in font nullfont!
Missing character: There is no 期 ("671F) in font nullfont!
Missing character: There is no 测 ("6D4B) in font nullfont!
Missing character: There is no 试 ("8BD5) in font nullfont!
Missing character: There is no 阶 ("9636) in font nullfont!
Missing character: There is no 段 ("6BB5) in font nullfont!
Missing character: There is no 无 ("65E0) in font nullfont!
Missing character: There is no 法 ("6CD5) in font nullfont!
Missing character: There is no 暴 ("66B4) in font nullfont!
Missing character: There is no 露 ("9732) in font nullfont!
Missing character: There is no 出 ("51FA) in font nullfont!
Missing character: There is no 来 ("6765) in font nullfont!
Missing character: There is no ， ("FF0C) in font nullfont!
Missing character: There is no 直 ("76F4) in font nullfont!
Missing character: There is no 至 ("81F3) in font nullfont!
Missing character: There is no 在 ("5728) in font nullfont!
Missing character: There is no 实 ("5B9E) in font nullfont!
Missing character: There is no 际 ("9645) in font nullfont!
Missing character: There is no 的 ("7684) in font nullfont!
Missing character: There is no D ("44) in font nullfont!
Missing character: There is no S ("53) in font nullfont!
Missing character: There is no P ("50) in font nullfont!
Missing character: There is no 应 ("5E94) in font nullfont!
Missing character: There is no 用 ("7528) in font nullfont!
Missing character: There is no 中 ("4E2D) in font nullfont!
Missing character: There is no 才 ("624D) in font nullfont!
Missing character: There is no 被 ("88AB) in font nullfont!
Missing character: There is no 触 ("89E6) in font nullfont!
Missing character: There is no 发 ("53D1) in font nullfont!
Missing character: There is no ， ("FF0C) in font nullfont!
Missing character: There is no 从 ("4ECE) in font nullfont!
Missing character: There is no 而 ("800C) in font nullfont!
Missing character: There is no 引 ("5F15) in font nullfont!
Missing character: There is no 发 ("53D1) in font nullfont!
Missing character: There is no 较 ("8F83) in font nullfont!
Missing character: There is no 高 ("9AD8) in font nullfont!
Missing character: There is no 的 ("7684) in font nullfont!
Missing character: There is no 工 ("5DE5) in font nullfont!
Missing character: There is no 程 ("7A0B) in font nullfont!
Missing character: There is no 风 ("98CE) in font nullfont!
Missing character: There is no 险 ("9669) in font nullfont!
Missing character: There is no 和 ("548C) in font nullfont!
Missing character: There is no 后 ("540E) in font nullfont!
Missing character: There is no 期 ("671F) in font nullfont!
Missing character: There is no 维 ("7EF4) in font nullfont!
Missing character: There is no 护 ("62A4) in font nullfont!
Missing character: There is no 成 ("6210) in font nullfont!
Missing character: There is no 本 ("672C) in font nullfont!
Missing character: There is no 。 ("3002) in font nullfont!

Overfull \hbox (20.0pt too wide) in paragraph at lines 65--66
[] 
 []

! Undefined control sequence.
l.68 \subsubsection
                   {2.测试产物可读性与分析能力不足}
The control sequence at the end of the top line
of your error message was never \def'ed. If you have
misspelled it (e.g., `\hobx'), type `I' and the correct
spelling (e.g., `I\hbox'). Otherwise just continue,
and I'll forget about whatever was undefined.

Missing character: There is no 2 ("32) in font nullfont!
Missing character: There is no . ("2E) in font nullfont!
Missing character: There is no 测 ("6D4B) in font nullfont!
Missing character: There is no 试 ("8BD5) in font nullfont!
Missing character: There is no 产 ("4EA7) in font nullfont!
Missing character: There is no 物 ("7269) in font nullfont!
Missing character: There is no 可 ("53EF) in font nullfont!
Missing character: There is no 读 ("8BFB) in font nullfont!
Missing character: There is no 性 ("6027) in font nullfont!
Missing character: There is no 与 ("4E0E) in font nullfont!
Missing character: There is no 分 ("5206) in font nullfont!
Missing character: There is no 析 ("6790) in font nullfont!
Missing character: There is no 能 ("80FD) in font nullfont!
Missing character: There is no 力 ("529B) in font nullfont!
Missing character: There is no 不 ("4E0D) in font nullfont!
Missing character: There is no 足 ("8DB3) in font nullfont!
Missing character: There is no 现 ("73B0) in font nullfont!
Missing character: There is no 有 ("6709) in font nullfont!
Missing character: There is no 测 ("6D4B) in font nullfont!
Missing character: There is no 试 ("8BD5) in font nullfont!
Missing character: There is no 体 ("4F53) in font nullfont!
Missing character: There is no 系 ("7CFB) in font nullfont!
Missing character: There is no 在 ("5728) in font nullfont!
Missing character: There is no 测 ("6D4B) in font nullfont!
Missing character: There is no 试 ("8BD5) in font nullfont!
Missing character: There is no 结 ("7ED3) in font nullfont!
Missing character: There is no 果 ("679C) in font nullfont!
Missing character: There is no 的 ("7684) in font nullfont!
Missing character: There is no 表 ("8868) in font nullfont!
Missing character: There is no 达 ("8FBE) in font nullfont!
Missing character: There is no 和 ("548C) in font nullfont!
Missing character: There is no 分 ("5206) in font nullfont!
Missing character: There is no 析 ("6790) in font nullfont!
Missing character: There is no 能 ("80FD) in font nullfont!
Missing character: There is no 力 ("529B) in font nullfont!
Missing character: There is no 方 ("65B9) in font nullfont!
Missing character: There is no 面 ("9762) in font nullfont!
Missing character: There is no 同 ("540C) in font nullfont!
Missing character: There is no 样 ("6837) in font nullfont!
Missing character: There is no 存 ("5B58) in font nullfont!
Missing character: There is no 在 ("5728) in font nullfont!
Missing character: There is no 明 ("660E) in font nullfont!
Missing character: There is no 显 ("663E) in font nullfont!
Missing character: There is no 不 ("4E0D) in font nullfont!
Missing character: There is no 足 ("8DB3) in font nullfont!
Missing character: There is no 。 ("3002) in font nullfont!
Missing character: There is no 目 ("76EE) in font nullfont!
Missing character: There is no 前 ("524D) in font nullfont!
Missing character: There is no 的 ("7684) in font nullfont!
Missing character: There is no C ("43) in font nullfont!
Missing character: There is no I ("49) in font nullfont!
Missing character: There is no 流 ("6D41) in font nullfont!
Missing character: There is no 程 ("7A0B) in font nullfont!
Missing character: There is no 只 ("53EA) in font nullfont!
Missing character: There is no 是 ("662F) in font nullfont!
Missing character: There is no 把 ("628A) in font nullfont!
Missing character: There is no 测 ("6D4B) in font nullfont!
Missing character: There is no 试 ("8BD5) in font nullfont!
Missing character: There is no 用 ("7528) in font nullfont!
Missing character: There is no 例 ("4F8B) in font nullfont!
Missing character: There is no 是 ("662F) in font nullfont!
Missing character: There is no 否 ("5426) in font nullfont!
Missing character: There is no 通 ("901A) in font nullfont!
Missing character: There is no 过 ("8FC7) in font nullfont!
Missing character: There is no 作 ("4F5C) in font nullfont!
Missing character: There is no 为 ("4E3A) in font nullfont!
Missing character: There is no 判 ("5224) in font nullfont!
Missing character: There is no 定 ("5B9A) in font nullfont!
Missing character: There is no 标 ("6807) in font nullfont!
Missing character: There is no 准 ("51C6) in font nullfont!
Missing character: There is no ， ("FF0C) in font nullfont!
Missing character: There is no 产 ("4EA7) in font nullfont!
Missing character: There is no 出 ("51FA) in font nullfont!
Missing character: There is no 的 ("7684) in font nullfont!
Missing character: There is no 测 ("6D4B) in font nullfont!
Missing character: There is no 试 ("8BD5) in font nullfont!
Missing character: There is no 结 ("7ED3) in font nullfont!
Missing character: There is no 果 ("679C) in font nullfont!
Missing character: There is no 缺 ("7F3A) in font nullfont!
Missing character: There is no 乏 ("4E4F) in font nullfont!
Missing character: There is no 对 ("5BF9) in font nullfont!
Missing character: There is no 编 ("7F16) in font nullfont!
Missing character: There is no 译 ("8BD1) in font nullfont!
Missing character: There is no 器 ("5668) in font nullfont!
Missing character: There is no 后 ("540E) in font nullfont!
Missing character: There is no 端 ("7AEF) in font nullfont!
Missing character: There is no 行 ("884C) in font nullfont!
Missing character: There is no 为 ("4E3A) in font nullfont!
Missing character: There is no 的 ("7684) in font nullfont!
Missing character: There is no 量 ("91CF) in font nullfont!
Missing character: There is no 化 ("5316) in font nullfont!
Missing character: There is no 描 ("63CF) in font nullfont!
Missing character: There is no 述 ("8FF0) in font nullfont!
Missing character: There is no ， ("FF0C) in font nullfont!
Missing character: There is no 未 ("672A) in font nullfont!
Missing character: There is no 系 ("7CFB) in font nullfont!
Missing character: There is no 统 ("7EDF) in font nullfont!
Missing character: There is no 记 ("8BB0) in font nullfont!
Missing character: There is no 录 ("5F55) in font nullfont!
Missing character: There is no 程 ("7A0B) in font nullfont!
Missing character: There is no 序 ("5E8F) in font nullfont!
Missing character: There is no 执 ("6267) in font nullfont!
Missing character: There is no 行 ("884C) in font nullfont!
Missing character: There is no 周 ("5468) in font nullfont!
Missing character: There is no 期 ("671F) in font nullfont!
Missing character: There is no 、 ("3001) in font nullfont!
Missing character: There is no 代 ("4EE3) in font nullfont!
Missing character: There is no 码 ("7801) in font nullfont!
Missing character: There is no 体 ("4F53) in font nullfont!
Missing character: There is no 积 ("79EF) in font nullfont!
Missing character: There is no 、 ("3001) in font nullfont!
Missing character: There is no 指 ("6307) in font nullfont!
Missing character: There is no 令 ("4EE4) in font nullfont!
Missing character: There is no 打 ("6253) in font nullfont!
Missing character: There is no 包 ("5305) in font nullfont!
Missing character: There is no 效 ("6548) in font nullfont!
Missing character: There is no 率 ("7387) in font nullfont!
Missing character: There is no 等 ("7B49) in font nullfont!
Missing character: There is no 关 ("5173) in font nullfont!
Missing character: There is no 键 ("952E) in font nullfont!
Missing character: There is no 性 ("6027) in font nullfont!
Missing character: There is no 能 ("80FD) in font nullfont!
Missing character: There is no 指 ("6307) in font nullfont!
Missing character: There is no 标 ("6807) in font nullfont!
Missing character: There is no ， ("FF0C) in font nullfont!
Missing character: There is no 也 ("4E5F) in font nullfont!
Missing character: There is no 未 ("672A) in font nullfont!
Missing character: There is no 对 ("5BF9) in font nullfont!
Missing character: There is no 生 ("751F) in font nullfont!
Missing character: There is no 成 ("6210) in font nullfont!
Missing character: There is no 的 ("7684) in font nullfont!
Missing character: There is no 汇 ("6C47) in font nullfont!
Missing character: There is no 编 ("7F16) in font nullfont!
Missing character: There is no 代 ("4EE3) in font nullfont!
Missing character: There is no 码 ("7801) in font nullfont!
Missing character: There is no 进 ("8FDB) in font nullfont!
Missing character: There is no 行 ("884C) in font nullfont!
Missing character: There is no 结 ("7ED3) in font nullfont!
Missing character: There is no 构 ("6784) in font nullfont!
Missing character: There is no 化 ("5316) in font nullfont!
Missing character: There is no 管 ("7BA1) in font nullfont!
Missing character: There is no 理 ("7406) in font nullfont!
Missing character: There is no 。 ("3002) in font nullfont!
Missing character: There is no 这 ("8FD9) in font nullfont!
Missing character: There is no 使 ("4F7F) in font nullfont!
Missing character: There is no 得 ("5F97) in font nullfont!
Missing character: There is no 测 ("6D4B) in font nullfont!
Missing character: There is no 试 ("8BD5) in font nullfont!
Missing character: There is no 结 ("7ED3) in font nullfont!
Missing character: There is no 果 ("679C) in font nullfont!
Missing character: There is no 只 ("53EA) in font nullfont!
Missing character: There is no 能 ("80FD) in font nullfont!
Missing character: There is no 用 ("7528) in font nullfont!
Missing character: There is no 于 ("4E8E) in font nullfont!
Missing character: There is no 验 ("9A8C) in font nullfont!
Missing character: There is no 证 ("8BC1) in font nullfont!
Missing character: There is no 功 ("529F) in font nullfont!
Missing character: There is no 能 ("80FD) in font nullfont!
Missing character: There is no 正 ("6B63) in font nullfont!
Missing character: There is no 确 ("786E) in font nullfont!
Missing character: There is no 性 ("6027) in font nullfont!
Missing character: There is no ， ("FF0C) in font nullfont!
Missing character: There is no 而 ("800C) in font nullfont!
Missing character: There is no 无 ("65E0) in font nullfont!
Missing character: There is no 法 ("6CD5) in font nullfont!
Missing character: There is no 反 ("53CD) in font nullfont!
Missing character: There is no 映 ("6620) in font nullfont!
Missing character: There is no 全 ("5168) in font nullfont!
Missing character: There is no 局 ("5C40) in font nullfont!
Missing character: There is no 指 ("6307) in font nullfont!
Missing character: There is no 令 ("4EE4) in font nullfont!
Missing character: There is no 选 ("9009) in font nullfont!
Missing character: There is no 择 ("62E9) in font nullfont!
Missing character: There is no 及 ("53CA) in font nullfont!
Missing character: There is no 相 ("76F8) in font nullfont!
Missing character: There is no 关 ("5173) in font nullfont!
Missing character: There is no 优 ("4F18) in font nullfont!
Missing character: There is no 化 ("5316) in font nullfont!
Missing character: There is no 策 ("7B56) in font nullfont!
Missing character: There is no 略 ("7565) in font nullfont!
Missing character: There is no 对 ("5BF9) in font nullfont!
Missing character: There is no 编 ("7F16) in font nullfont!
Missing character: There is no 译 ("8BD1) in font nullfont!
Missing character: There is no 器 ("5668) in font nullfont!
Missing character: There is no 性 ("6027) in font nullfont!
Missing character: There is no 能 ("80FD) in font nullfont!
Missing character: There is no 造 ("9020) in font nullfont!
Missing character: There is no 成 ("6210) in font nullfont!
Missing character: There is no 的 ("7684) in font nullfont!
Missing character: There is no 实 ("5B9E) in font nullfont!
Missing character: There is no 际 ("9645) in font nullfont!
Missing character: There is no 影 ("5F71) in font nullfont!
Missing character: There is no 响 ("54CD) in font nullfont!
Missing character: There is no 。 ("3002) in font nullfont!

Overfull \hbox (20.0pt too wide) in paragraph at lines 68--70
[]
 []

Missing character: There is no 除 ("9664) in font nullfont!
Missing character: There is no 此 ("6B64) in font nullfont!
Missing character: There is no 之 ("4E4B) in font nullfont!
Missing character: There is no 外 ("5916) in font nullfont!
Missing character: There is no ， ("FF0C) in font nullfont!
Missing character: There is no 测 ("6D4B) in font nullfont!
Missing character: There is no 试 ("8BD5) in font nullfont!
Missing character: There is no 结 ("7ED3) in font nullfont!
Missing character: There is no 果 ("679C) in font nullfont!
Missing character: There is no 既 ("65E2) in font nullfont!
Missing character: There is no 没 ("6CA1) in font nullfont!
Missing character: There is no 有 ("6709) in font nullfont!
Missing character: There is no 做 ("505A) in font nullfont!
Missing character: There is no 历 ("5386) in font nullfont!
Missing character: There is no 史 ("53F2) in font nullfont!
Missing character: There is no 化 ("5316) in font nullfont!
Missing character: There is no 存 ("5B58) in font nullfont!
Missing character: There is no 储 ("50A8) in font nullfont!
Missing character: There is no ， ("FF0C) in font nullfont!
Missing character: There is no 也 ("4E5F) in font nullfont!
Missing character: There is no 没 ("6CA1) in font nullfont!
Missing character: There is no 有 ("6709) in font nullfont!
Missing character: There is no 做 ("505A) in font nullfont!
Missing character: There is no 跨 ("8DE8) in font nullfont!
Missing character: There is no 版 ("7248) in font nullfont!
Missing character: There is no 本 ("672C) in font nullfont!
Missing character: There is no 管 ("7BA1) in font nullfont!
Missing character: There is no 理 ("7406) in font nullfont!
Missing character: There is no ， ("FF0C) in font nullfont!
Missing character: There is no 这 ("8FD9) in font nullfont!
Missing character: There is no 导 ("5BFC) in font nullfont!
Missing character: There is no 致 ("81F4) in font nullfont!
Missing character: There is no 开 ("5F00) in font nullfont!
Missing character: There is no 发 ("53D1) in font nullfont!
Missing character: There is no 人 ("4EBA) in font nullfont!
Missing character: There is no 员 ("5458) in font nullfont!
Missing character: There is no 难 ("96BE) in font nullfont!
Missing character: There is no 以 ("4EE5) in font nullfont!
Missing character: There is no 对 ("5BF9) in font nullfont!
Missing character: There is no 不 ("4E0D) in font nullfont!
Missing character: There is no 同 ("540C) in font nullfont!
Missing character: There is no 提 ("63D0) in font nullfont!
Missing character: There is no 交 ("4EA4) in font nullfont!
Missing character: There is no 之 ("4E4B) in font nullfont!
Missing character: There is no 间 ("95F4) in font nullfont!
Missing character: There is no 的 ("7684) in font nullfont!
Missing character: There is no 性 ("6027) in font nullfont!
Missing character: There is no 能 ("80FD) in font nullfont!
Missing character: There is no 变 ("53D8) in font nullfont!
Missing character: There is no 化 ("5316) in font nullfont!
Missing character: There is no 进 ("8FDB) in font nullfont!
Missing character: There is no 行 ("884C) in font nullfont!
Missing character: There is no 对 ("5BF9) in font nullfont!
Missing character: There is no 比 ("6BD4) in font nullfont!
Missing character: There is no 分 ("5206) in font nullfont!
Missing character: There is no 析 ("6790) in font nullfont!
Missing character: There is no ， ("FF0C) in font nullfont!
Missing character: There is no 也 ("4E5F) in font nullfont!
Missing character: There is no 无 ("65E0) in font nullfont!
Missing character: There is no 法 ("6CD5) in font nullfont!
Missing character: There is no 从 ("4ECE) in font nullfont!
Missing character: There is no 整 ("6574) in font nullfont!
Missing character: There is no 体 ("4F53) in font nullfont!
Missing character: There is no 上 ("4E0A) in font nullfont!
Missing character: There is no 观 ("89C2) in font nullfont!
Missing character: There is no 察 ("5BDF) in font nullfont!
Missing character: There is no 工 ("5DE5) in font nullfont!
Missing character: There is no 具 ("5177) in font nullfont!
Missing character: There is no 链 ("94FE) in font nullfont!
Missing character: There is no 性 ("6027) in font nullfont!
Missing character: There is no 能 ("80FD) in font nullfont!
Missing character: There is no 随 ("968F) in font nullfont!
Missing character: There is no 时 ("65F6) in font nullfont!
Missing character: There is no 间 ("95F4) in font nullfont!
Missing character: There is no 演 ("6F14) in font nullfont!
Missing character: There is no 进 ("8FDB) in font nullfont!
Missing character: There is no 的 ("7684) in font nullfont!
Missing character: There is no 趋 ("8D8B) in font nullfont!
Missing character: There is no 势 ("52BF) in font nullfont!
Missing character: There is no 。 ("3002) in font nullfont!
Missing character: There is no 随 ("968F) in font nullfont!
Missing character: There is no 着 ("7740) in font nullfont!
Missing character: There is no C ("43) in font nullfont!
Missing character: There is no I ("49) in font nullfont!
Missing character: There is no 测 ("6D4B) in font nullfont!
Missing character: There is no 试 ("8BD5) in font nullfont!
Missing character: There is no 记 ("8BB0) in font nullfont!
Missing character: There is no 录 ("5F55) in font nullfont!
Missing character: There is no 不 ("4E0D) in font nullfont!
Missing character: There is no 断 ("65AD) in font nullfont!
Missing character: There is no 积 ("79EF) in font nullfont!
Missing character: There is no 累 ("7D2F) in font nullfont!
Missing character: There is no ， ("FF0C) in font nullfont!
Missing character: There is no 大 ("5927) in font nullfont!
Missing character: There is no 量 ("91CF) in font nullfont!
Missing character: There is no 中 ("4E2D) in font nullfont!
Missing character: There is no 间 ("95F4) in font nullfont!
Missing character: There is no 提 ("63D0) in font nullfont!
Missing character: There is no 交 ("4EA4) in font nullfont!
Missing character: There is no 和 ("548C) in font nullfont!
Missing character: There is no 实 ("5B9E) in font nullfont!
Missing character: There is no 验 ("9A8C) in font nullfont!
Missing character: There is no 性 ("6027) in font nullfont!
Missing character: There is no 版 ("7248) in font nullfont!
Missing character: There is no 本 ("672C) in font nullfont!
Missing character: There is no 产 ("4EA7) in font nullfont!
Missing character: There is no 生 ("751F) in font nullfont!
Missing character: There is no 的 ("7684) in font nullfont!
Missing character: There is no 结 ("7ED3) in font nullfont!
Missing character: There is no 果 ("679C) in font nullfont!
Missing character: There is no 进 ("8FDB) in font nullfont!
Missing character: There is no 一 ("4E00) in font nullfont!
Missing character: There is no 步 ("6B65) in font nullfont!
Missing character: There is no 加 ("52A0) in font nullfont!
Missing character: There is no 剧 ("5267) in font nullfont!
Missing character: There is no 了 ("4E86) in font nullfont!
Missing character: There is no 测 ("6D4B) in font nullfont!
Missing character: There is no 试 ("8BD5) in font nullfont!
Missing character: There is no 数 ("6570) in font nullfont!
Missing character: There is no 据 ("636E) in font nullfont!
Missing character: There is no 杂 ("6742) in font nullfont!
Missing character: There is no 乱 ("4E71) in font nullfont!
Missing character: There is no 的 ("7684) in font nullfont!
Missing character: There is no 问 ("95EE) in font nullfont!
Missing character: There is no 题 ("9898) in font nullfont!
Missing character: There is no ， ("FF0C) in font nullfont!
Missing character: There is no 显 ("663E) in font nullfont!
Missing character: There is no 著 ("8457) in font nullfont!
Missing character: There is no 提 ("63D0) in font nullfont!
Missing character: There is no 高 ("9AD8) in font nullfont!
Missing character: There is no 了 ("4E86) in font nullfont!
Missing character: There is no 有 ("6709) in font nullfont!
Missing character: There is no 效 ("6548) in font nullfont!
Missing character: There is no 信 ("4FE1) in font nullfont!
Missing character: There is no 息 ("606F) in font nullfont!
Missing character: There is no 筛 ("7B5B) in font nullfont!
Missing character: There is no 选 ("9009) in font nullfont!
Missing character: There is no 和 ("548C) in font nullfont!
Missing character: There is no 问 ("95EE) in font nullfont!
Missing character: There is no 题 ("9898) in font nullfont!
Missing character: There is no 定 ("5B9A) in font nullfont!
Missing character: There is no 位 ("4F4D) in font nullfont!
Missing character: There is no 的 ("7684) in font nullfont!
Missing character: There is no 难 ("96BE) in font nullfont!
Missing character: There is no 度 ("5EA6) in font nullfont!
Missing character: There is no 和 ("548C) in font nullfont!
Missing character: There is no 成 ("6210) in font nullfont!
Missing character: There is no 本 ("672C) in font nullfont!
Missing character: There is no 。 ("3002) in font nullfont!

Overfull \hbox (20.0pt too wide) in paragraph at lines 73--74
[] 
 []

Missing character: There is no 综 ("7EFC) in font nullfont!
Missing character: There is no 上 ("4E0A) in font nullfont!
Missing character: There is no 所 ("6240) in font nullfont!
Missing character: There is no 述 ("8FF0) in font nullfont!
Missing character: There is no ， ("FF0C) in font nullfont!
Missing character: There is no 现 ("73B0) in font nullfont!
Missing character: There is no 有 ("6709) in font nullfont!
Missing character: There is no 测 ("6D4B) in font nullfont!
Missing character: There is no 试 ("8BD5) in font nullfont!
Missing character: There is no 体 ("4F53) in font nullfont!
Missing character: There is no 系 ("7CFB) in font nullfont!
Missing character: There is no 在 ("5728) in font nullfont!
Missing character: There is no 输 ("8F93) in font nullfont!
Missing character: There is no 入 ("5165) in font nullfont!
Missing character: There is no 覆 ("8986) in font nullfont!
Missing character: There is no 盖 ("76D6) in font nullfont!
Missing character: There is no 能 ("80FD) in font nullfont!
Missing character: There is no 力 ("529B) in font nullfont!
Missing character: There is no 和 ("548C) in font nullfont!
Missing character: There is no 结 ("7ED3) in font nullfont!
Missing character: There is no 果 ("679C) in font nullfont!
Missing character: There is no 分 ("5206) in font nullfont!
Missing character: There is no 析 ("6790) in font nullfont!
Missing character: There is no 深 ("6DF1) in font nullfont!
Missing character: There is no 度 ("5EA6) in font nullfont!
Missing character: There is no 方 ("65B9) in font nullfont!
Missing character: There is no 面 ("9762) in font nullfont!
Missing character: There is no 存 ("5B58) in font nullfont!
Missing character: There is no 在 ("5728) in font nullfont!
Missing character: There is no 明 ("660E) in font nullfont!
Missing character: There is no 显 ("663E) in font nullfont!
Missing character: There is no 局 ("5C40) in font nullfont!
Missing character: There is no 限 ("9650) in font nullfont!
Missing character: There is no ， ("FF0C) in font nullfont!
Missing character: There is no 难 ("96BE) in font nullfont!
Missing character: There is no 以 ("4EE5) in font nullfont!
Missing character: There is no 支 ("652F) in font nullfont!
Missing character: There is no 撑 ("6491) in font nullfont!
Missing character: There is no 全 ("5168) in font nullfont!
Missing character: There is no 局 ("5C40) in font nullfont!
Missing character: There is no 指 ("6307) in font nullfont!
Missing character: There is no 令 ("4EE4) in font nullfont!
Missing character: There is no 选 ("9009) in font nullfont!
Missing character: There is no 择 ("62E9) in font nullfont!
Missing character: There is no 框 ("6846) in font nullfont!
Missing character: There is no 架 ("67B6) in font nullfont!
Missing character: There is no 下 ("4E0B) in font nullfont!
Missing character: There is no 编 ("7F16) in font nullfont!
Missing character: There is no 译 ("8BD1) in font nullfont!
Missing character: There is no 器 ("5668) in font nullfont!
Missing character: There is no 后 ("540E) in font nullfont!
Missing character: There is no 端 ("7AEF) in font nullfont!
Missing character: There is no 行 ("884C) in font nullfont!
Missing character: There is no 为 ("4E3A) in font nullfont!
Missing character: There is no 的 ("7684) in font nullfont!
Missing character: There is no 系 ("7CFB) in font nullfont!
Missing character: There is no 统 ("7EDF) in font nullfont!
Missing character: There is no 性 ("6027) in font nullfont!
Missing character: There is no 验 ("9A8C) in font nullfont!
Missing character: There is no 证 ("8BC1) in font nullfont!
Missing character: There is no ， ("FF0C) in font nullfont!
Missing character: There is no 已 ("5DF2) in font nullfont!
Missing character: There is no 无 ("65E0) in font nullfont!
Missing character: There is no 法 ("6CD5) in font nullfont!
Missing character: There is no 满 ("6EE1) in font nullfont!
Missing character: There is no 足 ("8DB3) in font nullfont!
Missing character: There is no D ("44) in font nullfont!
Missing character: There is no S ("53) in font nullfont!
Missing character: There is no P ("50) in font nullfont!
Missing character: There is no 工 ("5DE5) in font nullfont!
Missing character: There is no 具 ("5177) in font nullfont!
Missing character: There is no 链 ("94FE) in font nullfont!
Missing character: There is no 在 ("5728) in font nullfont!
Missing character: There is no 高 ("9AD8) in font nullfont!
Missing character: There is no 性 ("6027) in font nullfont!
Missing character: There is no 能 ("80FD) in font nullfont!
Missing character: There is no 和 ("548C) in font nullfont!
Missing character: There is no 高 ("9AD8) in font nullfont!
Missing character: There is no 可 ("53EF) in font nullfont!
Missing character: There is no 靠 ("9760) in font nullfont!
Missing character: There is no 性 ("6027) in font nullfont!
Missing character: There is no 方 ("65B9) in font nullfont!
Missing character: There is no 向 ("5411) in font nullfont!
Missing character: There is no 持 ("6301) in font nullfont!
Missing character: There is no 续 ("7EED) in font nullfont!
Missing character: There is no 演 ("6F14) in font nullfont!
Missing character: There is no 进 ("8FDB) in font nullfont!
Missing character: There is no 的 ("7684) in font nullfont!
Missing character: There is no 需 ("9700) in font nullfont!
Missing character: There is no 求 ("6C42) in font nullfont!
Missing character: There is no 。 ("3002) in font nullfont!

Overfull \hbox (20.0pt too wide) in paragraph at lines 77--78
[] 
 []

! Undefined control sequence.
l.81 \subsection
                {测试体系优化需求与技术路径}
The control sequence at the end of the top line
of your error message was never \def'ed. If you have
misspelled it (e.g., `\hobx'), type `I' and the correct
spelling (e.g., `I\hbox'). Otherwise just continue,
and I'll forget about whatever was undefined.

Missing character: There is no 测 ("6D4B) in font nullfont!
Missing character: There is no 试 ("8BD5) in font nullfont!
Missing character: There is no 体 ("4F53) in font nullfont!
Missing character: There is no 系 ("7CFB) in font nullfont!
Missing character: There is no 优 ("4F18) in font nullfont!
Missing character: There is no 化 ("5316) in font nullfont!
Missing character: There is no 需 ("9700) in font nullfont!
Missing character: There is no 求 ("6C42) in font nullfont!
Missing character: There is no 与 ("4E0E) in font nullfont!
Missing character: There is no 技 ("6280) in font nullfont!
Missing character: There is no 术 ("672F) in font nullfont!
Missing character: There is no 路 ("8DEF) in font nullfont!
Missing character: There is no 径 ("5F84) in font nullfont!
Missing character: There is no 基 ("57FA) in font nullfont!
Missing character: There is no 于 ("4E8E) in font nullfont!
Missing character: There is no 4 ("34) in font nullfont!
Missing character: There is no . ("2E) in font nullfont!
Missing character: There is no 1 ("31) in font nullfont!
Missing character: There is no . ("2E) in font nullfont!
Missing character: There is no 1 ("31) in font nullfont!
Missing character: There is no 节 ("8282) in font nullfont!
Missing character: There is no 的 ("7684) in font nullfont!
Missing character: There is no 分 ("5206) in font nullfont!
Missing character: There is no 析 ("6790) in font nullfont!
Missing character: There is no 可 ("53EF) in font nullfont!
Missing character: There is no 知 ("77E5) in font nullfont!
Missing character: There is no ， ("FF0C) in font nullfont!
Missing character: There is no 随 ("968F) in font nullfont!
Missing character: There is no 着 ("7740) in font nullfont!
Missing character: There is no 全 ("5168) in font nullfont!
Missing character: There is no 局 ("5C40) in font nullfont!
Missing character: There is no 指 ("6307) in font nullfont!
Missing character: There is no 令 ("4EE4) in font nullfont!
Missing character: There is no 选 ("9009) in font nullfont!
Missing character: There is no 择 ("62E9) in font nullfont!
Missing character: There is no 框 ("6846) in font nullfont!
Missing character: There is no 架 ("67B6) in font nullfont!
Missing character: There is no 及 ("53CA) in font nullfont!
Missing character: There is no 相 ("76F8) in font nullfont!
Missing character: There is no 关 ("5173) in font nullfont!
Missing character: There is no 优 ("4F18) in font nullfont!
Missing character: There is no 化 ("5316) in font nullfont!
Missing character: There is no 策 ("7B56) in font nullfont!
Missing character: There is no 略 ("7565) in font nullfont!
Missing character: There is no 在 ("5728) in font nullfont!
Missing character: There is no D ("44) in font nullfont!
Missing character: There is no S ("53) in font nullfont!
Missing character: There is no P ("50) in font nullfont!
Missing character: There is no 工 ("5DE5) in font nullfont!
Missing character: There is no 具 ("5177) in font nullfont!
Missing character: There is no 链 ("94FE) in font nullfont!
Missing character: There is no 中 ("4E2D) in font nullfont!
Missing character: There is no 的 ("7684) in font nullfont!
Missing character: There is no 实 ("5B9E) in font nullfont!
Missing character: There is no 现 ("73B0) in font nullfont!
Missing character: There is no ， ("FF0C) in font nullfont!
Missing character: There is no 单 ("5355) in font nullfont!
Missing character: There is no 纯 ("7EAF) in font nullfont!
Missing character: There is no 依 ("4F9D) in font nullfont!
Missing character: There is no 赖 ("8D56) in font nullfont!
Missing character: There is no 人 ("4EBA) in font nullfont!
Missing character: There is no 工 ("5DE5) in font nullfont!
Missing character: There is no 构 ("6784) in font nullfont!
Missing character: There is no 造 ("9020) in font nullfont!
Missing character: There is no 测 ("6D4B) in font nullfont!
Missing character: There is no 试 ("8BD5) in font nullfont!
Missing character: There is no 样 ("6837) in font nullfont!
Missing character: There is no 例 ("4F8B) in font nullfont!
Missing character: There is no ， ("FF0C) in font nullfont!
Missing character: There is no 以 ("4EE5) in font nullfont!
Missing character: There is no 样 ("6837) in font nullfont!
Missing character: There is no 例 ("4F8B) in font nullfont!
Missing character: There is no 通 ("901A) in font nullfont!
Missing character: There is no 过 ("8FC7) in font nullfont!
Missing character: There is no 与 ("4E0E) in font nullfont!
Missing character: There is no 否 ("5426) in font nullfont!
Missing character: There is no 这 ("8FD9) in font nullfont!
Missing character: There is no 一 ("4E00) in font nullfont!
Missing character: There is no 单 ("5355) in font nullfont!
Missing character: There is no 一 ("4E00) in font nullfont!
Missing character: There is no 判 ("5224) in font nullfont!
Missing character: There is no 定 ("5B9A) in font nullfont!
Missing character: There is no 标 ("6807) in font nullfont!
Missing character: There is no 准 ("51C6) in font nullfont!
Missing character: There is no ， ("FF0C) in font nullfont!
Missing character: There is no 难 ("96BE) in font nullfont!
Missing character: There is no 以 ("4EE5) in font nullfont!
Missing character: There is no 支 ("652F) in font nullfont!
Missing character: There is no 撑 ("6491) in font nullfont!
Missing character: There is no 对 ("5BF9) in font nullfont!
Missing character: There is no 编 ("7F16) in font nullfont!
Missing character: There is no 译 ("8BD1) in font nullfont!
Missing character: There is no 器 ("5668) in font nullfont!
Missing character: There is no 后 ("540E) in font nullfont!
Missing character: There is no 端 ("7AEF) in font nullfont!
Missing character: There is no 行 ("884C) in font nullfont!
Missing character: There is no 为 ("4E3A) in font nullfont!
Missing character: There is no 的 ("7684) in font nullfont!
Missing character: There is no 系 ("7CFB) in font nullfont!
Missing character: There is no 统 ("7EDF) in font nullfont!
Missing character: There is no 性 ("6027) in font nullfont!
Missing character: There is no 验 ("9A8C) in font nullfont!
Missing character: There is no 证 ("8BC1) in font nullfont!
Missing character: There is no 。 ("3002) in font nullfont!
Missing character: There is no 为 ("4E3A) in font nullfont!
Missing character: There is no 了 ("4E86) in font nullfont!
Missing character: There is no 确 ("786E) in font nullfont!
Missing character: There is no 保 ("4FDD) in font nullfont!
Missing character: There is no 全 ("5168) in font nullfont!
Missing character: There is no 局 ("5C40) in font nullfont!
Missing character: There is no 指 ("6307) in font nullfont!
Missing character: There is no 令 ("4EE4) in font nullfont!
Missing character: There is no 选 ("9009) in font nullfont!
Missing character: There is no 择 ("62E9) in font nullfont!
Missing character: There is no 在 ("5728) in font nullfont!
Missing character: There is no 复 ("590D) in font nullfont!
Missing character: There is no 杂 ("6742) in font nullfont!
Missing character: There is no 场 ("573A) in font nullfont!
Missing character: There is no 景 ("666F) in font nullfont!
Missing character: There is no 下 ("4E0B) in font nullfont!
Missing character: There is no 的 ("7684) in font nullfont!
Missing character: There is no 功 ("529F) in font nullfont!
Missing character: There is no 能 ("80FD) in font nullfont!
Missing character: There is no 与 ("4E0E) in font nullfont!
Missing character: There is no 性 ("6027) in font nullfont!
Missing character: There is no 能 ("80FD) in font nullfont!
Missing character: There is no 的 ("7684) in font nullfont!
Missing character: There is no 稳 ("7A33) in font nullfont!
Missing character: There is no 定 ("5B9A) in font nullfont!
Missing character: There is no ， ("FF0C) in font nullfont!
Missing character: There is no 现 ("73B0) in font nullfont!
Missing character: There is no 有 ("6709) in font nullfont!
Missing character: There is no 测 ("6D4B) in font nullfont!
Missing character: There is no 试 ("8BD5) in font nullfont!
Missing character: There is no 体 ("4F53) in font nullfont!
Missing character: There is no 系 ("7CFB) in font nullfont!
Missing character: There is no 需 ("9700) in font nullfont!
Missing character: There is no 从 ("4ECE) in font nullfont!
Missing character: There is no 测 ("6D4B) in font nullfont!
Missing character: There is no 试 ("8BD5) in font nullfont!
Missing character: There is no 输 ("8F93) in font nullfont!
Missing character: There is no 入 ("5165) in font nullfont!
Missing character: There is no 覆 ("8986) in font nullfont!
Missing character: There is no 盖 ("76D6) in font nullfont!
Missing character: There is no 与 ("4E0E) in font nullfont!
Missing character: There is no 测 ("6D4B) in font nullfont!
Missing character: There is no 试 ("8BD5) in font nullfont!
Missing character: There is no 结 ("7ED3) in font nullfont!
Missing character: There is no 果 ("679C) in font nullfont!
Missing character: There is no 分 ("5206) in font nullfont!
Missing character: There is no 析 ("6790) in font nullfont!
Missing character: There is no 深 ("6DF1) in font nullfont!
Missing character: There is no 度 ("5EA6) in font nullfont!
Missing character: There is no 两 ("4E24) in font nullfont!
Missing character: There is no 方 ("65B9) in font nullfont!
Missing character: There is no 面 ("9762) in font nullfont!
Missing character: There is no 进 ("8FDB) in font nullfont!
Missing character: There is no 行 ("884C) in font nullfont!
Missing character: There is no 针 ("9488) in font nullfont!
Missing character: There is no 对 ("5BF9) in font nullfont!
Missing character: There is no 性 ("6027) in font nullfont!
Missing character: There is no 优 ("4F18) in font nullfont!
Missing character: There is no 化 ("5316) in font nullfont!
Missing character: There is no 。 ("3002) in font nullfont!

Overfull \hbox (20.0pt too wide) in paragraph at lines 81--83
[]
 []

Missing character: There is no 现 ("73B0) in font nullfont!
Missing character: There is no 有 ("6709) in font nullfont!
Missing character: There is no 测 ("6D4B) in font nullfont!
Missing character: There is no 试 ("8BD5) in font nullfont!
Missing character: There is no 体 ("4F53) in font nullfont!
Missing character: There is no 系 ("7CFB) in font nullfont!
Missing character: There is no 需 ("9700) in font nullfont!
Missing character: There is no 提 ("63D0) in font nullfont!
Missing character: There is no 升 ("5347) in font nullfont!
Missing character: There is no 测 ("6D4B) in font nullfont!
Missing character: There is no 试 ("8BD5) in font nullfont!
Missing character: There is no 用 ("7528) in font nullfont!
Missing character: There is no 例 ("4F8B) in font nullfont!
Missing character: There is no 的 ("7684) in font nullfont!
Missing character: There is no 覆 ("8986) in font nullfont!
Missing character: There is no 盖 ("76D6) in font nullfont!
Missing character: There is no 广 ("5E7F) in font nullfont!
Missing character: There is no 度 ("5EA6) in font nullfont!
Missing character: There is no 与 ("4E0E) in font nullfont!
Missing character: There is no 复 ("590D) in font nullfont!
Missing character: There is no 杂 ("6742) in font nullfont!
Missing character: There is no 场 ("573A) in font nullfont!
Missing character: There is no 景 ("666F) in font nullfont!
Missing character: There is no 的 ("7684) in font nullfont!
Missing character: There is no 模 ("6A21) in font nullfont!
Missing character: There is no 拟 ("62DF) in font nullfont!
Missing character: There is no 能 ("80FD) in font nullfont!
Missing character: There is no 力 ("529B) in font nullfont!
Missing character: There is no ， ("FF0C) in font nullfont!
Missing character: There is no 以 ("4EE5) in font nullfont!
Missing character: There is no 充 ("5145) in font nullfont!
Missing character: There is no 分 ("5206) in font nullfont!
Missing character: There is no 验 ("9A8C) in font nullfont!
Missing character: There is no 证 ("8BC1) in font nullfont!
Missing character: There is no 全 ("5168) in font nullfont!
Missing character: There is no 局 ("5C40) in font nullfont!
Missing character: There is no 指 ("6307) in font nullfont!
Missing character: There is no 令 ("4EE4) in font nullfont!
Missing character: There is no 选 ("9009) in font nullfont!
Missing character: There is no 择 ("62E9) in font nullfont!
Missing character: There is no 框 ("6846) in font nullfont!
Missing character: There is no 架 ("67B6) in font nullfont!
Missing character: There is no 中 ("4E2D) in font nullfont!
Missing character: There is no 基 ("57FA) in font nullfont!
Missing character: There is no 于 ("4E8E) in font nullfont!
Missing character: There is no 条 ("6761) in font nullfont!
Missing character: There is no 件 ("4EF6) in font nullfont!
Missing character: There is no 触 ("89E6) in font nullfont!
Missing character: There is no 发 ("53D1) in font nullfont!
Missing character: There is no 的 ("7684) in font nullfont!
Missing character: There is no 各 ("5404) in font nullfont!
Missing character: There is no 类 ("7C7B) in font nullfont!
Missing character: There is no 行 ("884C) in font nullfont!
Missing character: There is no 为 ("4E3A) in font nullfont!
Missing character: There is no 。 ("3002) in font nullfont!
Missing character: There is no 由 ("7531) in font nullfont!
Missing character: There is no 于 ("4E8E) in font nullfont!
Missing character: There is no 指 ("6307) in font nullfont!
Missing character: There is no 令 ("4EE4) in font nullfont!
Missing character: There is no 选 ("9009) in font nullfont!
Missing character: There is no 择 ("62E9) in font nullfont!
Missing character: There is no 、 ("3001) in font nullfont!
Missing character: There is no 寄 ("5BC4) in font nullfont!
Missing character: There is no 存 ("5B58) in font nullfont!
Missing character: There is no 器 ("5668) in font nullfont!
Missing character: There is no 组 ("7EC4) in font nullfont!
Missing character: There is no 绑 ("7ED1) in font nullfont!
Missing character: There is no 定 ("5B9A) in font nullfont!
Missing character: There is no 和 ("548C) in font nullfont!
Missing character: There is no 合 ("5408) in font nullfont!
Missing character: There is no 法 ("6CD5) in font nullfont!
Missing character: There is no 化 ("5316) in font nullfont!
Missing character: There is no 等 ("7B49) in font nullfont!
Missing character: There is no 阶 ("9636) in font nullfont!
Missing character: There is no 段 ("6BB5) in font nullfont!
Missing character: There is no 的 ("7684) in font nullfont!
Missing character: There is no 决 ("51B3) in font nullfont!
Missing character: There is no 策 ("7B56) in font nullfont!
Missing character: There is no 往 ("5F80) in font nullfont!
Missing character: There is no 往 ("5F80) in font nullfont!
Missing character: There is no 依 ("4F9D) in font nullfont!
Missing character: There is no 赖 ("8D56) in font nullfont!
Missing character: There is no 于 ("4E8E) in font nullfont!
Missing character: There is no 输 ("8F93) in font nullfont!
Missing character: There is no 入 ("5165) in font nullfont!
Missing character: There is no 程 ("7A0B) in font nullfont!
Missing character: There is no 序 ("5E8F) in font nullfont!
Missing character: There is no 的 ("7684) in font nullfont!
Missing character: There is no 控 ("63A7) in font nullfont!
Missing character: There is no 制 ("5236) in font nullfont!
Missing character: There is no 流 ("6D41) in font nullfont!
Missing character: There is no 结 ("7ED3) in font nullfont!
Missing character: There is no 构 ("6784) in font nullfont!
Missing character: There is no 、 ("3001) in font nullfont!
Missing character: There is no 数 ("6570) in font nullfont!
Missing character: There is no 据 ("636E) in font nullfont!
Missing character: There is no 分 ("5206) in font nullfont!
Missing character: There is no 布 ("5E03) in font nullfont!
Missing character: There is no 以 ("4EE5) in font nullfont!
Missing character: There is no 及 ("53CA) in font nullfont!
Missing character: There is no 运 ("8FD0) in font nullfont!
Missing character: There is no 算 ("7B97) in font nullfont!
Missing character: There is no 模 ("6A21) in font nullfont!
Missing character: There is no 式 ("5F0F) in font nullfont!
Missing character: There is no ， ("FF0C) in font nullfont!
Missing character: There is no 仅 ("4EC5) in font nullfont!
Missing character: There is no 仅 ("4EC5) in font nullfont!
Missing character: There is no 依 ("4F9D) in font nullfont!
Missing character: There is no 靠 ("9760) in font nullfont!
Missing character: There is no 人 ("4EBA) in font nullfont!
Missing character: There is no 工 ("5DE5) in font nullfont!
Missing character: There is no 设 ("8BBE) in font nullfont!
Missing character: There is no 计 ("8BA1) in font nullfont!
Missing character: There is no 的 ("7684) in font nullfont!
Missing character: There is no 测 ("6D4B) in font nullfont!
Missing character: There is no 试 ("8BD5) in font nullfont!
Missing character: There is no 样 ("6837) in font nullfont!
Missing character: There is no 例 ("4F8B) in font nullfont!
Missing character: There is no 难 ("96BE) in font nullfont!
Missing character: There is no 以 ("4EE5) in font nullfont!
Missing character: There is no 系 ("7CFB) in font nullfont!
Missing character: There is no 统 ("7EDF) in font nullfont!
Missing character: There is no 覆 ("8986) in font nullfont!
Missing character: There is no 盖 ("76D6) in font nullfont!
Missing character: There is no 所 ("6240) in font nullfont!
Missing character: There is no 有 ("6709) in font nullfont!
Missing character: There is no 潜 ("6F5C) in font nullfont!
Missing character: There is no 在 ("5728) in font nullfont!
Missing character: There is no 组 ("7EC4) in font nullfont!
Missing character: There is no 合 ("5408) in font nullfont!
Missing character: There is no 路 ("8DEF) in font nullfont!
Missing character: There is no 径 ("5F84) in font nullfont!
Missing character: There is no 。 ("3002) in font nullfont!
Missing character: There is no 因 ("56E0) in font nullfont!
Missing character: There is no 此 ("6B64) in font nullfont!
Missing character: There is no ， ("FF0C) in font nullfont!
Missing character: There is no 有 ("6709) in font nullfont!
Missing character: There is no 必 ("5FC5) in font nullfont!
Missing character: There is no 要 ("8981) in font nullfont!
Missing character: There is no 引 ("5F15) in font nullfont!
Missing character: There is no 入 ("5165) in font nullfont!
Missing character: There is no 随 ("968F) in font nullfont!
Missing character: There is no 机 ("673A) in font nullfont!
Missing character: There is no 测 ("6D4B) in font nullfont!
Missing character: There is no 试 ("8BD5) in font nullfont!
Missing character: There is no 生 ("751F) in font nullfont!
Missing character: There is no 成 ("6210) in font nullfont!
Missing character: There is no 机 ("673A) in font nullfont!
Missing character: There is no 制 ("5236) in font nullfont!
Missing character: There is no ， ("FF0C) in font nullfont!
Missing character: There is no 通 ("901A) in font nullfont!
Missing character: There is no 过 ("8FC7) in font nullfont!
Missing character: There is no 自 ("81EA) in font nullfont!
Missing character: There is no 动 ("52A8) in font nullfont!
Missing character: There is no 化 ("5316) in font nullfont!
Missing character: There is no 方 ("65B9) in font nullfont!
Missing character: There is no 式 ("5F0F) in font nullfont!
Missing character: There is no 生 ("751F) in font nullfont!
Missing character: There is no 成 ("6210) in font nullfont!
Missing character: There is no 大 ("5927) in font nullfont!
Missing character: There is no 量 ("91CF) in font nullfont!
Missing character: There is no 具 ("5177) in font nullfont!
Missing character: There is no 有 ("6709) in font nullfont!
Missing character: There is no 结 ("7ED3) in font nullfont!
Missing character: There is no 构 ("6784) in font nullfont!
Missing character: There is no 多 ("591A) in font nullfont!
Missing character: There is no 样 ("6837) in font nullfont!
Missing character: There is no 性 ("6027) in font nullfont!
Missing character: There is no 和 ("548C) in font nullfont!
Missing character: There is no 数 ("6570) in font nullfont!
Missing character: There is no 据 ("636E) in font nullfont!
Missing character: There is no 随 ("968F) in font nullfont!
Missing character: There is no 机 ("673A) in font nullfont!
Missing character: There is no 性 ("6027) in font nullfont!
Missing character: There is no 的 ("7684) in font nullfont!
Missing character: There is no 测 ("6D4B) in font nullfont!
Missing character: There is no 试 ("8BD5) in font nullfont!
Missing character: There is no 程 ("7A0B) in font nullfont!
Missing character: There is no 序 ("5E8F) in font nullfont!
Missing character: There is no ， ("FF0C) in font nullfont!
Missing character: There is no 从 ("4ECE) in font nullfont!
Missing character: There is no 而 ("800C) in font nullfont!
Missing character: There is no 覆 ("8986) in font nullfont!
Missing character: There is no 盖 ("76D6) in font nullfont!
Missing character: There is no 人 ("4EBA) in font nullfont!
Missing character: There is no 工 ("5DE5) in font nullfont!
Missing character: There is no 测 ("6D4B) in font nullfont!
Missing character: There is no 试 ("8BD5) in font nullfont!
Missing character: There is no 难 ("96BE) in font nullfont!
Missing character: There is no 以 ("4EE5) in font nullfont!
Missing character: There is no 触 ("89E6) in font nullfont!
Missing character: There is no 及 ("53CA) in font nullfont!
Missing character: There is no 的 ("7684) in font nullfont!
Missing character: There is no 边 ("8FB9) in font nullfont!
Missing character: There is no 缘 ("7F18) in font nullfont!
Missing character: There is no 场 ("573A) in font nullfont!
Missing character: There is no 景 ("666F) in font nullfont!
Missing character: There is no 。 ("3002) in font nullfont!
Missing character: There is no 这 ("8FD9) in font nullfont!
Missing character: There is no 种 ("79CD) in font nullfont!
Missing character: There is no 随 ("968F) in font nullfont!
Missing character: There is no 机 ("673A) in font nullfont!
Missing character: There is no 测 ("6D4B) in font nullfont!
Missing character: There is no 试 ("8BD5) in font nullfont!
Missing character: There is no 方 ("65B9) in font nullfont!
Missing character: There is no 式 ("5F0F) in font nullfont!
Missing character: There is no 能 ("80FD) in font nullfont!
Missing character: There is no 够 ("591F) in font nullfont!
Missing character: There is no 有 ("6709) in font nullfont!
Missing character: There is no 效 ("6548) in font nullfont!
Missing character: There is no 暴 ("66B4) in font nullfont!
Missing character: There is no 露 ("9732) in font nullfont!
Missing character: There is no 隐 ("9690) in font nullfont!
Missing character: There is no 藏 ("85CF) in font nullfont!
Missing character: There is no 在 ("5728) in font nullfont!
Missing character: There is no 特 ("7279) in font nullfont!
Missing character: There is no 定 ("5B9A) in font nullfont!
Missing character: There is no 输 ("8F93) in font nullfont!
Missing character: There is no 入 ("5165) in font nullfont!
Missing character: There is no 条 ("6761) in font nullfont!
Missing character: There is no 件 ("4EF6) in font nullfont!
Missing character: There is no 下 ("4E0B) in font nullfont!
Missing character: There is no 的 ("7684) in font nullfont!
Missing character: There is no 潜 ("6F5C) in font nullfont!
Missing character: There is no 在 ("5728) in font nullfont!
Missing character: There is no 缺 ("7F3A) in font nullfont!
Missing character: There is no 陷 ("9677) in font nullfont!
Missing character: There is no ， ("FF0C) in font nullfont!
Missing character: There is no 提 ("63D0) in font nullfont!
Missing character: There is no 升 ("5347) in font nullfont!
Missing character: There is no 编 ("7F16) in font nullfont!
Missing character: There is no 译 ("8BD1) in font nullfont!
Missing character: There is no 器 ("5668) in font nullfont!
Missing character: There is no 后 ("540E) in font nullfont!
Missing character: There is no 端 ("7AEF) in font nullfont!
Missing character: There is no 对 ("5BF9) in font nullfont!
Missing character: There is no 复 ("590D) in font nullfont!
Missing character: There is no 杂 ("6742) in font nullfont!
Missing character: There is no 输 ("8F93) in font nullfont!
Missing character: There is no 入 ("5165) in font nullfont!
Missing character: There is no 场 ("573A) in font nullfont!
Missing character: There is no 景 ("666F) in font nullfont!
Missing character: There is no 的 ("7684) in font nullfont!
Missing character: There is no 整 ("6574) in font nullfont!
Missing character: There is no 体 ("4F53) in font nullfont!
Missing character: There is no 鲁 ("9C81) in font nullfont!
Missing character: There is no 棒 ("68D2) in font nullfont!
Missing character: There is no 性 ("6027) in font nullfont!
Missing character: There is no 。 ("3002) in font nullfont!

Overfull \hbox (20.0pt too wide) in paragraph at lines 86--87
[] 
 []

Missing character: There is no 全 ("5168) in font nullfont!
Missing character: There is no 局 ("5C40) in font nullfont!
Missing character: There is no 指 ("6307) in font nullfont!
Missing character: There is no 令 ("4EE4) in font nullfont!
Missing character: There is no 选 ("9009) in font nullfont!
Missing character: There is no 择 ("62E9) in font nullfont!
Missing character: There is no 及 ("53CA) in font nullfont!
Missing character: There is no 其 ("5176) in font nullfont!
Missing character: There is no 相 ("76F8) in font nullfont!
Missing character: There is no 关 ("5173) in font nullfont!
Missing character: There is no 优 ("4F18) in font nullfont!
Missing character: There is no 化 ("5316) in font nullfont!
Missing character: There is no 策 ("7B56) in font nullfont!
Missing character: There is no 略 ("7565) in font nullfont!
Missing character: There is no 的 ("7684) in font nullfont!
Missing character: There is no 引 ("5F15) in font nullfont!
Missing character: There is no 入 ("5165) in font nullfont!
Missing character: There is no ， ("FF0C) in font nullfont!
Missing character: There is no 往 ("5F80) in font nullfont!
Missing character: There is no 往 ("5F80) in font nullfont!
Missing character: There is no 不 ("4E0D) in font nullfont!
Missing character: There is no 会 ("4F1A) in font nullfont!
Missing character: There is no 直 ("76F4) in font nullfont!
Missing character: There is no 接 ("63A5) in font nullfont!
Missing character: There is no 导 ("5BFC) in font nullfont!
Missing character: There is no 致 ("81F4) in font nullfont!
Missing character: There is no 功 ("529F) in font nullfont!
Missing character: There is no 能 ("80FD) in font nullfont!
Missing character: There is no 错 ("9519) in font nullfont!
Missing character: There is no 误 ("8BEF) in font nullfont!
Missing character: There is no ， ("FF0C) in font nullfont!
Missing character: There is no 而 ("800C) in font nullfont!
Missing character: There is no 是 ("662F) in font nullfont!
Missing character: There is no 可 ("53EF) in font nullfont!
Missing character: There is no 能 ("80FD) in font nullfont!
Missing character: There is no 以 ("4EE5) in font nullfont!
Missing character: There is no 性 ("6027) in font nullfont!
Missing character: There is no 能 ("80FD) in font nullfont!
Missing character: There is no 退 ("9000) in font nullfont!
Missing character: There is no 化 ("5316) in font nullfont!
Missing character: There is no 、 ("3001) in font nullfont!
Missing character: There is no 代 ("4EE3) in font nullfont!
Missing character: There is no 码 ("7801) in font nullfont!
Missing character: There is no 体 ("4F53) in font nullfont!
Missing character: There is no 积 ("79EF) in font nullfont!
Missing character: There is no 膨 ("81A8) in font nullfont!
Missing character: There is no 胀 ("80C0) in font nullfont!
Missing character: There is no 或 ("6216) in font nullfont!
Missing character: There is no 指 ("6307) in font nullfont!
Missing character: There is no 令 ("4EE4) in font nullfont!
Missing character: There is no 级 ("7EA7) in font nullfont!
Missing character: There is no 行 ("884C) in font nullfont!
Missing character: There is no 为 ("4E3A) in font nullfont!
Missing character: There is no 异 ("5F02) in font nullfont!
Missing character: There is no 常 ("5E38) in font nullfont!
Missing character: There is no 等 ("7B49) in font nullfont!
Missing character: There is no 形 ("5F62) in font nullfont!
Missing character: There is no 式 ("5F0F) in font nullfont!
Missing character: There is no 体 ("4F53) in font nullfont!
Missing character: There is no 现 ("73B0) in font nullfont!
Missing character: There is no 出 ("51FA) in font nullfont!
Missing character: There is no 来 ("6765) in font nullfont!
Missing character: There is no 。 ("3002) in font nullfont!
Missing character: There is no 为 ("4E3A) in font nullfont!
Missing character: There is no 准 ("51C6) in font nullfont!
Missing character: There is no 确 ("786E) in font nullfont!
Missing character: There is no 评 ("8BC4) in font nullfont!
Missing character: There is no 估 ("4F30) in font nullfont!
Missing character: There is no 其 ("5176) in font nullfont!
Missing character: There is no 对 ("5BF9) in font nullfont!
Missing character: There is no D ("44) in font nullfont!
Missing character: There is no S ("53) in font nullfont!
Missing character: There is no P ("50) in font nullfont!
Missing character: There is no 架 ("67B6) in font nullfont!
Missing character: There is no 构 ("6784) in font nullfont!
Missing character: There is no 性 ("6027) in font nullfont!
Missing character: There is no 能 ("80FD) in font nullfont!
Missing character: There is no 的 ("7684) in font nullfont!
Missing character: There is no 影 ("5F71) in font nullfont!
Missing character: There is no 响 ("54CD) in font nullfont!
Missing character: There is no ， ("FF0C) in font nullfont!
Missing character: There is no 有 ("6709) in font nullfont!
Missing character: There is no 必 ("5FC5) in font nullfont!
Missing character: There is no 要 ("8981) in font nullfont!
Missing character: There is no 构 ("6784) in font nullfont!
Missing character: There is no 建 ("5EFA) in font nullfont!
Missing character: There is no 一 ("4E00) in font nullfont!
Missing character: There is no 套 ("5957) in font nullfont!
Missing character: There is no 能 ("80FD) in font nullfont!
Missing character: There is no 够 ("591F) in font nullfont!
Missing character: There is no 自 ("81EA) in font nullfont!
Missing character: There is no 动 ("52A8) in font nullfont!
Missing character: There is no 采 ("91C7) in font nullfont!
Missing character: There is no 集 ("96C6) in font nullfont!
Missing character: There is no 、 ("3001) in font nullfont!
Missing character: There is no 存 ("5B58) in font nullfont!
Missing character: There is no 储 ("50A8) in font nullfont!
Missing character: There is no 和 ("548C) in font nullfont!
Missing character: There is no 分 ("5206) in font nullfont!
Missing character: There is no 析 ("6790) in font nullfont!
Missing character: There is no 性 ("6027) in font nullfont!
Missing character: There is no 能 ("80FD) in font nullfont!
Missing character: There is no 指 ("6307) in font nullfont!
Missing character: There is no 标 ("6807) in font nullfont!
Missing character: There is no 的 ("7684) in font nullfont!
Missing character: There is no 评 ("8BC4) in font nullfont!
Missing character: There is no 估 ("4F30) in font nullfont!
Missing character: There is no 平 ("5E73) in font nullfont!
Missing character: There is no 台 ("53F0) in font nullfont!
Missing character: There is no ， ("FF0C) in font nullfont!
Missing character: There is no 对 ("5BF9) in font nullfont!
Missing character: There is no 程 ("7A0B) in font nullfont!
Missing character: There is no 序 ("5E8F) in font nullfont!
Missing character: There is no 执 ("6267) in font nullfont!
Missing character: There is no 行 ("884C) in font nullfont!
Missing character: There is no 周 ("5468) in font nullfont!
Missing character: There is no 期 ("671F) in font nullfont!
Missing character: There is no 、 ("3001) in font nullfont!
Missing character: There is no 代 ("4EE3) in font nullfont!
Missing character: There is no 码 ("7801) in font nullfont!
Missing character: There is no 体 ("4F53) in font nullfont!
Missing character: There is no 积 ("79EF) in font nullfont!
Missing character: There is no 及 ("53CA) in font nullfont!
Missing character: There is no 指 ("6307) in font nullfont!
Missing character: There is no 令 ("4EE4) in font nullfont!
Missing character: There is no 级 ("7EA7) in font nullfont!
Missing character: There is no 行 ("884C) in font nullfont!
Missing character: There is no 为 ("4E3A) in font nullfont!
Missing character: There is no 进 ("8FDB) in font nullfont!
Missing character: There is no 行 ("884C) in font nullfont!
Missing character: There is no 量 ("91CF) in font nullfont!
Missing character: There is no 化 ("5316) in font nullfont!
Missing character: There is no 记 ("8BB0) in font nullfont!
Missing character: There is no 录 ("5F55) in font nullfont!
Missing character: There is no ， ("FF0C) in font nullfont!
Missing character: There is no 并 ("5E76) in font nullfont!
Missing character: There is no 支 ("652F) in font nullfont!
Missing character: There is no 持 ("6301) in font nullfont!
Missing character: There is no 跨 ("8DE8) in font nullfont!
Missing character: There is no 版 ("7248) in font nullfont!
Missing character: There is no 本 ("672C) in font nullfont!
Missing character: There is no 的 ("7684) in font nullfont!
Missing character: There is no 对 ("5BF9) in font nullfont!
Missing character: There is no 比 ("6BD4) in font nullfont!
Missing character: There is no 分 ("5206) in font nullfont!
Missing character: There is no 析 ("6790) in font nullfont!
Missing character: There is no 和 ("548C) in font nullfont!
Missing character: There is no 趋 ("8D8B) in font nullfont!
Missing character: There is no 势 ("52BF) in font nullfont!
Missing character: There is no 观 ("89C2) in font nullfont!
Missing character: There is no 察 ("5BDF) in font nullfont!
Missing character: There is no 。 ("3002) in font nullfont!
Missing character: There is no 通 ("901A) in font nullfont!
Missing character: There is no 过 ("8FC7) in font nullfont!
Missing character: There is no 将 ("5C06) in font nullfont!
Missing character: There is no 测 ("6D4B) in font nullfont!
Missing character: There is no 试 ("8BD5) in font nullfont!
Missing character: There is no 结 ("7ED3) in font nullfont!
Missing character: There is no 果 ("679C) in font nullfont!
Missing character: There is no 结 ("7ED3) in font nullfont!
Missing character: There is no 构 ("6784) in font nullfont!
Missing character: There is no 化 ("5316) in font nullfont!
Missing character: There is no 存 ("5B58) in font nullfont!
Missing character: There is no 储 ("50A8) in font nullfont!
Missing character: There is no 并 ("5E76) in font nullfont!
Missing character: There is no 以 ("4EE5) in font nullfont!
Missing character: There is no 可 ("53EF) in font nullfont!
Missing character: There is no 视 ("89C6) in font nullfont!
Missing character: There is no 化 ("5316) in font nullfont!
Missing character: There is no 方 ("65B9) in font nullfont!
Missing character: There is no 式 ("5F0F) in font nullfont!
Missing character: There is no 呈 ("5448) in font nullfont!
Missing character: There is no 现 ("73B0) in font nullfont!
Missing character: There is no ， ("FF0C) in font nullfont!
Missing character: There is no 可 ("53EF) in font nullfont!
Missing character: There is no 有 ("6709) in font nullfont!
Missing character: There is no 效 ("6548) in font nullfont!
Missing character: There is no 降 ("964D) in font nullfont!
Missing character: There is no 低 ("4F4E) in font nullfont!
Missing character: There is no 性 ("6027) in font nullfont!
Missing character: There is no 能 ("80FD) in font nullfont!
Missing character: There is no 分 ("5206) in font nullfont!
Missing character: There is no 析 ("6790) in font nullfont!
Missing character: There is no 门 ("95E8) in font nullfont!
Missing character: There is no 槛 ("69DB) in font nullfont!
Missing character: There is no ， ("FF0C) in font nullfont!
Missing character: There is no 辅 ("8F85) in font nullfont!
Missing character: There is no 助 ("52A9) in font nullfont!
Missing character: There is no 开 ("5F00) in font nullfont!
Missing character: There is no 发 ("53D1) in font nullfont!
Missing character: There is no 者 ("8005) in font nullfont!
Missing character: There is no 快 ("5FEB) in font nullfont!
Missing character: There is no 速 ("901F) in font nullfont!
Missing character: There is no 定 ("5B9A) in font nullfont!
Missing character: There is no 位 ("4F4D) in font nullfont!
Missing character: There is no 性 ("6027) in font nullfont!
Missing character: There is no 能 ("80FD) in font nullfont!
Missing character: There is no 回 ("56DE) in font nullfont!
Missing character: There is no 退 ("9000) in font nullfont!
Missing character: There is no 和 ("548C) in font nullfont!
Missing character: There is no 异 ("5F02) in font nullfont!
Missing character: There is no 常 ("5E38) in font nullfont!
Missing character: There is no 变 ("53D8) in font nullfont!
Missing character: There is no 化 ("5316) in font nullfont!
Missing character: There is no 。 ("3002) in font nullfont!

Overfull \hbox (20.0pt too wide) in paragraph at lines 90--91
[] 
 []

Missing character: There is no 综 ("7EFC) in font nullfont!
Missing character: There is no 上 ("4E0A) in font nullfont!
Missing character: There is no 所 ("6240) in font nullfont!
Missing character: There is no 述 ("8FF0) in font nullfont!
Missing character: There is no ， ("FF0C) in font nullfont!
Missing character: There is no 面 ("9762) in font nullfont!
Missing character: There is no 向 ("5411) in font nullfont!
Missing character: There is no 全 ("5168) in font nullfont!
Missing character: There is no 局 ("5C40) in font nullfont!
Missing character: There is no 指 ("6307) in font nullfont!
Missing character: There is no 令 ("4EE4) in font nullfont!
Missing character: There is no 选 ("9009) in font nullfont!
Missing character: There is no 择 ("62E9) in font nullfont!
Missing character: There is no 框 ("6846) in font nullfont!
Missing character: There is no 架 ("67B6) in font nullfont!
Missing character: There is no 的 ("7684) in font nullfont!
Missing character: There is no D ("44) in font nullfont!
Missing character: There is no S ("53) in font nullfont!
Missing character: There is no P ("50) in font nullfont!
Missing character: There is no 工 ("5DE5) in font nullfont!
Missing character: There is no 具 ("5177) in font nullfont!
Missing character: There is no 链 ("94FE) in font nullfont!
Missing character: There is no 测 ("6D4B) in font nullfont!
Missing character: There is no 试 ("8BD5) in font nullfont!
Missing character: There is no 体 ("4F53) in font nullfont!
Missing character: There is no 系 ("7CFB) in font nullfont!
Missing character: There is no ， ("FF0C) in font nullfont!
Missing character: There is no 应 ("5E94) in font nullfont!
Missing character: There is no 当 ("5F53) in font nullfont!
Missing character: There is no 以 ("4EE5) in font nullfont!
Missing character: There is no 随 ("968F) in font nullfont!
Missing character: There is no 机 ("673A) in font nullfont!
Missing character: There is no 测 ("6D4B) in font nullfont!
Missing character: There is no 试 ("8BD5) in font nullfont!
Missing character: There is no 驱 ("9A71) in font nullfont!
Missing character: There is no 动 ("52A8) in font nullfont!
Missing character: There is no 的 ("7684) in font nullfont!
Missing character: There is no 高 ("9AD8) in font nullfont!
Missing character: There is no 覆 ("8986) in font nullfont!
Missing character: There is no 盖 ("76D6) in font nullfont!
Missing character: There is no 输 ("8F93) in font nullfont!
Missing character: There is no 入 ("5165) in font nullfont!
Missing character: There is no 验 ("9A8C) in font nullfont!
Missing character: There is no 证 ("8BC1) in font nullfont!
Missing character: There is no 为 ("4E3A) in font nullfont!
Missing character: There is no 基 ("57FA) in font nullfont!
Missing character: There is no 础 ("7840) in font nullfont!
Missing character: There is no ， ("FF0C) in font nullfont!
Missing character: There is no 以 ("4EE5) in font nullfont!
Missing character: There is no 性 ("6027) in font nullfont!
Missing character: There is no 能 ("80FD) in font nullfont!
Missing character: There is no 指 ("6307) in font nullfont!
Missing character: There is no 标 ("6807) in font nullfont!
Missing character: There is no 采 ("91C7) in font nullfont!
Missing character: There is no 集 ("96C6) in font nullfont!
Missing character: There is no 与 ("4E0E) in font nullfont!
Missing character: There is no 可 ("53EF) in font nullfont!
Missing character: There is no 视 ("89C6) in font nullfont!
Missing character: There is no 化 ("5316) in font nullfont!
Missing character: There is no 分 ("5206) in font nullfont!
Missing character: There is no 析 ("6790) in font nullfont!
Missing character: There is no 为 ("4E3A) in font nullfont!
Missing character: There is no 核 ("6838) in font nullfont!
Missing character: There is no 心 ("5FC3) in font nullfont!
Missing character: There is no 支 ("652F) in font nullfont!
Missing character: There is no 撑 ("6491) in font nullfont!
Missing character: There is no ， ("FF0C) in font nullfont!
Missing character: There is no 构 ("6784) in font nullfont!
Missing character: There is no 建 ("5EFA) in font nullfont!
Missing character: There is no 一 ("4E00) in font nullfont!
Missing character: There is no 套 ("5957) in font nullfont!
Missing character: There is no 覆 ("8986) in font nullfont!
Missing character: There is no 盖 ("76D6) in font nullfont!
Missing character: There is no 广 ("5E7F) in font nullfont!
Missing character: There is no 、 ("3001) in font nullfont!
Missing character: There is no 可 ("53EF) in font nullfont!
Missing character: There is no 量 ("91CF) in font nullfont!
Missing character: There is no 化 ("5316) in font nullfont!
Missing character: There is no 、 ("3001) in font nullfont!
Missing character: There is no 可 ("53EF) in font nullfont!
Missing character: There is no 追 ("8FFD) in font nullfont!
Missing character: There is no 溯 ("6EAF) in font nullfont!
Missing character: There is no 的 ("7684) in font nullfont!
Missing character: There is no 测 ("6D4B) in font nullfont!
Missing character: There is no 试 ("8BD5) in font nullfont!
Missing character: There is no 评 ("8BC4) in font nullfont!
Missing character: There is no 估 ("4F30) in font nullfont!
Missing character: There is no 机 ("673A) in font nullfont!
Missing character: There is no 制 ("5236) in font nullfont!
Missing character: There is no 。 ("3002) in font nullfont!
Missing character: There is no 针 ("9488) in font nullfont!
Missing character: There is no 对 ("5BF9) in font nullfont!
Missing character: There is no 这 ("8FD9) in font nullfont!
Missing character: There is no 一 ("4E00) in font nullfont!
Missing character: There is no 目 ("76EE) in font nullfont!
Missing character: There is no 标 ("6807) in font nullfont!
Missing character: There is no ， ("FF0C) in font nullfont!
Missing character: There is no 本 ("672C) in font nullfont!
Missing character: There is no 文 ("6587) in font nullfont!
Missing character: There is no 在 ("5728) in font nullfont!
Missing character: There is no 后 ("540E) in font nullfont!
Missing character: There is no 续 ("7EED) in font nullfont!
Missing character: There is no 章 ("7AE0) in font nullfont!
Missing character: There is no 节 ("8282) in font nullfont!
Missing character: There is no 中 ("4E2D) in font nullfont!
Missing character: There is no 设 ("8BBE) in font nullfont!
Missing character: There is no 计 ("8BA1) in font nullfont!
Missing character: There is no 并 ("5E76) in font nullfont!
Missing character: There is no 实 ("5B9E) in font nullfont!
Missing character: There is no 现 ("73B0) in font nullfont!
Missing character: There is no 了 ("4E86) in font nullfont!
Missing character: There is no 一 ("4E00) in font nullfont!
Missing character: There is no 套 ("5957) in font nullfont!
Missing character: There is no 集 ("96C6) in font nullfont!
Missing character: There is no 随 ("968F) in font nullfont!
Missing character: There is no 机 ("673A) in font nullfont!
Missing character: There is no 测 ("6D4B) in font nullfont!
Missing character: There is no 试 ("8BD5) in font nullfont!
Missing character: There is no 生 ("751F) in font nullfont!
Missing character: There is no 成 ("6210) in font nullfont!
Missing character: There is no 与 ("4E0E) in font nullfont!
Missing character: There is no 性 ("6027) in font nullfont!
Missing character: There is no 能 ("80FD) in font nullfont!
Missing character: There is no 评 ("8BC4) in font nullfont!
Missing character: There is no 估 ("4F30) in font nullfont!
Missing character: There is no 于 ("4E8E) in font nullfont!
Missing character: There is no 一 ("4E00) in font nullfont!
Missing character: There is no 体 ("4F53) in font nullfont!
Missing character: There is no 的 ("7684) in font nullfont!
Missing character: There is no 测 ("6D4B) in font nullfont!
Missing character: There is no 试 ("8BD5) in font nullfont!
Missing character: There is no 评 ("8BC4) in font nullfont!
Missing character: There is no 估 ("4F30) in font nullfont!
Missing character: There is no 平 ("5E73) in font nullfont!
Missing character: There is no 台 ("53F0) in font nullfont!
Missing character: There is no ， ("FF0C) in font nullfont!
Missing character: There is no 该 ("8BE5) in font nullfont!
Missing character: There is no 平 ("5E73) in font nullfont!
Missing character: There is no 台 ("53F0) in font nullfont!
Missing character: There is no 可 ("53EF) in font nullfont!
Missing character: There is no 有 ("6709) in font nullfont!
Missing character: There is no 效 ("6548) in font nullfont!
Missing character: There is no 支 ("652F) in font nullfont!
Missing character: There is no 撑 ("6491) in font nullfont!
Missing character: There is no 全 ("5168) in font nullfont!
Missing character: There is no 局 ("5C40) in font nullfont!
Missing character: There is no 指 ("6307) in font nullfont!
Missing character: There is no 令 ("4EE4) in font nullfont!
Missing character: There is no 选 ("9009) in font nullfont!
Missing character: There is no 择 ("62E9) in font nullfont!
Missing character: There is no 及 ("53CA) in font nullfont!
Missing character: There is no 其 ("5176) in font nullfont!
Missing character: There is no 优 ("4F18) in font nullfont!
Missing character: There is no 化 ("5316) in font nullfont!
Missing character: There is no 策 ("7B56) in font nullfont!
Missing character: There is no 略 ("7565) in font nullfont!
Missing character: There is no 的 ("7684) in font nullfont!
Missing character: There is no 功 ("529F) in font nullfont!
Missing character: There is no 能 ("80FD) in font nullfont!
Missing character: There is no 验 ("9A8C) in font nullfont!
Missing character: There is no 证 ("8BC1) in font nullfont!
Missing character: There is no 与 ("4E0E) in font nullfont!
Missing character: There is no 性 ("6027) in font nullfont!
Missing character: There is no 能 ("80FD) in font nullfont!
Missing character: There is no 量 ("91CF) in font nullfont!
Missing character: There is no 化 ("5316) in font nullfont!
Missing character: There is no 分 ("5206) in font nullfont!
Missing character: There is no 析 ("6790) in font nullfont!
Missing character: There is no ， ("FF0C) in font nullfont!
Missing character: There is no 为 ("4E3A) in font nullfont!
Missing character: There is no 技 ("6280) in font nullfont!
Missing character: There is no 术 ("672F) in font nullfont!
Missing character: There is no 方 ("65B9) in font nullfont!
Missing character: There is no 案 ("6848) in font nullfont!
Missing character: There is no 的 ("7684) in font nullfont!
Missing character: There is no 落 ("843D) in font nullfont!
Missing character: There is no 地 ("5730) in font nullfont!
Missing character: There is no 提 ("63D0) in font nullfont!
Missing character: There is no 供 ("4F9B) in font nullfont!
Missing character: There is no 系 ("7CFB) in font nullfont!
Missing character: There is no 统 ("7EDF) in font nullfont!
Missing character: There is no 化 ("5316) in font nullfont!
Missing character: There is no 保 ("4FDD) in font nullfont!
Missing character: There is no 障 ("969C) in font nullfont!
Missing character: There is no 。 ("3002) in font nullfont!

Overfull \hbox (20.0pt too wide) in paragraph at lines 94--95
[] 
 []

! Undefined control sequence.
l.98 \subsection
                {随机测试生成技术与生成器选型}
The control sequence at the end of the top line
of your error message was never \def'ed. If you have
misspelled it (e.g., `\hobx'), type `I' and the correct
spelling (e.g., `I\hbox'). Otherwise just continue,
and I'll forget about whatever was undefined.

Missing character: There is no 随 ("968F) in font nullfont!
Missing character: There is no 机 ("673A) in font nullfont!
Missing character: There is no 测 ("6D4B) in font nullfont!
Missing character: There is no 试 ("8BD5) in font nullfont!
Missing character: There is no 生 ("751F) in font nullfont!
Missing character: There is no 成 ("6210) in font nullfont!
Missing character: There is no 技 ("6280) in font nullfont!
Missing character: There is no 术 ("672F) in font nullfont!
Missing character: There is no 与 ("4E0E) in font nullfont!
Missing character: There is no 生 ("751F) in font nullfont!
Missing character: There is no 成 ("6210) in font nullfont!
Missing character: There is no 器 ("5668) in font nullfont!
Missing character: There is no 选 ("9009) in font nullfont!
Missing character: There is no 型 ("578B) in font nullfont!
Missing character: There is no 随 ("968F) in font nullfont!
Missing character: There is no 机 ("673A) in font nullfont!
Missing character: There is no 测 ("6D4B) in font nullfont!
Missing character: There is no 试 ("8BD5) in font nullfont!
Missing character: There is no 生 ("751F) in font nullfont!
Missing character: There is no 成 ("6210) in font nullfont!
Missing character: There is no 技 ("6280) in font nullfont!
Missing character: There is no 术 ("672F) in font nullfont!
Missing character: There is no 是 ("662F) in font nullfont!
Missing character: There is no 自 ("81EA) in font nullfont!
Missing character: There is no 动 ("52A8) in font nullfont!
Missing character: There is no 化 ("5316) in font nullfont!
Missing character: There is no 测 ("6D4B) in font nullfont!
Missing character: There is no 试 ("8BD5) in font nullfont!
Missing character: There is no 的 ("7684) in font nullfont!
Missing character: There is no 核 ("6838) in font nullfont!
Missing character: There is no 心 ("5FC3) in font nullfont!
Missing character: There is no 技 ("6280) in font nullfont!
Missing character: There is no 术 ("672F) in font nullfont!
Missing character: There is no 之 ("4E4B) in font nullfont!
Missing character: There is no 一 ("4E00) in font nullfont!
Missing character: There is no ， ("FF0C) in font nullfont!
Missing character: There is no 其 ("5176) in font nullfont!
Missing character: There is no 核 ("6838) in font nullfont!
Missing character: There is no 心 ("5FC3) in font nullfont!
Missing character: There is no 原 ("539F) in font nullfont!
Missing character: There is no 理 ("7406) in font nullfont!
Missing character: There is no 是 ("662F) in font nullfont!
Missing character: There is no 使 ("4F7F) in font nullfont!
Missing character: There is no 用 ("7528) in font nullfont!
Missing character: There is no 随 ("968F) in font nullfont!
Missing character: There is no 机 ("673A) in font nullfont!
Missing character: There is no 或 ("6216) in font nullfont!
Missing character: There is no 伪 ("4F2A) in font nullfont!
Missing character: There is no 随 ("968F) in font nullfont!
Missing character: There is no 机 ("673A) in font nullfont!
Missing character: There is no 算 ("7B97) in font nullfont!
Missing character: There is no 法 ("6CD5) in font nullfont!
Missing character: There is no ， ("FF0C) in font nullfont!
Missing character: There is no 按 ("6309) in font nullfont!
Missing character: There is no 照 ("7167) in font nullfont!
Missing character: There is no 预 ("9884) in font nullfont!
Missing character: There is no 设 ("8BBE) in font nullfont!
Missing character: There is no 的 ("7684) in font nullfont!
Missing character: There is no 语 ("8BED) in font nullfont!
Missing character: There is no 法 ("6CD5) in font nullfont!
Missing character: There is no 和 ("548C) in font nullfont!
Missing character: There is no 语 ("8BED) in font nullfont!
Missing character: There is no 义 ("4E49) in font nullfont!
Missing character: There is no 规 ("89C4) in font nullfont!
Missing character: There is no 则 ("5219) in font nullfont!
Missing character: There is no 生 ("751F) in font nullfont!
Missing character: There is no 成 ("6210) in font nullfont!
Missing character: There is no 大 ("5927) in font nullfont!
Missing character: There is no 规 ("89C4) in font nullfont!
Missing character: There is no 模 ("6A21) in font nullfont!
Missing character: There is no 的 ("7684) in font nullfont!
Missing character: There is no 测 ("6D4B) in font nullfont!
Missing character: There is no 试 ("8BD5) in font nullfont!
Missing character: There is no 输 ("8F93) in font nullfont!
Missing character: There is no 入 ("5165) in font nullfont!
Missing character: There is no ， ("FF0C) in font nullfont!
Missing character: There is no 以 ("4EE5) in font nullfont!
Missing character: There is no 此 ("6B64) in font nullfont!
Missing character: There is no 验 ("9A8C) in font nullfont!
Missing character: There is no 证 ("8BC1) in font nullfont!
Missing character: There is no 软 ("8F6F) in font nullfont!
Missing character: There is no 件 ("4EF6) in font nullfont!
Missing character: There is no 系 ("7CFB) in font nullfont!
Missing character: There is no 统 ("7EDF) in font nullfont!
Missing character: There is no 在 ("5728) in font nullfont!
Missing character: There is no 不 ("4E0D) in font nullfont!
Missing character: There is no 同 ("540C) in font nullfont!
Missing character: There is no 输 ("8F93) in font nullfont!
Missing character: There is no 入 ("5165) in font nullfont!
Missing character: There is no 场 ("573A) in font nullfont!
Missing character: There is no 景 ("666F) in font nullfont!
Missing character: There is no 下 ("4E0B) in font nullfont!
Missing character: There is no 功 ("529F) in font nullfont!
Missing character: There is no 能 ("80FD) in font nullfont!
Missing character: There is no 的 ("7684) in font nullfont!
Missing character: There is no 正 ("6B63) in font nullfont!
Missing character: There is no 确 ("786E) in font nullfont!
Missing character: There is no 性 ("6027) in font nullfont!
Missing character: There is no 、 ("3001) in font nullfont!
Missing character: There is no 运 ("8FD0) in font nullfont!
Missing character: There is no 行 ("884C) in font nullfont!
Missing character: There is no 的 ("7684) in font nullfont!
Missing character: There is no 稳 ("7A33) in font nullfont!
Missing character: There is no 定 ("5B9A) in font nullfont!
Missing character: There is no 性 ("6027) in font nullfont!
Missing character: There is no 以 ("4EE5) in font nullfont!
Missing character: There is no 及 ("53CA) in font nullfont!
Missing character: There is no 整 ("6574) in font nullfont!
Missing character: There is no 体 ("4F53) in font nullfont!
Missing character: There is no 的 ("7684) in font nullfont!
Missing character: There is no 鲁 ("9C81) in font nullfont!
Missing character: There is no 棒 ("68D2) in font nullfont!
Missing character: There is no 性 ("6027) in font nullfont!
Missing character: There is no 。 ("3002) in font nullfont!
Missing character: There is no 和 ("548C) in font nullfont!
Missing character: There is no 传 ("4F20) in font nullfont!
Missing character: There is no 统 ("7EDF) in font nullfont!
Missing character: There is no 的 ("7684) in font nullfont!
Missing character: There is no 人 ("4EBA) in font nullfont!
Missing character: There is no 工 ("5DE5) in font nullfont!
Missing character: There is no 编 ("7F16) in font nullfont!
Missing character: There is no 写 ("5199) in font nullfont!
Missing character: There is no 测 ("6D4B) in font nullfont!
Missing character: There is no 试 ("8BD5) in font nullfont!
Missing character: There is no 用 ("7528) in font nullfont!
Missing character: There is no 例 ("4F8B) in font nullfont!
Missing character: There is no 的 ("7684) in font nullfont!
Missing character: There is no 方 ("65B9) in font nullfont!
Missing character: There is no 式 ("5F0F) in font nullfont!
Missing character: There is no 相 ("76F8) in font nullfont!
Missing character: There is no 比 ("6BD4) in font nullfont!
Missing character: There is no ， ("FF0C) in font nullfont!
Missing character: There is no 随 ("968F) in font nullfont!
Missing character: There is no 机 ("673A) in font nullfont!
Missing character: There is no 测 ("6D4B) in font nullfont!
Missing character: There is no 试 ("8BD5) in font nullfont!
Missing character: There is no 能 ("80FD) in font nullfont!
Missing character: There is no 够 ("591F) in font nullfont!
Missing character: There is no 在 ("5728) in font nullfont!
Missing character: There is no 更 ("66F4) in font nullfont!
Missing character: There is no 短 ("77ED) in font nullfont!
Missing character: There is no 时 ("65F6) in font nullfont!
Missing character: There is no 间 ("95F4) in font nullfont!
Missing character: There is no 内 ("5185) in font nullfont!
Missing character: There is no 覆 ("8986) in font nullfont!
Missing character: There is no 盖 ("76D6) in font nullfont!
Missing character: There is no 更 ("66F4) in font nullfont!
Missing character: There is no 广 ("5E7F) in font nullfont!
Missing character: There is no 的 ("7684) in font nullfont!
Missing character: There is no 输 ("8F93) in font nullfont!
Missing character: There is no 入 ("5165) in font nullfont!
Missing character: There is no 空 ("7A7A) in font nullfont!
Missing character: There is no 间 ("95F4) in font nullfont!
Missing character: There is no ， ("FF0C) in font nullfont!
Missing character: There is no 有 ("6709) in font nullfont!
Missing character: There is no 利 ("5229) in font nullfont!
Missing character: There is no 于 ("4E8E) in font nullfont!
Missing character: There is no 发 ("53D1) in font nullfont!
Missing character: There is no 现 ("73B0) in font nullfont!
Missing character: There is no 隐 ("9690) in font nullfont!
Missing character: There is no 藏 ("85CF) in font nullfont!
Missing character: There is no 较 ("8F83) in font nullfont!
Missing character: There is no 深 ("6DF1) in font nullfont!
Missing character: There is no 、 ("3001) in font nullfont!
Missing character: There is no 难 ("96BE) in font nullfont!
Missing character: There is no 以 ("4EE5) in font nullfont!
Missing character: There is no 通 ("901A) in font nullfont!
Missing character: There is no 过 ("8FC7) in font nullfont!
Missing character: There is no 人 ("4EBA) in font nullfont!
Missing character: There is no 工 ("5DE5) in font nullfont!
Missing character: There is no 经 ("7ECF) in font nullfont!
Missing character: There is no 验 ("9A8C) in font nullfont!
Missing character: There is no 判 ("5224) in font nullfont!
Missing character: There is no 断 ("65AD) in font nullfont!
Missing character: There is no 的 ("7684) in font nullfont!
Missing character: There is no 边 ("8FB9) in font nullfont!
Missing character: There is no 界 ("754C) in font nullfont!
Missing character: There is no 错 ("9519) in font nullfont!
Missing character: There is no 误 ("8BEF) in font nullfont!
Missing character: There is no 和 ("548C) in font nullfont!
Missing character: There is no 组 ("7EC4) in font nullfont!
Missing character: There is no 合 ("5408) in font nullfont!
Missing character: There is no 缺 ("7F3A) in font nullfont!
Missing character: There is no 陷 ("9677) in font nullfont!
Missing character: There is no 。 ("3002) in font nullfont!

Overfull \hbox (20.0pt too wide) in paragraph at lines 98--100
[]
 []

Missing character: There is no 在 ("5728) in font nullfont!
Missing character: There is no 编 ("7F16) in font nullfont!
Missing character: There is no 译 ("8BD1) in font nullfont!
Missing character: There is no 器 ("5668) in font nullfont!
Missing character: There is no 测 ("6D4B) in font nullfont!
Missing character: There is no 试 ("8BD5) in font nullfont!
Missing character: There is no 中 ("4E2D) in font nullfont!
Missing character: There is no ， ("FF0C) in font nullfont!
Missing character: There is no 随 ("968F) in font nullfont!
Missing character: There is no 机 ("673A) in font nullfont!
Missing character: There is no 测 ("6D4B) in font nullfont!
Missing character: There is no 试 ("8BD5) in font nullfont!
Missing character: There is no 技 ("6280) in font nullfont!
Missing character: There is no 术 ("672F) in font nullfont!
Missing character: There is no 通 ("901A) in font nullfont!
Missing character: There is no 常 ("5E38) in font nullfont!
Missing character: There is no 借 ("501F) in font nullfont!
Missing character: There is no 助 ("52A9) in font nullfont!
Missing character: There is no 专 ("4E13) in font nullfont!
Missing character: There is no 用 ("7528) in font nullfont!
Missing character: There is no 的 ("7684) in font nullfont!
Missing character: There is no 随 ("968F) in font nullfont!
Missing character: There is no 机 ("673A) in font nullfont!
Missing character: There is no 测 ("6D4B) in font nullfont!
Missing character: There is no 试 ("8BD5) in font nullfont!
Missing character: There is no 生 ("751F) in font nullfont!
Missing character: There is no 成 ("6210) in font nullfont!
Missing character: There is no 器 ("5668) in font nullfont!
Missing character: There is no 来 ("6765) in font nullfont!
Missing character: There is no 实 ("5B9E) in font nullfont!
Missing character: There is no 现 ("73B0) in font nullfont!
Missing character: There is no 。 ("3002) in font nullfont!
Missing character: There is no 这 ("8FD9) in font nullfont!
Missing character: There is no 类 ("7C7B) in font nullfont!
Missing character: There is no 工 ("5DE5) in font nullfont!
Missing character: There is no 具 ("5177) in font nullfont!
Missing character: There is no 会 ("4F1A) in font nullfont!
Missing character: There is no 随 ("968F) in font nullfont!
Missing character: There is no 机 ("673A) in font nullfont!
Missing character: There is no 组 ("7EC4) in font nullfont!
Missing character: There is no 合 ("5408) in font nullfont!
Missing character: There is no 表 ("8868) in font nullfont!
Missing character: There is no 达 ("8FBE) in font nullfont!
Missing character: There is no 式 ("5F0F) in font nullfont!
Missing character: There is no 、 ("3001) in font nullfont!
Missing character: There is no 控 ("63A7) in font nullfont!
Missing character: There is no 制 ("5236) in font nullfont!
Missing character: There is no 流 ("6D41) in font nullfont!
Missing character: There is no 结 ("7ED3) in font nullfont!
Missing character: There is no 构 ("6784) in font nullfont!
Missing character: There is no 、 ("3001) in font nullfont!
Missing character: There is no 数 ("6570) in font nullfont!
Missing character: There is no 据 ("636E) in font nullfont!
Missing character: There is no 类 ("7C7B) in font nullfont!
Missing character: There is no 型 ("578B) in font nullfont!
Missing character: There is no 以 ("4EE5) in font nullfont!
Missing character: There is no 及 ("53CA) in font nullfont!
Missing character: There is no 运 ("8FD0) in font nullfont!
Missing character: There is no 算 ("7B97) in font nullfont!
Missing character: There is no 符 ("7B26) in font nullfont!
Missing character: There is no 等 ("7B49) in font nullfont!
Missing character: There is no 语 ("8BED) in font nullfont!
Missing character: There is no 言 ("8A00) in font nullfont!
Missing character: There is no 构 ("6784) in font nullfont!
Missing character: There is no 造 ("9020) in font nullfont!
Missing character: There is no 要 ("8981) in font nullfont!
Missing character: There is no 素 ("7D20) in font nullfont!
Missing character: There is no ， ("FF0C) in font nullfont!
Missing character: There is no 来 ("6765) in font nullfont!
Missing character: There is no 生 ("751F) in font nullfont!
Missing character: There is no 成 ("6210) in font nullfont!
Missing character: There is no 大 ("5927) in font nullfont!
Missing character: There is no 量 ("91CF) in font nullfont!
Missing character: There is no 结 ("7ED3) in font nullfont!
Missing character: There is no 构 ("6784) in font nullfont!
Missing character: There is no 各 ("5404) in font nullfont!
Missing character: There is no 异 ("5F02) in font nullfont!
Missing character: There is no 的 ("7684) in font nullfont!
Missing character: There is no 测 ("6D4B) in font nullfont!
Missing character: There is no 试 ("8BD5) in font nullfont!
Missing character: There is no 程 ("7A0B) in font nullfont!
Missing character: There is no 序 ("5E8F) in font nullfont!
Missing character: There is no ， ("FF0C) in font nullfont!
Missing character: There is no 并 ("5E76) in font nullfont!
Missing character: There is no 将 ("5C06) in font nullfont!
Missing character: There is no 其 ("5176) in font nullfont!
Missing character: There is no 作 ("4F5C) in font nullfont!
Missing character: There is no 为 ("4E3A) in font nullfont!
Missing character: There is no 输 ("8F93) in font nullfont!
Missing character: There is no 入 ("5165) in font nullfont!
Missing character: There is no 交 ("4EA4) in font nullfont!
Missing character: There is no 由 ("7531) in font nullfont!
Missing character: There is no 编 ("7F16) in font nullfont!
Missing character: There is no 译 ("8BD1) in font nullfont!
Missing character: There is no 器 ("5668) in font nullfont!
Missing character: There is no 处 ("5904) in font nullfont!
Missing character: There is no 理 ("7406) in font nullfont!
Missing character: There is no ， ("FF0C) in font nullfont!
Missing character: There is no 从 ("4ECE) in font nullfont!
Missing character: There is no 而 ("800C) in font nullfont!
Missing character: There is no 验 ("9A8C) in font nullfont!
Missing character: There is no 证 ("8BC1) in font nullfont!
Missing character: There is no 编 ("7F16) in font nullfont!
Missing character: There is no 译 ("8BD1) in font nullfont!
Missing character: There is no 器 ("5668) in font nullfont!
Missing character: There is no 前 ("524D) in font nullfont!
Missing character: There is no 端 ("7AEF) in font nullfont!
Missing character: There is no 解 ("89E3) in font nullfont!
Missing character: There is no 析 ("6790) in font nullfont!
Missing character: There is no 、 ("3001) in font nullfont!
Missing character: There is no 优 ("4F18) in font nullfont!
Missing character: There is no 化 ("5316) in font nullfont!
Missing character: There is no 过 ("8FC7) in font nullfont!
Missing character: There is no 程 ("7A0B) in font nullfont!
Missing character: There is no 以 ("4EE5) in font nullfont!
Missing character: There is no 及 ("53CA) in font nullfont!
Missing character: There is no 后 ("540E) in font nullfont!
Missing character: There is no 端 ("7AEF) in font nullfont!
Missing character: There is no 代 ("4EE3) in font nullfont!
Missing character: There is no 码 ("7801) in font nullfont!
Missing character: There is no 生 ("751F) in font nullfont!
Missing character: There is no 成 ("6210) in font nullfont!
Missing character: There is no 等 ("7B49) in font nullfont!
Missing character: There is no 多 ("591A) in font nullfont!
Missing character: There is no 个 ("4E2A) in font nullfont!
Missing character: There is no 阶 ("9636) in font nullfont!
Missing character: There is no 段 ("6BB5) in font nullfont!
Missing character: There is no 的 ("7684) in font nullfont!
Missing character: There is no 正 ("6B63) in font nullfont!
Missing character: There is no 确 ("786E) in font nullfont!
Missing character: There is no 性 ("6027) in font nullfont!
Missing character: There is no 与 ("4E0E) in font nullfont!
Missing character: There is no 健 ("5065) in font nullfont!
Missing character: There is no 壮 ("58EE) in font nullfont!
Missing character: There is no 性 ("6027) in font nullfont!
Missing character: There is no 。 ("3002) in font nullfont!

Overfull \hbox (20.0pt too wide) in paragraph at lines 103--104
[] 
 []

Missing character: There is no 在 ("5728) in font nullfont!
Missing character: There is no 编 ("7F16) in font nullfont!
Missing character: There is no 译 ("8BD1) in font nullfont!
Missing character: There is no 器 ("5668) in font nullfont!
Missing character: There is no 随 ("968F) in font nullfont!
Missing character: There is no 机 ("673A) in font nullfont!
Missing character: There is no 测 ("6D4B) in font nullfont!
Missing character: There is no 试 ("8BD5) in font nullfont!
Missing character: There is no 工 ("5DE5) in font nullfont!
Missing character: There is no 具 ("5177) in font nullfont!
Missing character: There is no 的 ("7684) in font nullfont!
Missing character: There is no 发 ("53D1) in font nullfont!
Missing character: There is no 展 ("5C55) in font nullfont!
Missing character: There is no 进 ("8FDB) in font nullfont!
Missing character: There is no 程 ("7A0B) in font nullfont!
Missing character: There is no 中 ("4E2D) in font nullfont!
Missing character: There is no ， ("FF0C) in font nullfont!
Missing character: There is no C ("43) in font nullfont!
Missing character: There is no S ("53) in font nullfont!
Missing character: There is no m ("6D) in font nullfont!
Missing character: There is no i ("69) in font nullfont!
Missing character: There is no t ("74) in font nullfont!
Missing character: There is no h ("68) in font nullfont!
Missing character: There is no [ ("5B) in font nullfont!
\citation{tamkun2021using}
! Undefined control sequence.
<write> ...: Citation `\@citeb ' on page \thepage 
                                                  \space undefined\on@line .^^J
l.107 ...随机测试工具的发展进程中，CSmith\cite{tamkun2021using}
                                                  是较早在业界得到广泛应用的C语言随机程序生成器，其目...
The control sequence at the end of the top line
of your error message was never \def'ed. If you have
misspelled it (e.g., `\hobx'), type `I' and the correct
spelling (e.g., `I\hbox'). Otherwise just continue,
and I'll forget about whatever was undefined.


LaTeX Warning: Citation `tamkun2021using' on page  undefined on input line 107.


Missing character: There is no ] ("5D) in font nullfont!
Missing character: There is no 是 ("662F) in font nullfont!
Missing character: There is no 较 ("8F83) in font nullfont!
Missing character: There is no 早 ("65E9) in font nullfont!
Missing character: There is no 在 ("5728) in font nullfont!
Missing character: There is no 业 ("4E1A) in font nullfont!
Missing character: There is no 界 ("754C) in font nullfont!
Missing character: There is no 得 ("5F97) in font nullfont!
Missing character: There is no 到 ("5230) in font nullfont!
Missing character: There is no 广 ("5E7F) in font nullfont!
Missing character: There is no 泛 ("6CDB) in font nullfont!
Missing character: There is no 应 ("5E94) in font nullfont!
Missing character: There is no 用 ("7528) in font nullfont!
Missing character: There is no 的 ("7684) in font nullfont!
Missing character: There is no C ("43) in font nullfont!
Missing character: There is no 语 ("8BED) in font nullfont!
Missing character: There is no 言 ("8A00) in font nullfont!
Missing character: There is no 随 ("968F) in font nullfont!
Missing character: There is no 机 ("673A) in font nullfont!
Missing character: There is no 程 ("7A0B) in font nullfont!
Missing character: There is no 序 ("5E8F) in font nullfont!
Missing character: There is no 生 ("751F) in font nullfont!
Missing character: There is no 成 ("6210) in font nullfont!
Missing character: There is no 器 ("5668) in font nullfont!
Missing character: There is no ， ("FF0C) in font nullfont!
Missing character: There is no 其 ("5176) in font nullfont!
Missing character: There is no 目 ("76EE) in font nullfont!
Missing character: There is no 标 ("6807) in font nullfont!
Missing character: There is no 是 ("662F) in font nullfont!
Missing character: There is no 发 ("53D1) in font nullfont!
Missing character: There is no 现 ("73B0) in font nullfont!
Missing character: There is no 编 ("7F16) in font nullfont!
Missing character: There is no 译 ("8BD1) in font nullfont!
Missing character: There is no 器 ("5668) in font nullfont!
Missing character: There is no 在 ("5728) in font nullfont!
Missing character: There is no 处 ("5904) in font nullfont!
Missing character: There is no 理 ("7406) in font nullfont!
Missing character: There is no 常 ("5E38) in font nullfont!
Missing character: There is no 规 ("89C4) in font nullfont!
Missing character: There is no C ("43) in font nullfont!
Missing character: There is no 程 ("7A0B) in font nullfont!
Missing character: There is no 序 ("5E8F) in font nullfont!
Missing character: There is no 时 ("65F6) in font nullfont!
Missing character: There is no 可 ("53EF) in font nullfont!
Missing character: There is no 能 ("80FD) in font nullfont!
Missing character: There is no 存 ("5B58) in font nullfont!
Missing character: There is no 在 ("5728) in font nullfont!
Missing character: There is no 的 ("7684) in font nullfont!
Missing character: There is no 逻 ("903B) in font nullfont!
Missing character: There is no 辑 ("8F91) in font nullfont!
Missing character: There is no 错 ("9519) in font nullfont!
Missing character: There is no 误 ("8BEF) in font nullfont!
Missing character: There is no 。 ("3002) in font nullfont!
Missing character: There is no C ("43) in font nullfont!
Missing character: There is no S ("53) in font nullfont!
Missing character: There is no m ("6D) in font nullfont!
Missing character: There is no i ("69) in font nullfont!
Missing character: There is no t ("74) in font nullfont!
Missing character: There is no h ("68) in font nullfont!
Missing character: There is no 的 ("7684) in font nullfont!
Missing character: There is no 特 ("7279) in font nullfont!
Missing character: There is no 点 ("70B9) in font nullfont!
Missing character: There is no 是 ("662F) in font nullfont!
Missing character: There is no 生 ("751F) in font nullfont!
Missing character: There is no 成 ("6210) in font nullfont!
Missing character: There is no 的 ("7684) in font nullfont!
Missing character: There is no 随 ("968F) in font nullfont!
Missing character: There is no 机 ("673A) in font nullfont!
Missing character: There is no 程 ("7A0B) in font nullfont!
Missing character: There is no 序 ("5E8F) in font nullfont!
Missing character: There is no 不 ("4E0D) in font nullfont!
Missing character: There is no 仅 ("4EC5) in font nullfont!
Missing character: There is no 严 ("4E25) in font nullfont!
Missing character: There is no 格 ("683C) in font nullfont!
Missing character: There is no 遵 ("9075) in font nullfont!
Missing character: There is no 循 ("5FAA) in font nullfont!
Missing character: There is no C ("43) in font nullfont!
Missing character: There is no 9 ("39) in font nullfont!
Missing character: There is no 9 ("39) in font nullfont!
Missing character: There is no 标 ("6807) in font nullfont!
Missing character: There is no 准 ("51C6) in font nullfont!
Missing character: There is no ， ("FF0C) in font nullfont!
Missing character: There is no 还 ("8FD8) in font nullfont!
Missing character: There is no 会 ("4F1A) in font nullfont!
Missing character: There is no 主 ("4E3B) in font nullfont!
Missing character: There is no 动 ("52A8) in font nullfont!
Missing character: There is no 规 ("89C4) in font nullfont!
Missing character: There is no 避 ("907F) in font nullfont!
Missing character: There is no U ("55) in font nullfont!
Missing character: There is no B ("42) in font nullfont!
Missing character: There is no （ ("FF08) in font nullfont!
Missing character: There is no U ("55) in font nullfont!
Missing character: There is no n ("6E) in font nullfont!
Missing character: There is no d ("64) in font nullfont!
Missing character: There is no e ("65) in font nullfont!
Missing character: There is no f ("66) in font nullfont!
Missing character: There is no i ("69) in font nullfont!
Missing character: There is no n ("6E) in font nullfont!
Missing character: There is no e ("65) in font nullfont!
Missing character: There is no d ("64) in font nullfont!
Missing character: There is no B ("42) in font nullfont!
Missing character: There is no e ("65) in font nullfont!
Missing character: There is no h ("68) in font nullfont!
Missing character: There is no a ("61) in font nullfont!
Missing character: There is no v ("76) in font nullfont!
Missing character: There is no i ("69) in font nullfont!
Missing character: There is no o ("6F) in font nullfont!
Missing character: There is no r ("72) in font nullfont!
Missing character: There is no , ("2C) in font nullfont!
Missing character: There is no 未 ("672A) in font nullfont!
Missing character: There is no 定 ("5B9A) in font nullfont!
Missing character: There is no 义 ("4E49) in font nullfont!
Missing character: There is no 行 ("884C) in font nullfont!
Missing character: There is no 为 ("4E3A) in font nullfont!
Missing character: There is no ， ("FF0C) in font nullfont!
Missing character: There is no 代 ("4EE3) in font nullfont!
Missing character: There is no 码 ("7801) in font nullfont!
Missing character: There is no 执 ("6267) in font nullfont!
Missing character: There is no 行 ("884C) in font nullfont!
Missing character: There is no 结 ("7ED3) in font nullfont!
Missing character: There is no 果 ("679C) in font nullfont!
Missing character: There is no 在 ("5728) in font nullfont!
Missing character: There is no 编 ("7F16) in font nullfont!
Missing character: There is no 程 ("7A0B) in font nullfont!
Missing character: There is no 语 ("8BED) in font nullfont!
Missing character: There is no 言 ("8A00) in font nullfont!
Missing character: There is no 标 ("6807) in font nullfont!
Missing character: There is no 准 ("51C6) in font nullfont!
Missing character: There is no 中 ("4E2D) in font nullfont!
Missing character: There is no 未 ("672A) in font nullfont!
Missing character: There is no 被 ("88AB) in font nullfont!
Missing character: There is no 明 ("660E) in font nullfont!
Missing character: There is no 确 ("786E) in font nullfont!
Missing character: There is no 规 ("89C4) in font nullfont!
Missing character: There is no 定 ("5B9A) in font nullfont!
Missing character: There is no 的 ("7684) in font nullfont!
Missing character: There is no 行 ("884C) in font nullfont!
Missing character: There is no 为 ("4E3A) in font nullfont!
Missing character: There is no ） ("FF09) in font nullfont!
Missing character: There is no ， ("FF0C) in font nullfont!
Missing character: There is no 从 ("4ECE) in font nullfont!
Missing character: There is no 而 ("800C) in font nullfont!
Missing character: There is no 保 ("4FDD) in font nullfont!
Missing character: There is no 证 ("8BC1) in font nullfont!
Missing character: There is no 测 ("6D4B) in font nullfont!
Missing character: There is no 试 ("8BD5) in font nullfont!
Missing character: There is no 结 ("7ED3) in font nullfont!
Missing character: There is no 果 ("679C) in font nullfont!
Missing character: There is no 可 ("53EF) in font nullfont!
Missing character: There is no 复 ("590D) in font nullfont!
Missing character: There is no 现 ("73B0) in font nullfont!
Missing character: There is no 。 ("3002) in font nullfont!

Overfull \hbox (25.43pt too wide) in paragraph at lines 107--108
[][]
 []

Missing character: There is no C ("43) in font nullfont!
Missing character: There is no S ("53) in font nullfont!
Missing character: There is no m ("6D) in font nullfont!
Missing character: There is no i ("69) in font nullfont!
Missing character: There is no t ("74) in font nullfont!
Missing character: There is no h ("68) in font nullfont!
Missing character: There is no 在 ("5728) in font nullfont!
Missing character: There is no 验 ("9A8C) in font nullfont!
Missing character: There is no 证 ("8BC1) in font nullfont!
Missing character: There is no 编 ("7F16) in font nullfont!
Missing character: There is no 译 ("8BD1) in font nullfont!
Missing character: There is no 器 ("5668) in font nullfont!
Missing character: There is no 的 ("7684) in font nullfont!
Missing character: There is no 基 ("57FA) in font nullfont!
Missing character: There is no 础 ("7840) in font nullfont!
Missing character: There is no 语 ("8BED) in font nullfont!
Missing character: There is no 义 ("4E49) in font nullfont!
Missing character: There is no 一 ("4E00) in font nullfont!
Missing character: There is no 致 ("81F4) in font nullfont!
Missing character: There is no 性 ("6027) in font nullfont!
Missing character: There is no 、 ("3001) in font nullfont!
Missing character: There is no 防 ("9632) in font nullfont!
Missing character: There is no 范 ("8303) in font nullfont!
Missing character: There is no 功 ("529F) in font nullfont!
Missing character: There is no 能 ("80FD) in font nullfont!
Missing character: There is no 性 ("6027) in font nullfont!
Missing character: There is no 错 ("9519) in font nullfont!
Missing character: There is no 误 ("8BEF) in font nullfont!
Missing character: There is no 等 ("7B49) in font nullfont!
Missing character: There is no 方 ("65B9) in font nullfont!
Missing character: There is no 面 ("9762) in font nullfont!
Missing character: There is no 起 ("8D77) in font nullfont!
Missing character: There is no 到 ("5230) in font nullfont!
Missing character: There is no 了 ("4E86) in font nullfont!
Missing character: There is no 关 ("5173) in font nullfont!
Missing character: There is no 键 ("952E) in font nullfont!
Missing character: There is no 作 ("4F5C) in font nullfont!
Missing character: There is no 用 ("7528) in font nullfont!
Missing character: There is no ， ("FF0C) in font nullfont!
Missing character: There is no 但 ("4F46) in font nullfont!
Missing character: There is no 受 ("53D7) in font nullfont!
Missing character: There is no 限 ("9650) in font nullfont!
Missing character: There is no 于 ("4E8E) in font nullfont!
Missing character: There is no 设 ("8BBE) in font nullfont!
Missing character: There is no 计 ("8BA1) in font nullfont!
Missing character: There is no 目 ("76EE) in font nullfont!
Missing character: There is no 标 ("6807) in font nullfont!
Missing character: There is no ， ("FF0C) in font nullfont!
Missing character: There is no 它 ("5B83) in font nullfont!
Missing character: There is no 的 ("7684) in font nullfont!
Missing character: There is no 测 ("6D4B) in font nullfont!
Missing character: There is no 试 ("8BD5) in font nullfont!
Missing character: There is no 重 ("91CD) in font nullfont!
Missing character: There is no 心 ("5FC3) in font nullfont!
Missing character: There is no 集 ("96C6) in font nullfont!
Missing character: There is no 中 ("4E2D) in font nullfont!
Missing character: There is no 于 ("4E8E) in font nullfont!
Missing character: There is no 功 ("529F) in font nullfont!
Missing character: There is no 能 ("80FD) in font nullfont!
Missing character: There is no 正 ("6B63) in font nullfont!
Missing character: There is no 确 ("786E) in font nullfont!
Missing character: There is no 性 ("6027) in font nullfont!
Missing character: There is no 的 ("7684) in font nullfont!
Missing character: There is no 校 ("6821) in font nullfont!
Missing character: There is no 验 ("9A8C) in font nullfont!
Missing character: There is no ， ("FF0C) in font nullfont!
Missing character: There is no 对 ("5BF9) in font nullfont!
Missing character: There is no 于 ("4E8E) in font nullfont!
Missing character: There is no 编 ("7F16) in font nullfont!
Missing character: There is no 译 ("8BD1) in font nullfont!
Missing character: There is no 器 ("5668) in font nullfont!
Missing character: There is no 在 ("5728) in font nullfont!
Missing character: There is no 高 ("9AD8) in font nullfont!
Missing character: There is no 性 ("6027) in font nullfont!
Missing character: There is no 能 ("80FD) in font nullfont!
Missing character: There is no 优 ("4F18) in font nullfont!
Missing character: There is no 化 ("5316) in font nullfont!
Missing character: There is no 场 ("573A) in font nullfont!
Missing character: There is no 景 ("666F) in font nullfont!
Missing character: There is no 下 ("4E0B) in font nullfont!
Missing character: There is no 的 ("7684) in font nullfont!
Missing character: There is no 行 ("884C) in font nullfont!
Missing character: There is no 为 ("4E3A) in font nullfont!
Missing character: There is no ， ("FF0C) in font nullfont!
Missing character: There is no 覆 ("8986) in font nullfont!
Missing character: There is no 盖 ("76D6) in font nullfont!
Missing character: There is no 能 ("80FD) in font nullfont!
Missing character: There is no 力 ("529B) in font nullfont!
Missing character: There is no 存 ("5B58) in font nullfont!
Missing character: There is no 在 ("5728) in font nullfont!
Missing character: There is no 明 ("660E) in font nullfont!
Missing character: There is no 显 ("663E) in font nullfont!
Missing character: There is no 局 ("5C40) in font nullfont!
Missing character: There is no 限 ("9650) in font nullfont!
Missing character: There is no 。 ("3002) in font nullfont!

Overfull \hbox (20.0pt too wide) in paragraph at lines 111--112
[] 
 []

Missing character: There is no 随 ("968F) in font nullfont!
Missing character: There is no 着 ("7740) in font nullfont!
Missing character: There is no 现 ("73B0) in font nullfont!
Missing character: There is no 代 ("4EE3) in font nullfont!
Missing character: There is no 处 ("5904) in font nullfont!
Missing character: There is no 理 ("7406) in font nullfont!
Missing character: There is no 器 ("5668) in font nullfont!
Missing character: There is no 架 ("67B6) in font nullfont!
Missing character: There is no 构 ("6784) in font nullfont!
Missing character: There is no 日 ("65E5) in font nullfont!
Missing character: There is no 趋 ("8D8B) in font nullfont!
Missing character: There is no 复 ("590D) in font nullfont!
Missing character: There is no 杂 ("6742) in font nullfont!
Missing character: There is no ， ("FF0C) in font nullfont!
Missing character: There is no 编 ("7F16) in font nullfont!
Missing character: There is no 译 ("8BD1) in font nullfont!
Missing character: There is no 器 ("5668) in font nullfont!
Missing character: There is no 的 ("7684) in font nullfont!
Missing character: There is no 优 ("4F18) in font nullfont!
Missing character: There is no 化 ("5316) in font nullfont!
Missing character: There is no 策 ("7B56) in font nullfont!
Missing character: There is no 略 ("7565) in font nullfont!
Missing character: There is no 也 ("4E5F) in font nullfont!
Missing character: There is no 在 ("5728) in font nullfont!
Missing character: There is no 持 ("6301) in font nullfont!
Missing character: There is no 续 ("7EED) in font nullfont!
Missing character: There is no 迭 ("8FED) in font nullfont!
Missing character: There is no 代 ("4EE3) in font nullfont!
Missing character: There is no 升 ("5347) in font nullfont!
Missing character: There is no 级 ("7EA7) in font nullfont!
Missing character: There is no ， ("FF0C) in font nullfont!
Missing character: There is no 仅 ("4EC5) in font nullfont!
Missing character: There is no 依 ("4F9D) in font nullfont!
Missing character: There is no 靠 ("9760) in font nullfont!
Missing character: There is no 功 ("529F) in font nullfont!
Missing character: There is no 能 ("80FD) in font nullfont!
Missing character: There is no 正 ("6B63) in font nullfont!
Missing character: There is no 确 ("786E) in font nullfont!
Missing character: There is no 性 ("6027) in font nullfont!
Missing character: There is no 验 ("9A8C) in font nullfont!
Missing character: There is no 证 ("8BC1) in font nullfont!
Missing character: There is no 已 ("5DF2) in font nullfont!
Missing character: There is no 难 ("96BE) in font nullfont!
Missing character: There is no 以 ("4EE5) in font nullfont!
Missing character: There is no 满 ("6EE1) in font nullfont!
Missing character: There is no 足 ("8DB3) in font nullfont!
Missing character: There is no 编 ("7F16) in font nullfont!
Missing character: There is no 译 ("8BD1) in font nullfont!
Missing character: There is no 器 ("5668) in font nullfont!
Missing character: There is no 工 ("5DE5) in font nullfont!
Missing character: There is no 具 ("5177) in font nullfont!
Missing character: There is no 链 ("94FE) in font nullfont!
Missing character: There is no 的 ("7684) in font nullfont!
Missing character: There is no 测 ("6D4B) in font nullfont!
Missing character: There is no 试 ("8BD5) in font nullfont!
Missing character: There is no 需 ("9700) in font nullfont!
Missing character: There is no 求 ("6C42) in font nullfont!
Missing character: There is no 。 ("3002) in font nullfont!
Missing character: There is no 在 ("5728) in font nullfont!
Missing character: There is no 这 ("8FD9) in font nullfont!
Missing character: There is no 一 ("4E00) in font nullfont!
Missing character: There is no 背 ("80CC) in font nullfont!
Missing character: There is no 景 ("666F) in font nullfont!
Missing character: There is no 下 ("4E0B) in font nullfont!
Missing character: There is no ， ("FF0C) in font nullfont!
Missing character: There is no Y ("59) in font nullfont!
Missing character: There is no A ("41) in font nullfont!
Missing character: There is no R ("52) in font nullfont!
Missing character: There is no P ("50) in font nullfont!
Missing character: There is no G ("47) in font nullfont!
Missing character: There is no e ("65) in font nullfont!
Missing character: There is no n ("6E) in font nullfont!
Missing character: There is no （ ("FF08) in font nullfont!
Missing character: There is no Y ("59) in font nullfont!
Missing character: There is no e ("65) in font nullfont!
Missing character: There is no t ("74) in font nullfont!
Missing character: There is no A ("41) in font nullfont!
Missing character: There is no n ("6E) in font nullfont!
Missing character: There is no o ("6F) in font nullfont!
Missing character: There is no t ("74) in font nullfont!
Missing character: There is no h ("68) in font nullfont!
Missing character: There is no e ("65) in font nullfont!
Missing character: There is no r ("72) in font nullfont!
Missing character: There is no R ("52) in font nullfont!
Missing character: There is no a ("61) in font nullfont!
Missing character: There is no n ("6E) in font nullfont!
Missing character: There is no d ("64) in font nullfont!
Missing character: There is no o ("6F) in font nullfont!
Missing character: There is no m ("6D) in font nullfont!
Missing character: There is no P ("50) in font nullfont!
Missing character: There is no r ("72) in font nullfont!
Missing character: There is no o ("6F) in font nullfont!
Missing character: There is no g ("67) in font nullfont!
Missing character: There is no r ("72) in font nullfont!
Missing character: There is no a ("61) in font nullfont!
Missing character: There is no m ("6D) in font nullfont!
Missing character: There is no G ("47) in font nullfont!
Missing character: There is no e ("65) in font nullfont!
Missing character: There is no n ("6E) in font nullfont!
Missing character: There is no e ("65) in font nullfont!
Missing character: There is no r ("72) in font nullfont!
Missing character: There is no a ("61) in font nullfont!
Missing character: There is no t ("74) in font nullfont!
Missing character: There is no o ("6F) in font nullfont!
Missing character: There is no r ("72) in font nullfont!
Missing character: There is no ） ("FF09) in font nullfont!
Missing character: There is no [ ("5B) in font nullfont!
\citation{livinskii2020random}
! Undefined control sequence.
<write> ...: Citation `\@citeb ' on page \thepage 
                                                  \space undefined\on@line .^^J
l.115 ...ivinskii2020random, livinskii2023fuzzing}
                                                  应运而生，它的设计初衷正是针对CSmith在性能相关...
The control sequence at the end of the top line
of your error message was never \def'ed. If you have
misspelled it (e.g., `\hobx'), type `I' and the correct
spelling (e.g., `I\hbox'). Otherwise just continue,
and I'll forget about whatever was undefined.


LaTeX Warning: Citation `livinskii2020random' on page  undefined on input line 
115.

Missing character: There is no , ("2C) in font nullfont!
\citation{livinskii2023fuzzing}
! Undefined control sequence.
<write> ...: Citation `\@citeb ' on page \thepage 
                                                  \space undefined\on@line .^^J
l.115 ...ivinskii2020random, livinskii2023fuzzing}
                                                  应运而生，它的设计初衷正是针对CSmith在性能相关...
The control sequence at the end of the top line
of your error message was never \def'ed. If you have
misspelled it (e.g., `\hobx'), type `I' and the correct
spelling (e.g., `I\hbox'). Otherwise just continue,
and I'll forget about whatever was undefined.


LaTeX Warning: Citation `livinskii2023fuzzing' on page  undefined on input line
 115.

Missing character: There is no ] ("5D) in font nullfont!
Missing character: There is no 应 ("5E94) in font nullfont!
Missing character: There is no 运 ("8FD0) in font nullfont!
Missing character: There is no 而 ("800C) in font nullfont!
Missing character: There is no 生 ("751F) in font nullfont!
Missing character: There is no ， ("FF0C) in font nullfont!
Missing character: There is no 它 ("5B83) in font nullfont!
Missing character: There is no 的 ("7684) in font nullfont!
Missing character: There is no 设 ("8BBE) in font nullfont!
Missing character: There is no 计 ("8BA1) in font nullfont!
Missing character: There is no 初 ("521D) in font nullfont!
Missing character: There is no 衷 ("8877) in font nullfont!
Missing character: There is no 正 ("6B63) in font nullfont!
Missing character: There is no 是 ("662F) in font nullfont!
Missing character: There is no 针 ("9488) in font nullfont!
Missing character: There is no 对 ("5BF9) in font nullfont!
Missing character: There is no C ("43) in font nullfont!
Missing character: There is no S ("53) in font nullfont!
Missing character: There is no m ("6D) in font nullfont!
Missing character: There is no i ("69) in font nullfont!
Missing character: There is no t ("74) in font nullfont!
Missing character: There is no h ("68) in font nullfont!
Missing character: There is no 在 ("5728) in font nullfont!
Missing character: There is no 性 ("6027) in font nullfont!
Missing character: There is no 能 ("80FD) in font nullfont!
Missing character: There is no 相 ("76F8) in font nullfont!
Missing character: There is no 关 ("5173) in font nullfont!
Missing character: There is no 测 ("6D4B) in font nullfont!
Missing character: There is no 试 ("8BD5) in font nullfont!
Missing character: There is no 方 ("65B9) in font nullfont!
Missing character: There is no 面 ("9762) in font nullfont!
Missing character: There is no 覆 ("8986) in font nullfont!
Missing character: There is no 盖 ("76D6) in font nullfont!
Missing character: There is no 不 ("4E0D) in font nullfont!
Missing character: There is no 足 ("8DB3) in font nullfont!
Missing character: There is no 的 ("7684) in font nullfont!
Missing character: There is no 问 ("95EE) in font nullfont!
Missing character: There is no 题 ("9898) in font nullfont!
Missing character: There is no ， ("FF0C) in font nullfont!
Missing character: There is no 重 ("91CD) in font nullfont!
Missing character: There is no 点 ("70B9) in font nullfont!
Missing character: There is no 面 ("9762) in font nullfont!
Missing character: There is no 向 ("5411) in font nullfont!
Missing character: There is no 编 ("7F16) in font nullfont!
Missing character: There is no 译 ("8BD1) in font nullfont!
Missing character: There is no 器 ("5668) in font nullfont!
Missing character: There is no 中 ("4E2D) in font nullfont!
Missing character: There is no 后 ("540E) in font nullfont!
Missing character: There is no 端 ("7AEF) in font nullfont!
Missing character: There is no 的 ("7684) in font nullfont!
Missing character: There is no 性 ("6027) in font nullfont!
Missing character: There is no 能 ("80FD) in font nullfont!
Missing character: There is no 优 ("4F18) in font nullfont!
Missing character: There is no 化 ("5316) in font nullfont!
Missing character: There is no 阶 ("9636) in font nullfont!
Missing character: There is no 段 ("6BB5) in font nullfont!
Missing character: There is no 开 ("5F00) in font nullfont!
Missing character: There is no 展 ("5C55) in font nullfont!
Missing character: There is no 随 ("968F) in font nullfont!
Missing character: There is no 机 ("673A) in font nullfont!
Missing character: There is no 化 ("5316) in font nullfont!
Missing character: There is no 测 ("6D4B) in font nullfont!
Missing character: There is no 试 ("8BD5) in font nullfont!
Missing character: There is no 。 ("3002) in font nullfont!
Missing character: There is no 它 ("5B83) in font nullfont!
Missing character: There is no 可 ("53EF) in font nullfont!
Missing character: There is no 以 ("4EE5) in font nullfont!
Missing character: There is no 在 ("5728) in font nullfont!
Missing character: There is no 不 ("4E0D) in font nullfont!
Missing character: There is no 依 ("4F9D) in font nullfont!
Missing character: There is no 靠 ("9760) in font nullfont!
Missing character: There is no 动 ("52A8) in font nullfont!
Missing character: There is no 态 ("6001) in font nullfont!
Missing character: There is no 检 ("68C0) in font nullfont!
Missing character: There is no 查 ("67E5) in font nullfont!
Missing character: There is no 的 ("7684) in font nullfont!
Missing character: There is no 情 ("60C5) in font nullfont!
Missing character: There is no 况 ("51B5) in font nullfont!
Missing character: There is no 下 ("4E0B) in font nullfont!
Missing character: There is no ， ("FF0C) in font nullfont!
Missing character: There is no 使 ("4F7F) in font nullfont!
Missing character: There is no 用 ("7528) in font nullfont!
Missing character: There is no 生 ("751F) in font nullfont!
Missing character: There is no 成 ("6210) in font nullfont!
Missing character: There is no 规 ("89C4) in font nullfont!
Missing character: There is no 则 ("5219) in font nullfont!
Missing character: There is no 来 ("6765) in font nullfont!
Missing character: There is no 生 ("751F) in font nullfont!
Missing character: There is no 成 ("6210) in font nullfont!
Missing character: There is no 没 ("6CA1) in font nullfont!
Missing character: There is no 有 ("6709) in font nullfont!
Missing character: There is no 未 ("672A) in font nullfont!
Missing character: There is no 定 ("5B9A) in font nullfont!
Missing character: There is no 义 ("4E49) in font nullfont!
Missing character: There is no 行 ("884C) in font nullfont!
Missing character: There is no 为 ("4E3A) in font nullfont!
Missing character: There is no 的 ("7684) in font nullfont!
Missing character: There is no 表 ("8868) in font nullfont!
Missing character: There is no 达 ("8FBE) in font nullfont!
Missing character: There is no 式 ("5F0F) in font nullfont!
Missing character: There is no ， ("FF0C) in font nullfont!
Missing character: There is no 同 ("540C) in font nullfont!
Missing character: There is no 时 ("65F6) in font nullfont!
Missing character: There is no 提 ("63D0) in font nullfont!
Missing character: There is no 升 ("5347) in font nullfont!
Missing character: There is no 了 ("4E86) in font nullfont!
Missing character: There is no 生 ("751F) in font nullfont!
Missing character: There is no 成 ("6210) in font nullfont!
Missing character: There is no 代 ("4EE3) in font nullfont!
Missing character: There is no 码 ("7801) in font nullfont!
Missing character: There is no 的 ("7684) in font nullfont!
Missing character: There is no 多 ("591A) in font nullfont!
Missing character: There is no 样 ("6837) in font nullfont!
Missing character: There is no 性 ("6027) in font nullfont!
Missing character: There is no ， ("FF0C) in font nullfont!
Missing character: There is no 触 ("89E6) in font nullfont!
Missing character: There is no 发 ("53D1) in font nullfont!
Missing character: There is no 更 ("66F4) in font nullfont!
Missing character: There is no 多 ("591A) in font nullfont!
Missing character: There is no 编 ("7F16) in font nullfont!
Missing character: There is no 译 ("8BD1) in font nullfont!
Missing character: There is no 器 ("5668) in font nullfont!
Missing character: There is no 优 ("4F18) in font nullfont!
Missing character: There is no 化 ("5316) in font nullfont!
Missing character: There is no 的 ("7684) in font nullfont!
Missing character: There is no 可 ("53EF) in font nullfont!
Missing character: There is no 能 ("80FD) in font nullfont!
Missing character: There is no 。 ("3002) in font nullfont!
Missing character: There is no 在 ("5728) in font nullfont!
Missing character: There is no 代 ("4EE3) in font nullfont!
Missing character: There is no 码 ("7801) in font nullfont!
Missing character: There is no 生 ("751F) in font nullfont!
Missing character: There is no 成 ("6210) in font nullfont!
Missing character: There is no 策 ("7B56) in font nullfont!
Missing character: There is no 略 ("7565) in font nullfont!
Missing character: There is no 上 ("4E0A) in font nullfont!
Missing character: There is no ， ("FF0C) in font nullfont!
Missing character: There is no Y ("59) in font nullfont!
Missing character: There is no A ("41) in font nullfont!
Missing character: There is no R ("52) in font nullfont!
Missing character: There is no P ("50) in font nullfont!
Missing character: There is no G ("47) in font nullfont!
Missing character: There is no e ("65) in font nullfont!
Missing character: There is no n ("6E) in font nullfont!
Missing character: There is no 侧 ("4FA7) in font nullfont!
Missing character: There is no 重 ("91CD) in font nullfont!
Missing character: There is no 构 ("6784) in font nullfont!
Missing character: There is no 造 ("9020) in font nullfont!
Missing character: There is no 密 ("5BC6) in font nullfont!
Missing character: There is no 集 ("96C6) in font nullfont!
Missing character: There is no 型 ("578B) in font nullfont!
Missing character: There is no 循 ("5FAA) in font nullfont!
Missing character: There is no 环 ("73AF) in font nullfont!
Missing character: There is no 、 ("3001) in font nullfont!
Missing character: There is no 数 ("6570) in font nullfont!
Missing character: There is no 组 ("7EC4) in font nullfont!
Missing character: There is no 连 ("8FDE) in font nullfont!
Missing character: There is no 续 ("7EED) in font nullfont!
Missing character: There is no 访 ("8BBF) in font nullfont!
Missing character: There is no 问 ("95EE) in font nullfont!
Missing character: There is no 、 ("3001) in font nullfont!
Missing character: There is no 数 ("6570) in font nullfont!
Missing character: There is no 据 ("636E) in font nullfont!
Missing character: There is no 并 ("5E76) in font nullfont!
Missing character: There is no 行 ("884C) in font nullfont!
Missing character: There is no 计 ("8BA1) in font nullfont!
Missing character: There is no 算 ("7B97) in font nullfont!
Missing character: There is no 与 ("4E0E) in font nullfont!
Missing character: There is no 向 ("5411) in font nullfont!
Missing character: There is no 量 ("91CF) in font nullfont!
Missing character: There is no 运 ("8FD0) in font nullfont!
Missing character: There is no 算 ("7B97) in font nullfont!
Missing character: There is no 等 ("7B49) in font nullfont!
Missing character: There is no 典 ("5178) in font nullfont!
Missing character: There is no 型 ("578B) in font nullfont!
Missing character: There is no 代 ("4EE3) in font nullfont!
Missing character: There is no 码 ("7801) in font nullfont!
Missing character: There is no 模 ("6A21) in font nullfont!
Missing character: There is no 式 ("5F0F) in font nullfont!
Missing character: There is no ， ("FF0C) in font nullfont!
Missing character: There is no 从 ("4ECE) in font nullfont!
Missing character: There is no 而 ("800C) in font nullfont!
Missing character: There is no 有 ("6709) in font nullfont!
Missing character: There is no 针 ("9488) in font nullfont!
Missing character: There is no 对 ("5BF9) in font nullfont!
Missing character: There is no 性 ("6027) in font nullfont!
Missing character: There is no 地 ("5730) in font nullfont!
Missing character: There is no 覆 ("8986) in font nullfont!
Missing character: There is no 盖 ("76D6) in font nullfont!
Missing character: There is no 循 ("5FAA) in font nullfont!
Missing character: There is no 环 ("73AF) in font nullfont!
Missing character: There is no 向 ("5411) in font nullfont!
Missing character: There is no 量 ("91CF) in font nullfont!
Missing character: There is no 化 ("5316) in font nullfont!
Missing character: There is no 、 ("3001) in font nullfont!
Missing character: There is no 指 ("6307) in font nullfont!
Missing character: There is no 令 ("4EE4) in font nullfont!
Missing character: There is no 级 ("7EA7) in font nullfont!
Missing character: There is no 并 ("5E76) in font nullfont!
Missing character: There is no 行 ("884C) in font nullfont!
Missing character: There is no 、 ("3001) in font nullfont!
Missing character: There is no 缓 ("7F13) in font nullfont!
Missing character: There is no 存 ("5B58) in font nullfont!
Missing character: There is no 优 ("4F18) in font nullfont!
Missing character: There is no 化 ("5316) in font nullfont!
Missing character: There is no 以 ("4EE5) in font nullfont!
Missing character: There is no 及 ("53CA) in font nullfont!
Missing character: There is no 指 ("6307) in font nullfont!
Missing character: There is no 令 ("4EE4) in font nullfont!
Missing character: There is no 调 ("8C03) in font nullfont!
Missing character: There is no 度 ("5EA6) in font nullfont!
Missing character: There is no 等 ("7B49) in font nullfont!
Missing character: There is no 编 ("7F16) in font nullfont!
Missing character: There is no 译 ("8BD1) in font nullfont!
Missing character: There is no 器 ("5668) in font nullfont!
Missing character: There is no 后 ("540E) in font nullfont!
Missing character: There is no 端 ("7AEF) in font nullfont!
Missing character: There is no 的 ("7684) in font nullfont!
Missing character: There is no 关 ("5173) in font nullfont!
Missing character: There is no 键 ("952E) in font nullfont!
Missing character: There is no 优 ("4F18) in font nullfont!
Missing character: There is no 化 ("5316) in font nullfont!
Missing character: There is no 阶 ("9636) in font nullfont!
Missing character: There is no 段 ("6BB5) in font nullfont!
Missing character: There is no 。 ("3002) in font nullfont!

Overfull \hbox (20.0pt too wide) in paragraph at lines 115--116
[]
 []


Overfull \hbox (5.43pt too wide) in paragraph at lines 115--116
[]
 []


Overfull \hbox (5.43pt too wide) in paragraph at lines 115--116
[] 
 []

Missing character: There is no 从 ("4ECE) in font nullfont!
Missing character: There is no 语 ("8BED) in font nullfont!
Missing character: There is no 言 ("8A00) in font nullfont!
Missing character: There is no 兼 ("517C) in font nullfont!
Missing character: There is no 容 ("5BB9) in font nullfont!
Missing character: There is no 和 ("548C) in font nullfont!
Missing character: There is no 架 ("67B6) in font nullfont!
Missing character: There is no 构 ("6784) in font nullfont!
Missing character: There is no 适 ("9002) in font nullfont!
Missing character: There is no 配 ("914D) in font nullfont!
Missing character: There is no 上 ("4E0A) in font nullfont!
Missing character: There is no 来 ("6765) in font nullfont!
Missing character: There is no 看 ("770B) in font nullfont!
Missing character: There is no ， ("FF0C) in font nullfont!
Missing character: There is no Y ("59) in font nullfont!
Missing character: There is no A ("41) in font nullfont!
Missing character: There is no R ("52) in font nullfont!
Missing character: There is no P ("50) in font nullfont!
Missing character: There is no G ("47) in font nullfont!
Missing character: There is no e ("65) in font nullfont!
Missing character: There is no n ("6E) in font nullfont!
Missing character: There is no 不 ("4E0D) in font nullfont!
Missing character: There is no 仅 ("4EC5) in font nullfont!
Missing character: There is no 原 ("539F) in font nullfont!
Missing character: There is no 生 ("751F) in font nullfont!
Missing character: There is no 支 ("652F) in font nullfont!
Missing character: There is no 持 ("6301) in font nullfont!
Missing character: There is no C ("43) in font nullfont!
Missing character: There is no 语 ("8BED) in font nullfont!
Missing character: There is no 言 ("8A00) in font nullfont!
Missing character: There is no ， ("FF0C) in font nullfont!
Missing character: There is no 还 ("8FD8) in font nullfont!
Missing character: There is no 支 ("652F) in font nullfont!
Missing character: There is no 持 ("6301) in font nullfont!
Missing character: There is no C ("43) in font nullfont!
Missing character: There is no + ("2B) in font nullfont!
Missing character: There is no + ("2B) in font nullfont!
Missing character: There is no 的 ("7684) in font nullfont!
Missing character: There is no 部 ("90E8) in font nullfont!
Missing character: There is no 分 ("5206) in font nullfont!
Missing character: There is no 核 ("6838) in font nullfont!
Missing character: There is no 心 ("5FC3) in font nullfont!
Missing character: There is no 特 ("7279) in font nullfont!
Missing character: There is no 性 ("6027) in font nullfont!
Missing character: There is no ， ("FF0C) in font nullfont!
Missing character: There is no 并 ("5E76) in font nullfont!
Missing character: There is no 能 ("80FD) in font nullfont!
Missing character: There is no 够 ("591F) in font nullfont!
Missing character: There is no 生 ("751F) in font nullfont!
Missing character: There is no 成 ("6210) in font nullfont!
Missing character: There is no 面 ("9762) in font nullfont!
Missing character: There is no 向 ("5411) in font nullfont!
Missing character: There is no S ("53) in font nullfont!
Missing character: There is no I ("49) in font nullfont!
Missing character: There is no M ("4D) in font nullfont!
Missing character: There is no D ("44) in font nullfont!
Missing character: There is no 、 ("3001) in font nullfont!
Missing character: There is no 向 ("5411) in font nullfont!
Missing character: There is no 量 ("91CF) in font nullfont!
Missing character: There is no 指 ("6307) in font nullfont!
Missing character: There is no 令 ("4EE4) in font nullfont!
Missing character: There is no 等 ("7B49) in font nullfont!
Missing character: There is no 现 ("73B0) in font nullfont!
Missing character: There is no 代 ("4EE3) in font nullfont!
Missing character: There is no 处 ("5904) in font nullfont!
Missing character: There is no 理 ("7406) in font nullfont!
Missing character: There is no 器 ("5668) in font nullfont!
Missing character: There is no 架 ("67B6) in font nullfont!
Missing character: There is no 构 ("6784) in font nullfont!
Missing character: There is no 扩 ("6269) in font nullfont!
Missing character: There is no 展 ("5C55) in font nullfont!
Missing character: There is no 的 ("7684) in font nullfont!
Missing character: There is no 针 ("9488) in font nullfont!
Missing character: There is no 对 ("5BF9) in font nullfont!
Missing character: There is no 性 ("6027) in font nullfont!
Missing character: There is no 代 ("4EE3) in font nullfont!
Missing character: There is no 码 ("7801) in font nullfont!
Missing character: There is no 。 ("3002) in font nullfont!
Missing character: There is no 这 ("8FD9) in font nullfont!
Missing character: There is no 一 ("4E00) in font nullfont!
Missing character: There is no 特 ("7279) in font nullfont!
Missing character: There is no 性 ("6027) in font nullfont!
Missing character: There is no 使 ("4F7F) in font nullfont!
Missing character: There is no 其 ("5176) in font nullfont!
Missing character: There is no 在 ("5728) in font nullfont!
Missing character: There is no 测 ("6D4B) in font nullfont!
Missing character: There is no 试 ("8BD5) in font nullfont!
Missing character: There is no 面 ("9762) in font nullfont!
Missing character: There is no 向 ("5411) in font nullfont!
Missing character: There is no 高 ("9AD8) in font nullfont!
Missing character: There is no 性 ("6027) in font nullfont!
Missing character: There is no 能 ("80FD) in font nullfont!
Missing character: There is no 计 ("8BA1) in font nullfont!
Missing character: There is no 算 ("7B97) in font nullfont!
Missing character: There is no 的 ("7684) in font nullfont!
Missing character: There is no 嵌 ("5D4C) in font nullfont!
Missing character: There is no 入 ("5165) in font nullfont!
Missing character: There is no 式 ("5F0F) in font nullfont!
Missing character: There is no D ("44) in font nullfont!
Missing character: There is no S ("53) in font nullfont!
Missing character: There is no P ("50) in font nullfont!
Missing character: There is no 场 ("573A) in font nullfont!
Missing character: There is no 景 ("666F) in font nullfont!
Missing character: There is no 时 ("65F6) in font nullfont!
Missing character: There is no 具 ("5177) in font nullfont!
Missing character: There is no 有 ("6709) in font nullfont!
Missing character: There is no 一 ("4E00) in font nullfont!
Missing character: There is no 定 ("5B9A) in font nullfont!
Missing character: There is no 的 ("7684) in font nullfont!
Missing character: There is no 实 ("5B9E) in font nullfont!
Missing character: There is no 用 ("7528) in font nullfont!
Missing character: There is no 价 ("4EF7) in font nullfont!
Missing character: There is no 值 ("503C) in font nullfont!
Missing character: There is no 。 ("3002) in font nullfont!

Overfull \hbox (20.0pt too wide) in paragraph at lines 119--120
[] 
 []

Missing character: There is no 基 ("57FA) in font nullfont!
Missing character: There is no 于 ("4E8E) in font nullfont!
Missing character: There is no 上 ("4E0A) in font nullfont!
Missing character: There is no 述 ("8FF0) in font nullfont!
Missing character: There is no 随 ("968F) in font nullfont!
Missing character: There is no 机 ("673A) in font nullfont!
Missing character: There is no 测 ("6D4B) in font nullfont!
Missing character: There is no 试 ("8BD5) in font nullfont!
Missing character: There is no 生 ("751F) in font nullfont!
Missing character: There is no 成 ("6210) in font nullfont!
Missing character: There is no 器 ("5668) in font nullfont!
Missing character: There is no 的 ("7684) in font nullfont!
Missing character: There is no 特 ("7279) in font nullfont!
Missing character: There is no 点 ("70B9) in font nullfont!
Missing character: There is no ， ("FF0C) in font nullfont!
Missing character: There is no 本 ("672C) in font nullfont!
Missing character: There is no 文 ("6587) in font nullfont!
Missing character: There is no 在 ("5728) in font nullfont!
Missing character: There is no 测 ("6D4B) in font nullfont!
Missing character: There is no 试 ("8BD5) in font nullfont!
Missing character: There is no 体 ("4F53) in font nullfont!
Missing character: There is no 系 ("7CFB) in font nullfont!
Missing character: There is no 的 ("7684) in font nullfont!
Missing character: There is no 设 ("8BBE) in font nullfont!
Missing character: There is no 计 ("8BA1) in font nullfont!
Missing character: There is no 中 ("4E2D) in font nullfont!
Missing character: There is no ， ("FF0C) in font nullfont!
Missing character: There is no 选 ("9009) in font nullfont!
Missing character: There is no 择 ("62E9) in font nullfont!
Missing character: There is no 了 ("4E86) in font nullfont!
Missing character: There is no Y ("59) in font nullfont!
Missing character: There is no A ("41) in font nullfont!
Missing character: There is no R ("52) in font nullfont!
Missing character: There is no P ("50) in font nullfont!
Missing character: There is no G ("47) in font nullfont!
Missing character: There is no e ("65) in font nullfont!
Missing character: There is no n ("6E) in font nullfont!
Missing character: There is no 并 ("5E76) in font nullfont!
Missing character: There is no 结 ("7ED3) in font nullfont!
Missing character: There is no 合 ("5408) in font nullfont!
Missing character: There is no D ("44) in font nullfont!
Missing character: There is no S ("53) in font nullfont!
Missing character: There is no P ("50) in font nullfont!
Missing character: There is no 架 ("67B6) in font nullfont!
Missing character: There is no 构 ("6784) in font nullfont!
Missing character: There is no 特 ("7279) in font nullfont!
Missing character: There is no 性 ("6027) in font nullfont!
Missing character: There is no 对 ("5BF9) in font nullfont!
Missing character: There is no 其 ("5176) in font nullfont!
Missing character: There is no 进 ("8FDB) in font nullfont!
Missing character: There is no 行 ("884C) in font nullfont!
Missing character: There is no 定 ("5B9A) in font nullfont!
Missing character: There is no 制 ("5236) in font nullfont!
Missing character: There is no 化 ("5316) in font nullfont!
Missing character: There is no 扩 ("6269) in font nullfont!
Missing character: There is no 展 ("5C55) in font nullfont!
Missing character: There is no 。 ("3002) in font nullfont!
Missing character: There is no 通 ("901A) in font nullfont!
Missing character: There is no 过 ("8FC7) in font nullfont!
Missing character: There is no 生 ("751F) in font nullfont!
Missing character: There is no 成 ("6210) in font nullfont!
Missing character: There is no 含 ("542B) in font nullfont!
Missing character: There is no D ("44) in font nullfont!
Missing character: There is no S ("53) in font nullfont!
Missing character: There is no P ("50) in font nullfont!
Missing character: There is no 内 ("5185) in font nullfont!
Missing character: There is no 建 ("5EFA) in font nullfont!
Missing character: There is no 函 ("51FD) in font nullfont!
Missing character: There is no 数 ("6570) in font nullfont!
Missing character: There is no 集 ("96C6) in font nullfont!
Missing character: There is no 的 ("7684) in font nullfont!
Missing character: There is no 随 ("968F) in font nullfont!
Missing character: There is no 机 ("673A) in font nullfont!
Missing character: There is no 测 ("6D4B) in font nullfont!
Missing character: There is no 试 ("8BD5) in font nullfont!
Missing character: There is no 程 ("7A0B) in font nullfont!
Missing character: There is no 序 ("5E8F) in font nullfont!
Missing character: There is no ， ("FF0C) in font nullfont!
Missing character: There is no 测 ("6D4B) in font nullfont!
Missing character: There is no 试 ("8BD5) in font nullfont!
Missing character: There is no 体 ("4F53) in font nullfont!
Missing character: There is no 系 ("7CFB) in font nullfont!
Missing character: There is no 能 ("80FD) in font nullfont!
Missing character: There is no 更 ("66F4) in font nullfont!
Missing character: There is no 高 ("9AD8) in font nullfont!
Missing character: There is no 效 ("6548) in font nullfont!
Missing character: There is no 地 ("5730) in font nullfont!
Missing character: There is no 验 ("9A8C) in font nullfont!
Missing character: There is no 证 ("8BC1) in font nullfont!
Missing character: There is no 编 ("7F16) in font nullfont!
Missing character: There is no 译 ("8BD1) in font nullfont!
Missing character: There is no 器 ("5668) in font nullfont!
Missing character: There is no 行 ("884C) in font nullfont!
Missing character: There is no 为 ("4E3A) in font nullfont!
Missing character: There is no ， ("FF0C) in font nullfont!
Missing character: There is no 为 ("4E3A) in font nullfont!
Missing character: There is no 后 ("540E) in font nullfont!
Missing character: There is no 续 ("7EED) in font nullfont!
Missing character: There is no 性 ("6027) in font nullfont!
Missing character: There is no 能 ("80FD) in font nullfont!
Missing character: There is no 评 ("8BC4) in font nullfont!
Missing character: There is no 估 ("4F30) in font nullfont!
Missing character: There is no 与 ("4E0E) in font nullfont!
Missing character: There is no 回 ("56DE) in font nullfont!
Missing character: There is no 归 ("5F52) in font nullfont!
Missing character: There is no 分 ("5206) in font nullfont!
Missing character: There is no 析 ("6790) in font nullfont!
Missing character: There is no 提 ("63D0) in font nullfont!
Missing character: There is no 供 ("4F9B) in font nullfont!
Missing character: There is no 可 ("53EF) in font nullfont!
Missing character: There is no 靠 ("9760) in font nullfont!
Missing character: There is no 的 ("7684) in font nullfont!
Missing character: There is no 测 ("6D4B) in font nullfont!
Missing character: There is no 试 ("8BD5) in font nullfont!
Missing character: There is no 基 ("57FA) in font nullfont!
Missing character: There is no 础 ("7840) in font nullfont!
Missing character: There is no 。 ("3002) in font nullfont!

Overfull \hbox (20.0pt too wide) in paragraph at lines 123--124
[] 
 []

! Undefined control sequence.
l.129 \section
              {平台设计}
The control sequence at the end of the top line
of your error message was never \def'ed. If you have
misspelled it (e.g., `\hobx'), type `I' and the correct
spelling (e.g., `I\hbox'). Otherwise just continue,
and I'll forget about whatever was undefined.

Missing character: There is no 平 ("5E73) in font nullfont!
Missing character: There is no 台 ("53F0) in font nullfont!
Missing character: There is no 设 ("8BBE) in font nullfont!
Missing character: There is no 计 ("8BA1) in font nullfont!

Overfull \hbox (20.0pt too wide) in paragraph at lines 129--130
[] 
 []

! Undefined control sequence.
l.133 \subsection
                 {平台整体设计}
The control sequence at the end of the top line
of your error message was never \def'ed. If you have
misspelled it (e.g., `\hobx'), type `I' and the correct
spelling (e.g., `I\hbox'). Otherwise just continue,
and I'll forget about whatever was undefined.

Missing character: There is no 平 ("5E73) in font nullfont!
Missing character: There is no 台 ("53F0) in font nullfont!
Missing character: There is no 整 ("6574) in font nullfont!
Missing character: There is no 体 ("4F53) in font nullfont!
Missing character: There is no 设 ("8BBE) in font nullfont!
Missing character: There is no 计 ("8BA1) in font nullfont!
Missing character: There is no 为 ("4E3A) in font nullfont!
Missing character: There is no 解 ("89E3) in font nullfont!
Missing character: There is no 决 ("51B3) in font nullfont!
Missing character: There is no 4 ("34) in font nullfont!
Missing character: There is no . ("2E) in font nullfont!
Missing character: There is no 1 ("31) in font nullfont!
Missing character: There is no . ("2E) in font nullfont!
Missing character: There is no 1 ("31) in font nullfont!
Missing character: There is no 节 ("8282) in font nullfont!
Missing character: There is no 提 ("63D0) in font nullfont!
Missing character: There is no 到 ("5230) in font nullfont!
Missing character: There is no 的 ("7684) in font nullfont!
Missing character: There is no 测 ("6D4B) in font nullfont!
Missing character: There is no 试 ("8BD5) in font nullfont!
Missing character: There is no 覆 ("8986) in font nullfont!
Missing character: There is no 盖 ("76D6) in font nullfont!
Missing character: There is no 不 ("4E0D) in font nullfont!
Missing character: There is no 足 ("8DB3) in font nullfont!
Missing character: There is no 、 ("3001) in font nullfont!
Missing character: There is no 结 ("7ED3) in font nullfont!
Missing character: There is no 果 ("679C) in font nullfont!
Missing character: There is no 分 ("5206) in font nullfont!
Missing character: There is no 析 ("6790) in font nullfont!
Missing character: There is no 能 ("80FD) in font nullfont!
Missing character: There is no 力 ("529B) in font nullfont!
Missing character: There is no 弱 ("5F31) in font nullfont!
Missing character: There is no 等 ("7B49) in font nullfont!
Missing character: There is no 问 ("95EE) in font nullfont!
Missing character: There is no 题 ("9898) in font nullfont!
Missing character: There is no ， ("FF0C) in font nullfont!
Missing character: There is no 本 ("672C) in font nullfont!
Missing character: There is no 文 ("6587) in font nullfont!
Missing character: There is no 设 ("8BBE) in font nullfont!
Missing character: There is no 计 ("8BA1) in font nullfont!
Missing character: There is no 并 ("5E76) in font nullfont!
Missing character: There is no 实 ("5B9E) in font nullfont!
Missing character: There is no 现 ("73B0) in font nullfont!
Missing character: There is no 了 ("4E86) in font nullfont!
Missing character: There is no 一 ("4E00) in font nullfont!
Missing character: There is no 套 ("5957) in font nullfont!
Missing character: There is no 面 ("9762) in font nullfont!
Missing character: There is no 向 ("5411) in font nullfont!
Missing character: There is no D ("44) in font nullfont!
Missing character: There is no S ("53) in font nullfont!
Missing character: There is no P ("50) in font nullfont!
Missing character: There is no 编 ("7F16) in font nullfont!
Missing character: There is no 译 ("8BD1) in font nullfont!
Missing character: There is no 器 ("5668) in font nullfont!
Missing character: There is no 的 ("7684) in font nullfont!
Missing character: There is no 性 ("6027) in font nullfont!
Missing character: There is no 能 ("80FD) in font nullfont!
Missing character: There is no 测 ("6D4B) in font nullfont!
Missing character: There is no 试 ("8BD5) in font nullfont!
Missing character: There is no 评 ("8BC4) in font nullfont!
Missing character: There is no 估 ("4F30) in font nullfont!
Missing character: There is no 平 ("5E73) in font nullfont!
Missing character: There is no 台 ("53F0) in font nullfont!
Missing character: There is no 。 ("3002) in font nullfont!
Missing character: There is no 平 ("5E73) in font nullfont!
Missing character: There is no 台 ("53F0) in font nullfont!
Missing character: There is no 整 ("6574) in font nullfont!
Missing character: There is no 体 ("4F53) in font nullfont!
Missing character: There is no 分 ("5206) in font nullfont!
Missing character: There is no 为 ("4E3A) in font nullfont!
Missing character: There is no 测 ("6D4B) in font nullfont!
Missing character: There is no 试 ("8BD5) in font nullfont!
Missing character: There is no 子 ("5B50) in font nullfont!
Missing character: There is no 系 ("7CFB) in font nullfont!
Missing character: There is no 统 ("7EDF) in font nullfont!
Missing character: There is no 与 ("4E0E) in font nullfont!
Missing character: There is no 评 ("8BC4) in font nullfont!
Missing character: There is no 估 ("4F30) in font nullfont!
Missing character: There is no 子 ("5B50) in font nullfont!
Missing character: There is no 系 ("7CFB) in font nullfont!
Missing character: There is no 统 ("7EDF) in font nullfont!
Missing character: There is no 两 ("4E24) in font nullfont!
Missing character: There is no 大 ("5927) in font nullfont!
Missing character: There is no 模 ("6A21) in font nullfont!
Missing character: There is no 块 ("5757) in font nullfont!
Missing character: There is no ， ("FF0C) in font nullfont!
Missing character: There is no 前 ("524D) in font nullfont!
Missing character: There is no 者 ("8005) in font nullfont!
Missing character: There is no 在 ("5728) in font nullfont!
Missing character: There is no 原 ("539F) in font nullfont!
Missing character: There is no 有 ("6709) in font nullfont!
Missing character: There is no C ("43) in font nullfont!
Missing character: There is no I ("49) in font nullfont!
Missing character: There is no 测 ("6D4B) in font nullfont!
Missing character: There is no 试 ("8BD5) in font nullfont!
Missing character: There is no 平 ("5E73) in font nullfont!
Missing character: There is no 台 ("53F0) in font nullfont!
Missing character: There is no 上 ("4E0A) in font nullfont!
Missing character: There is no 进 ("8FDB) in font nullfont!
Missing character: There is no 行 ("884C) in font nullfont!
Missing character: There is no 功 ("529F) in font nullfont!
Missing character: There is no 能 ("80FD) in font nullfont!
Missing character: There is no 新 ("65B0) in font nullfont!
Missing character: There is no 增 ("589E) in font nullfont!
Missing character: There is no 与 ("4E0E) in font nullfont!
Missing character: There is no 架 ("67B6) in font nullfont!
Missing character: There is no 构 ("6784) in font nullfont!
Missing character: There is no 重 ("91CD) in font nullfont!
Missing character: There is no 构 ("6784) in font nullfont!
Missing character: There is no ， ("FF0C) in font nullfont!
Missing character: There is no 后 ("540E) in font nullfont!
Missing character: There is no 者 ("8005) in font nullfont!
Missing character: There is no 则 ("5219) in font nullfont!
Missing character: There is no 为 ("4E3A) in font nullfont!
Missing character: There is no 全 ("5168) in font nullfont!
Missing character: There is no 新 ("65B0) in font nullfont!
Missing character: There is no 搭 ("642D) in font nullfont!
Missing character: There is no 建 ("5EFA) in font nullfont!
Missing character: There is no 的 ("7684) in font nullfont!
Missing character: There is no 独 ("72EC) in font nullfont!
Missing character: There is no 立 ("7ACB) in font nullfont!
Missing character: There is no 模 ("6A21) in font nullfont!
Missing character: There is no 块 ("5757) in font nullfont!
Missing character: There is no 。 ("3002) in font nullfont!

Overfull \hbox (20.0pt too wide) in paragraph at lines 133--135
[]
 []

Missing character: There is no 测 ("6D4B) in font nullfont!
Missing character: There is no 试 ("8BD5) in font nullfont!
Missing character: There is no 子 ("5B50) in font nullfont!
Missing character: There is no 系 ("7CFB) in font nullfont!
Missing character: There is no 统 ("7EDF) in font nullfont!
Missing character: There is no 的 ("7684) in font nullfont!
Missing character: There is no 核 ("6838) in font nullfont!
Missing character: There is no 心 ("5FC3) in font nullfont!
Missing character: There is no 改 ("6539) in font nullfont!
Missing character: There is no 进 ("8FDB) in font nullfont!
Missing character: There is no 在 ("5728) in font nullfont!
Missing character: There is no 于 ("4E8E) in font nullfont!
Missing character: There is no 移 ("79FB) in font nullfont!
Missing character: There is no 植 ("690D) in font nullfont!
Missing character: There is no 并 ("5E76) in font nullfont!
Missing character: There is no 定 ("5B9A) in font nullfont!
Missing character: There is no 制 ("5236) in font nullfont!
Missing character: There is no 随 ("968F) in font nullfont!
Missing character: There is no 机 ("673A) in font nullfont!
Missing character: There is no 测 ("6D4B) in font nullfont!
Missing character: There is no 试 ("8BD5) in font nullfont!
Missing character: There is no 生 ("751F) in font nullfont!
Missing character: There is no 成 ("6210) in font nullfont!
Missing character: There is no 器 ("5668) in font nullfont!
Missing character: There is no Y ("59) in font nullfont!
Missing character: There is no A ("41) in font nullfont!
Missing character: There is no R ("52) in font nullfont!
Missing character: There is no P ("50) in font nullfont!
Missing character: There is no G ("47) in font nullfont!
Missing character: There is no e ("65) in font nullfont!
Missing character: There is no n ("6E) in font nullfont!
Missing character: There is no ， ("FF0C) in font nullfont!
Missing character: There is no 拓 ("62D3) in font nullfont!
Missing character: There is no 展 ("5C55) in font nullfont!
Missing character: There is no 其 ("5176) in font nullfont!
Missing character: There is no 功 ("529F) in font nullfont!
Missing character: There is no 能 ("80FD) in font nullfont!
Missing character: There is no ， ("FF0C) in font nullfont!
Missing character: There is no 添 ("6DFB) in font nullfont!
Missing character: There is no 加 ("52A0) in font nullfont!
Missing character: There is no 适 ("9002) in font nullfont!
Missing character: There is no 配 ("914D) in font nullfont!
Missing character: There is no D ("44) in font nullfont!
Missing character: There is no S ("53) in font nullfont!
Missing character: There is no P ("50) in font nullfont!
Missing character: There is no 指 ("6307) in font nullfont!
Missing character: There is no 令 ("4EE4) in font nullfont!
Missing character: There is no 集 ("96C6) in font nullfont!
Missing character: There is no 架 ("67B6) in font nullfont!
Missing character: There is no 构 ("6784) in font nullfont!
Missing character: There is no 的 ("7684) in font nullfont!
Missing character: There is no I ("49) in font nullfont!
Missing character: There is no n ("6E) in font nullfont!
Missing character: There is no t ("74) in font nullfont!
Missing character: There is no r ("72) in font nullfont!
Missing character: There is no i ("69) in font nullfont!
Missing character: There is no n ("6E) in font nullfont!
Missing character: There is no s ("73) in font nullfont!
Missing character: There is no i ("69) in font nullfont!
Missing character: There is no c ("63) in font nullfont!
Missing character: There is no （ ("FF08) in font nullfont!
Missing character: There is no 内 ("5185) in font nullfont!
Missing character: There is no 建 ("5EFA) in font nullfont!
Missing character: There is no 函 ("51FD) in font nullfont!
Missing character: There is no 数 ("6570) in font nullfont!
Missing character: There is no ） ("FF09) in font nullfont!
Missing character: There is no 集 ("96C6) in font nullfont!
Missing character: There is no ， ("FF0C) in font nullfont!
Missing character: There is no 同 ("540C) in font nullfont!
Missing character: There is no 时 ("65F6) in font nullfont!
Missing character: There is no 完 ("5B8C) in font nullfont!
Missing character: There is no 成 ("6210) in font nullfont!
Missing character: There is no 适 ("9002) in font nullfont!
Missing character: There is no 配 ("914D) in font nullfont!
Missing character: There is no 现 ("73B0) in font nullfont!
Missing character: There is no 有 ("6709) in font nullfont!
Missing character: There is no C ("43) in font nullfont!
Missing character: There is no I ("49) in font nullfont!
Missing character: There is no 流 ("6D41) in font nullfont!
Missing character: There is no 程 ("7A0B) in font nullfont!
Missing character: There is no 的 ("7684) in font nullfont!
Missing character: There is no 环 ("73AF) in font nullfont!
Missing character: There is no 境 ("5883) in font nullfont!
Missing character: There is no 配 ("914D) in font nullfont!
Missing character: There is no 置 ("7F6E) in font nullfont!
Missing character: There is no 。 ("3002) in font nullfont!
Missing character: There is no 该 ("8BE5) in font nullfont!
Missing character: There is no 子 ("5B50) in font nullfont!
Missing character: There is no 系 ("7CFB) in font nullfont!
Missing character: There is no 统 ("7EDF) in font nullfont!
Missing character: There is no 在 ("5728) in font nullfont!
Missing character: There is no 每 ("6BCF) in font nullfont!
Missing character: There is no 次 ("6B21) in font nullfont!
Missing character: There is no 测 ("6D4B) in font nullfont!
Missing character: There is no 试 ("8BD5) in font nullfont!
Missing character: There is no 触 ("89E6) in font nullfont!
Missing character: There is no 发 ("53D1) in font nullfont!
Missing character: There is no 时 ("65F6) in font nullfont!
Missing character: There is no 可 ("53EF) in font nullfont!
Missing character: There is no 自 ("81EA) in font nullfont!
Missing character: There is no 动 ("52A8) in font nullfont!
Missing character: There is no 生 ("751F) in font nullfont!
Missing character: There is no 成 ("6210) in font nullfont!
Missing character: There is no 一 ("4E00) in font nullfont!
Missing character: There is no 批 ("6279) in font nullfont!
Missing character: There is no 随 ("968F) in font nullfont!
Missing character: There is no 机 ("673A) in font nullfont!
Missing character: There is no 样 ("6837) in font nullfont!
Missing character: There is no 例 ("4F8B) in font nullfont!
Missing character: There is no ， ("FF0C) in font nullfont!
Missing character: There is no 并 ("5E76) in font nullfont!
Missing character: There is no 与 ("4E0E) in font nullfont!
Missing character: There is no 原 ("539F) in font nullfont!
Missing character: There is no 有 ("6709) in font nullfont!
Missing character: There is no 固 ("56FA) in font nullfont!
Missing character: There is no 定 ("5B9A) in font nullfont!
Missing character: There is no 测 ("6D4B) in font nullfont!
Missing character: There is no 试 ("8BD5) in font nullfont!
Missing character: There is no 集 ("96C6) in font nullfont!
Missing character: There is no 并 ("5E76) in font nullfont!
Missing character: There is no 行 ("884C) in font nullfont!
Missing character: There is no 执 ("6267) in font nullfont!
Missing character: There is no 行 ("884C) in font nullfont!
Missing character: There is no ， ("FF0C) in font nullfont!
Missing character: There is no 同 ("540C) in font nullfont!
Missing character: There is no 时 ("65F6) in font nullfont!
Missing character: There is no 将 ("5C06) in font nullfont!
Missing character: There is no 测 ("6D4B) in font nullfont!
Missing character: There is no 试 ("8BD5) in font nullfont!
Missing character: There is no 过 ("8FC7) in font nullfont!
Missing character: There is no 程 ("7A0B) in font nullfont!
Missing character: There is no 中 ("4E2D) in font nullfont!
Missing character: There is no 检 ("68C0) in font nullfont!
Missing character: There is no 出 ("51FA) in font nullfont!
Missing character: There is no 错 ("9519) in font nullfont!
Missing character: There is no 误 ("8BEF) in font nullfont!
Missing character: There is no 的 ("7684) in font nullfont!
Missing character: There is no 样 ("6837) in font nullfont!
Missing character: There is no 例 ("4F8B) in font nullfont!
Missing character: There is no 纳 ("7EB3) in font nullfont!
Missing character: There is no 入 ("5165) in font nullfont!
Missing character: There is no 固 ("56FA) in font nullfont!
Missing character: There is no 定 ("5B9A) in font nullfont!
Missing character: There is no 测 ("6D4B) in font nullfont!
Missing character: There is no 试 ("8BD5) in font nullfont!
Missing character: There is no 集 ("96C6) in font nullfont!
Missing character: There is no ， ("FF0C) in font nullfont!
Missing character: There is no 形 ("5F62) in font nullfont!
Missing character: There is no 成 ("6210) in font nullfont!
Missing character: There is no 迭 ("8FED) in font nullfont!
Missing character: There is no 代 ("4EE3) in font nullfont!
Missing character: There is no 优 ("4F18) in font nullfont!
Missing character: There is no 化 ("5316) in font nullfont!
Missing character: There is no 的 ("7684) in font nullfont!
Missing character: There is no 测 ("6D4B) in font nullfont!
Missing character: There is no 试 ("8BD5) in font nullfont!
Missing character: There is no 用 ("7528) in font nullfont!
Missing character: There is no 例 ("4F8B) in font nullfont!
Missing character: There is no 库 ("5E93) in font nullfont!
Missing character: There is no 。 ("3002) in font nullfont!

Overfull \hbox (20.0pt too wide) in paragraph at lines 138--139
[] 
 []

Missing character: There is no 评 ("8BC4) in font nullfont!
Missing character: There is no 估 ("4F30) in font nullfont!
Missing character: There is no 子 ("5B50) in font nullfont!
Missing character: There is no 系 ("7CFB) in font nullfont!
Missing character: There is no 统 ("7EDF) in font nullfont!
Missing character: There is no 对 ("5BF9) in font nullfont!
Missing character: There is no 接 ("63A5) in font nullfont!
Missing character: There is no 线 ("7EBF) in font nullfont!
Missing character: There is no 上 ("4E0A) in font nullfont!
Missing character: There is no C ("43) in font nullfont!
Missing character: There is no I ("49) in font nullfont!
Missing character: There is no 测 ("6D4B) in font nullfont!
Missing character: There is no 试 ("8BD5) in font nullfont!
Missing character: There is no 平 ("5E73) in font nullfont!
Missing character: There is no 台 ("53F0) in font nullfont!
Missing character: There is no ， ("FF0C) in font nullfont!
Missing character: There is no 通 ("901A) in font nullfont!
Missing character: There is no 过 ("8FC7) in font nullfont!
Missing character: There is no 脚 ("811A) in font nullfont!
Missing character: There is no 本 ("672C) in font nullfont!
Missing character: There is no 实 ("5B9E) in font nullfont!
Missing character: There is no 现 ("73B0) in font nullfont!
Missing character: There is no 编 ("7F16) in font nullfont!
Missing character: There is no 译 ("8BD1) in font nullfont!
Missing character: There is no 流 ("6D41) in font nullfont!
Missing character: There is no 程 ("7A0B) in font nullfont!
Missing character: There is no 的 ("7684) in font nullfont!
Missing character: There is no 自 ("81EA) in font nullfont!
Missing character: There is no 动 ("52A8) in font nullfont!
Missing character: There is no 化 ("5316) in font nullfont!
Missing character: There is no 触 ("89E6) in font nullfont!
Missing character: There is no 发 ("53D1) in font nullfont!
Missing character: There is no 。 ("3002) in font nullfont!
Missing character: There is no 在 ("5728) in font nullfont!
Missing character: There is no 开 ("5F00) in font nullfont!
Missing character: There is no 发 ("53D1) in font nullfont!
Missing character: There is no 人 ("4EBA) in font nullfont!
Missing character: There is no 员 ("5458) in font nullfont!
Missing character: There is no 提 ("63D0) in font nullfont!
Missing character: There is no 交 ("4EA4) in font nullfont!
Missing character: There is no P ("50) in font nullfont!
Missing character: There is no R ("52) in font nullfont!
Missing character: There is no 后 ("540E) in font nullfont!
Missing character: There is no ， ("FF0C) in font nullfont!
Missing character: There is no 脚 ("811A) in font nullfont!
Missing character: There is no 本 ("672C) in font nullfont!
Missing character: There is no 会 ("4F1A) in font nullfont!
Missing character: There is no 自 ("81EA) in font nullfont!
Missing character: There is no 动 ("52A8) in font nullfont!
Missing character: There is no 触 ("89E6) in font nullfont!
Missing character: There is no 发 ("53D1) in font nullfont!
Missing character: There is no 测 ("6D4B) in font nullfont!
Missing character: There is no 试 ("8BD5) in font nullfont!
Missing character: There is no 任 ("4EFB) in font nullfont!
Missing character: There is no 务 ("52A1) in font nullfont!
Missing character: There is no ， ("FF0C) in font nullfont!
Missing character: There is no 同 ("540C) in font nullfont!
Missing character: There is no 时 ("65F6) in font nullfont!
Missing character: There is no 在 ("5728) in font nullfont!
Missing character: There is no 部 ("90E8) in font nullfont!
Missing character: There is no 署 ("7F72) in font nullfont!
Missing character: There is no 在 ("5728) in font nullfont!
Missing character: There is no R ("52) in font nullfont!
Missing character: There is no u ("75) in font nullfont!
Missing character: There is no n ("6E) in font nullfont!
Missing character: There is no n ("6E) in font nullfont!
Missing character: There is no e ("65) in font nullfont!
Missing character: There is no r ("72) in font nullfont!
Missing character: There is no 上 ("4E0A) in font nullfont!
Missing character: There is no 的 ("7684) in font nullfont!
Missing character: There is no 仿 ("4EFF) in font nullfont!
Missing character: There is no 真 ("771F) in font nullfont!
Missing character: There is no 器 ("5668) in font nullfont!
Missing character: There is no 和 ("548C) in font nullfont!
Missing character: There is no 芯 ("82AF) in font nullfont!
Missing character: There is no 片 ("7247) in font nullfont!
Missing character: There is no 上 ("4E0A) in font nullfont!
Missing character: There is no 执 ("6267) in font nullfont!
Missing character: There is no 行 ("884C) in font nullfont!
Missing character: There is no ； ("FF1B) in font nullfont!
Missing character: There is no 测 ("6D4B) in font nullfont!
Missing character: There is no 试 ("8BD5) in font nullfont!
Missing character: There is no 完 ("5B8C) in font nullfont!
Missing character: There is no 成 ("6210) in font nullfont!
Missing character: There is no 后 ("540E) in font nullfont!
Missing character: There is no ， ("FF0C) in font nullfont!
Missing character: There is no 结 ("7ED3) in font nullfont!
Missing character: There is no 果 ("679C) in font nullfont!
Missing character: There is no 会 ("4F1A) in font nullfont!
Missing character: There is no 同 ("540C) in font nullfont!
Missing character: There is no 步 ("6B65) in font nullfont!
Missing character: There is no 至 ("81F3) in font nullfont!
Missing character: There is no G ("47) in font nullfont!
Missing character: There is no i ("69) in font nullfont!
Missing character: There is no t ("74) in font nullfont!
Missing character: There is no l ("6C) in font nullfont!
Missing character: There is no a ("61) in font nullfont!
Missing character: There is no b ("62) in font nullfont!
Missing character: There is no 的 ("7684) in font nullfont!
Missing character: There is no P ("50) in font nullfont!
Missing character: There is no e ("65) in font nullfont!
Missing character: There is no r ("72) in font nullfont!
Missing character: There is no f ("66) in font nullfont!
Missing character: There is no 仓 ("4ED3) in font nullfont!
Missing character: There is no 库 ("5E93) in font nullfont!
Missing character: There is no ； ("FF1B) in font nullfont!
Missing character: There is no 后 ("540E) in font nullfont!
Missing character: There is no 端 ("7AEF) in font nullfont!
Missing character: There is no 系 ("7CFB) in font nullfont!
Missing character: There is no 统 ("7EDF) in font nullfont!
Missing character: There is no 定 ("5B9A) in font nullfont!
Missing character: There is no 时 ("65F6) in font nullfont!
Missing character: There is no 拉 ("62C9) in font nullfont!
Missing character: There is no 取 ("53D6) in font nullfont!
Missing character: There is no P ("50) in font nullfont!
Missing character: There is no e ("65) in font nullfont!
Missing character: There is no r ("72) in font nullfont!
Missing character: There is no f ("66) in font nullfont!
Missing character: There is no 仓 ("4ED3) in font nullfont!
Missing character: There is no 库 ("5E93) in font nullfont!
Missing character: There is no 并 ("5E76) in font nullfont!
Missing character: There is no 更 ("66F4) in font nullfont!
Missing character: There is no 新 ("65B0) in font nullfont!
Missing character: There is no 数 ("6570) in font nullfont!
Missing character: There is no 据 ("636E) in font nullfont!
Missing character: There is no 库 ("5E93) in font nullfont!
Missing character: There is no ， ("FF0C) in font nullfont!
Missing character: There is no 当 ("5F53) in font nullfont!
Missing character: There is no 前 ("524D) in font nullfont!
Missing character: There is no 端 ("7AEF) in font nullfont!
Missing character: There is no 发 ("53D1) in font nullfont!
Missing character: There is no 起 ("8D77) in font nullfont!
Missing character: There is no 请 ("8BF7) in font nullfont!
Missing character: There is no 求 ("6C42) in font nullfont!
Missing character: There is no 时 ("65F6) in font nullfont!
Missing character: There is no ， ("FF0C) in font nullfont!
Missing character: There is no 系 ("7CFB) in font nullfont!
Missing character: There is no 统 ("7EDF) in font nullfont!
Missing character: There is no 会 ("4F1A) in font nullfont!
Missing character: There is no 返 ("8FD4) in font nullfont!
Missing character: There is no 回 ("56DE) in font nullfont!
Missing character: There is no 查 ("67E5) in font nullfont!
Missing character: There is no 询 ("8BE2) in font nullfont!
Missing character: There is no 结 ("7ED3) in font nullfont!
Missing character: There is no 果 ("679C) in font nullfont!
Missing character: There is no 并 ("5E76) in font nullfont!
Missing character: There is no 在 ("5728) in font nullfont!
Missing character: There is no 前 ("524D) in font nullfont!
Missing character: There is no 端 ("7AEF) in font nullfont!
Missing character: There is no 进 ("8FDB) in font nullfont!
Missing character: There is no 行 ("884C) in font nullfont!
Missing character: There is no 可 ("53EF) in font nullfont!
Missing character: There is no 视 ("89C6) in font nullfont!
Missing character: There is no 化 ("5316) in font nullfont!
Missing character: There is no 展 ("5C55) in font nullfont!
Missing character: There is no 示 ("793A) in font nullfont!
Missing character: There is no ， ("FF0C) in font nullfont!
Missing character: There is no 以 ("4EE5) in font nullfont!
Missing character: There is no 此 ("6B64) in font nullfont!
Missing character: There is no 直 ("76F4) in font nullfont!
Missing character: There is no 观 ("89C2) in font nullfont!
Missing character: There is no 地 ("5730) in font nullfont!
Missing character: There is no 呈 ("5448) in font nullfont!
Missing character: There is no 现 ("73B0) in font nullfont!
Missing character: There is no 新 ("65B0) in font nullfont!
Missing character: There is no 变 ("53D8) in font nullfont!
Missing character: There is no 更 ("66F4) in font nullfont!
Missing character: There is no 引 ("5F15) in font nullfont!
Missing character: There is no 入 ("5165) in font nullfont!
Missing character: There is no 的 ("7684) in font nullfont!
Missing character: There is no 性 ("6027) in font nullfont!
Missing character: There is no 能 ("80FD) in font nullfont!
Missing character: There is no 提 ("63D0) in font nullfont!
Missing character: There is no 升 ("5347) in font nullfont!
Missing character: There is no 或 ("6216) in font nullfont!
Missing character: There is no 退 ("9000) in font nullfont!
Missing character: There is no 步 ("6B65) in font nullfont!
Missing character: There is no 。 ("3002) in font nullfont!

Overfull \hbox (20.0pt too wide) in paragraph at lines 142--143
[] 
 []

Missing character: There is no 系 ("7CFB) in font nullfont!
Missing character: There is no 统 ("7EDF) in font nullfont!
Missing character: There is no 整 ("6574) in font nullfont!
Missing character: There is no 体 ("4F53) in font nullfont!
Missing character: There is no 设 ("8BBE) in font nullfont!
Missing character: There is no 计 ("8BA1) in font nullfont!
Missing character: There is no 如 ("5982) in font nullfont!
Missing character: There is no 图 ("56FE) in font nullfont!
! Undefined control sequence.
<write> ...fig:system_flowchart' on page \thepage 
                                                  \space undefined\on@line .^^J
l.146 系统整体设计如图\ref{fig:system_flowchart}
                                        所示，整体架构分为测试子系统和评估子系统两部分。测试子系统完成从测试样例...
The control sequence at the end of the top line
of your error message was never \def'ed. If you have
misspelled it (e.g., `\hobx'), type `I' and the correct
spelling (e.g., `I\hbox'). Otherwise just continue,
and I'll forget about whatever was undefined.


LaTeX Warning: Reference `fig:system_flowchart' on page  undefined on input lin
e 146.

Missing character: There is no 所 ("6240) in font nullfont!
Missing character: There is no 示 ("793A) in font nullfont!
Missing character: There is no ， ("FF0C) in font nullfont!
Missing character: There is no 整 ("6574) in font nullfont!
Missing character: There is no 体 ("4F53) in font nullfont!
Missing character: There is no 架 ("67B6) in font nullfont!
Missing character: There is no 构 ("6784) in font nullfont!
Missing character: There is no 分 ("5206) in font nullfont!
Missing character: There is no 为 ("4E3A) in font nullfont!
Missing character: There is no 测 ("6D4B) in font nullfont!
Missing character: There is no 试 ("8BD5) in font nullfont!
Missing character: There is no 子 ("5B50) in font nullfont!
Missing character: There is no 系 ("7CFB) in font nullfont!
Missing character: There is no 统 ("7EDF) in font nullfont!
Missing character: There is no 和 ("548C) in font nullfont!
Missing character: There is no 评 ("8BC4) in font nullfont!
Missing character: There is no 估 ("4F30) in font nullfont!
Missing character: There is no 子 ("5B50) in font nullfont!
Missing character: There is no 系 ("7CFB) in font nullfont!
Missing character: There is no 统 ("7EDF) in font nullfont!
Missing character: There is no 两 ("4E24) in font nullfont!
Missing character: There is no 部 ("90E8) in font nullfont!
Missing character: There is no 分 ("5206) in font nullfont!
Missing character: There is no 。 ("3002) in font nullfont!
Missing character: There is no 测 ("6D4B) in font nullfont!
Missing character: There is no 试 ("8BD5) in font nullfont!
Missing character: There is no 子 ("5B50) in font nullfont!
Missing character: There is no 系 ("7CFB) in font nullfont!
Missing character: There is no 统 ("7EDF) in font nullfont!
Missing character: There is no 完 ("5B8C) in font nullfont!
Missing character: There is no 成 ("6210) in font nullfont!
Missing character: There is no 从 ("4ECE) in font nullfont!
Missing character: There is no 测 ("6D4B) in font nullfont!
Missing character: There is no 试 ("8BD5) in font nullfont!
Missing character: There is no 样 ("6837) in font nullfont!
Missing character: There is no 例 ("4F8B) in font nullfont!
Missing character: There is no 生 ("751F) in font nullfont!
Missing character: There is no 成 ("6210) in font nullfont!
Missing character: There is no 、 ("3001) in font nullfont!
Missing character: There is no 编 ("7F16) in font nullfont!
Missing character: There is no 译 ("8BD1) in font nullfont!
Missing character: There is no 到 ("5230) in font nullfont!
Missing character: There is no 执 ("6267) in font nullfont!
Missing character: There is no 行 ("884C) in font nullfont!
Missing character: There is no 的 ("7684) in font nullfont!
Missing character: There is no 全 ("5168) in font nullfont!
Missing character: There is no 自 ("81EA) in font nullfont!
Missing character: There is no 动 ("52A8) in font nullfont!
Missing character: There is no 化 ("5316) in font nullfont!
Missing character: There is no 流 ("6D41) in font nullfont!
Missing character: There is no 程 ("7A0B) in font nullfont!
Missing character: There is no ； ("FF1B) in font nullfont!
Missing character: There is no 评 ("8BC4) in font nullfont!
Missing character: There is no 估 ("4F30) in font nullfont!
Missing character: There is no 子 ("5B50) in font nullfont!
Missing character: There is no 系 ("7CFB) in font nullfont!
Missing character: There is no 统 ("7EDF) in font nullfont!
Missing character: There is no 则 ("5219) in font nullfont!
Missing character: There is no 通 ("901A) in font nullfont!
Missing character: There is no 过 ("8FC7) in font nullfont!
Missing character: There is no 前 ("524D) in font nullfont!
Missing character: There is no 端 ("7AEF) in font nullfont!
Missing character: There is no 、 ("3001) in font nullfont!
Missing character: There is no 后 ("540E) in font nullfont!
Missing character: There is no 端 ("7AEF) in font nullfont!
Missing character: There is no 与 ("4E0E) in font nullfont!
Missing character: There is no 数 ("6570) in font nullfont!
Missing character: There is no 据 ("636E) in font nullfont!
Missing character: There is no 库 ("5E93) in font nullfont!
Missing character: There is no 的 ("7684) in font nullfont!
Missing character: There is no 协 ("534F) in font nullfont!
Missing character: There is no 作 ("4F5C) in font nullfont!
Missing character: There is no ， ("FF0C) in font nullfont!
Missing character: There is no 实 ("5B9E) in font nullfont!
Missing character: There is no 现 ("73B0) in font nullfont!
Missing character: There is no 测 ("6D4B) in font nullfont!
Missing character: There is no 试 ("8BD5) in font nullfont!
Missing character: There is no 结 ("7ED3) in font nullfont!
Missing character: There is no 果 ("679C) in font nullfont!
Missing character: There is no 的 ("7684) in font nullfont!
Missing character: There is no 结 ("7ED3) in font nullfont!
Missing character: There is no 构 ("6784) in font nullfont!
Missing character: There is no 化 ("5316) in font nullfont!
Missing character: There is no 存 ("5B58) in font nullfont!
Missing character: There is no 储 ("50A8) in font nullfont!
Missing character: There is no 、 ("3001) in font nullfont!
Missing character: There is no 查 ("67E5) in font nullfont!
Missing character: There is no 询 ("8BE2) in font nullfont!
Missing character: There is no 、 ("3001) in font nullfont!
Missing character: There is no 对 ("5BF9) in font nullfont!
Missing character: There is no 比 ("6BD4) in font nullfont!
Missing character: There is no 分 ("5206) in font nullfont!
Missing character: There is no 析 ("6790) in font nullfont!
Missing character: There is no 与 ("4E0E) in font nullfont!
Missing character: There is no 可 ("53EF) in font nullfont!
Missing character: There is no 视 ("89C6) in font nullfont!
Missing character: There is no 化 ("5316) in font nullfont!
Missing character: There is no 展 ("5C55) in font nullfont!
Missing character: There is no 示 ("793A) in font nullfont!
Missing character: There is no 。 ("3002) in font nullfont!
Missing character: There is no 两 ("4E24) in font nullfont!
Missing character: There is no 个 ("4E2A) in font nullfont!
Missing character: There is no 子 ("5B50) in font nullfont!
Missing character: There is no 系 ("7CFB) in font nullfont!
Missing character: There is no 统 ("7EDF) in font nullfont!
Missing character: There is no 功 ("529F) in font nullfont!
Missing character: There is no 能 ("80FD) in font nullfont!
Missing character: There is no 上 ("4E0A) in font nullfont!
Missing character: There is no 解 ("89E3) in font nullfont!
Missing character: There is no 耦 ("8026) in font nullfont!
Missing character: There is no ， ("FF0C) in font nullfont!
Missing character: There is no 通 ("901A) in font nullfont!
Missing character: There is no 过 ("8FC7) in font nullfont!
Missing character: There is no P ("50) in font nullfont!
Missing character: There is no e ("65) in font nullfont!
Missing character: There is no r ("72) in font nullfont!
Missing character: There is no f ("66) in font nullfont!
Missing character: There is no 仓 ("4ED3) in font nullfont!
Missing character: There is no 库 ("5E93) in font nullfont!
Missing character: There is no 实 ("5B9E) in font nullfont!
Missing character: There is no 现 ("73B0) in font nullfont!
Missing character: There is no 数 ("6570) in font nullfont!
Missing character: There is no 据 ("636E) in font nullfont!
Missing character: There is no 交 ("4EA4) in font nullfont!
Missing character: There is no 互 ("4E92) in font nullfont!
Missing character: There is no 。 ("3002) in font nullfont!
Missing character: There is no 这 ("8FD9) in font nullfont!
Missing character: There is no 种 ("79CD) in font nullfont!
Missing character: There is no 设 ("8BBE) in font nullfont!
Missing character: There is no 计 ("8BA1) in font nullfont!
Missing character: There is no 既 ("65E2) in font nullfont!
Missing character: There is no 保 ("4FDD) in font nullfont!
Missing character: There is no 证 ("8BC1) in font nullfont!
Missing character: There is no 了 ("4E86) in font nullfont!
Missing character: There is no 测 ("6D4B) in font nullfont!
Missing character: There is no 试 ("8BD5) in font nullfont!
Missing character: There is no 流 ("6D41) in font nullfont!
Missing character: There is no 程 ("7A0B) in font nullfont!
Missing character: There is no 的 ("7684) in font nullfont!
Missing character: There is no 高 ("9AD8) in font nullfont!
Missing character: There is no 效 ("6548) in font nullfont!
Missing character: There is no 运 ("8FD0) in font nullfont!
Missing character: There is no 行 ("884C) in font nullfont!
Missing character: There is no ， ("FF0C) in font nullfont!
Missing character: There is no 又 ("53C8) in font nullfont!
Missing character: There is no 提 ("63D0) in font nullfont!
Missing character: There is no 升 ("5347) in font nullfont!
Missing character: There is no 了 ("4E86) in font nullfont!
Missing character: There is no 测 ("6D4B) in font nullfont!
Missing character: There is no 试 ("8BD5) in font nullfont!
Missing character: There is no 结 ("7ED3) in font nullfont!
Missing character: There is no 果 ("679C) in font nullfont!
Missing character: There is no 的 ("7684) in font nullfont!
Missing character: There is no 可 ("53EF) in font nullfont!
Missing character: There is no 分 ("5206) in font nullfont!
Missing character: There is no 析 ("6790) in font nullfont!
Missing character: There is no 性 ("6027) in font nullfont!
Missing character: There is no 与 ("4E0E) in font nullfont!
Missing character: There is no 可 ("53EF) in font nullfont!
Missing character: There is no 追 ("8FFD) in font nullfont!
Missing character: There is no 溯 ("6EAF) in font nullfont!
Missing character: There is no 性 ("6027) in font nullfont!
Missing character: There is no 。 ("3002) in font nullfont!

Overfull \hbox (30.86pt too wide) in paragraph at lines 146--147
[][] 
 []


! LaTeX Error: Environment figure undefined.

See the LaTeX manual or LaTeX Companion for explanation.
Type  H <return>  for immediate help.
 ...                                              
                                                  
l.148 \begin{figure}
                    [htbp]
Your command was ignored.
Type  I <command> <return>  to replace it with another command,
or  <return>  to continue without it.

Missing character: There is no [ ("5B) in font nullfont!
Missing character: There is no h ("68) in font nullfont!
Missing character: There is no t ("74) in font nullfont!
Missing character: There is no b ("62) in font nullfont!
Missing character: There is no p ("70) in font nullfont!
Missing character: There is no ] ("5D) in font nullfont!
! Undefined control sequence.
l.150 ^^I\includegraphics
                         [width=1\textwidth]{pics/system_flowchart.png}
The control sequence at the end of the top line
of your error message was never \def'ed. If you have
misspelled it (e.g., `\hobx'), type `I' and the correct
spelling (e.g., `I\hbox'). Otherwise just continue,
and I'll forget about whatever was undefined.

Missing character: There is no [ ("5B) in font nullfont!
Missing character: There is no w ("77) in font nullfont!
Missing character: There is no i ("69) in font nullfont!
Missing character: There is no d ("64) in font nullfont!
Missing character: There is no t ("74) in font nullfont!
Missing character: There is no h ("68) in font nullfont!
Missing character: There is no = ("3D) in font nullfont!
Missing character: There is no 1 ("31) in font nullfont!
! Missing number, treated as zero.
<to be read again> 
                   ]
l.150 ^^I\includegraphics[width=1\textwidth]
                                            {pics/system_flowchart.png}
A number should have been here; I inserted `0'.
(If you can't figure out why I needed to see a number,
look up `weird error' in the index to The TeXbook.)

! Illegal unit of measure (pt inserted).
<to be read again> 
                   ]
l.150 ^^I\includegraphics[width=1\textwidth]
                                            {pics/system_flowchart.png}
Dimensions can be in units of em, ex, in, pt, pc,
cm, mm, dd, cc, bp, or sp; but yours is a new one!
I'll assume that you meant to say pt, for printer's points.
To recover gracefully from this error, it's best to
delete the erroneous units; e.g., type `2' to delete
two letters. (See Chapter 27 of The TeXbook.)

Missing character: There is no ] ("5D) in font nullfont!
Missing character: There is no p ("70) in font nullfont!
Missing character: There is no i ("69) in font nullfont!
Missing character: There is no c ("63) in font nullfont!
Missing character: There is no s ("73) in font nullfont!
Missing character: There is no / ("2F) in font nullfont!
Missing character: There is no s ("73) in font nullfont!
Missing character: There is no y ("79) in font nullfont!
Missing character: There is no s ("73) in font nullfont!
Missing character: There is no t ("74) in font nullfont!
Missing character: There is no e ("65) in font nullfont!
Missing character: There is no m ("6D) in font nullfont!
! Missing $ inserted.
<inserted text> 
                $
l.150 ...egraphics[width=1\textwidth]{pics/system_
                                                  flowchart.png}
I've inserted a begin-math/end-math symbol since I think
you left one out. Proceed, with fingers crossed.

LaTeX Font Info:    External font `cmex10' loaded for size
(Font)              <7> on input line 150.
LaTeX Font Info:    External font `cmex10' loaded for size
(Font)              <5> on input line 150.
! Extra }, or forgotten $.
l.150 ...h=1\textwidth]{pics/system_flowchart.png}
                                                  
I've deleted a group-closing symbol because it seems to be
spurious, as in `$x}$'. But perhaps the } is legitimate and
you forgot something else, as in `\hbox{$x}'. In such cases
the way to recover is to insert both the forgotten and the
deleted material, e.g., by typing `I$}'.


! LaTeX Error: \caption outside float.

See the LaTeX manual or LaTeX Companion for explanation.
Type  H <return>  for immediate help.
 ...                                              
                                                  
l.151 ^^I\caption
                 {系统整体设计图}
You're in trouble here.  Try typing  <return>  to proceed.
If that doesn't work, type  X <return>  to quit.


! LaTeX Error: \begin{document} ended by \end{figure}.

See the LaTeX manual or LaTeX Companion for explanation.
Type  H <return>  for immediate help.
 ...                                              
                                                  
l.153 \end{figure}
                  
Your command was ignored.
Type  I <command> <return>  to replace it with another command,
or  <return>  to continue without it.

! Missing $ inserted.
<inserted text> 
                $
l.153 \end{figure}
                  
I've inserted something that you may have forgotten.
(See the <inserted text> above.)
With luck, this will get me unwedged. But if you
really didn't forget anything, try typing `2' now; then
my insertion and my current dilemma will both disappear.

Missing character: There is no 系 ("7CFB) in font cmr10!
Missing character: There is no 统 ("7EDF) in font cmr10!
Missing character: There is no 整 ("6574) in font cmr10!
Missing character: There is no 体 ("4F53) in font cmr10!
Missing character: There is no 设 ("8BBE) in font cmr10!
Missing character: There is no 计 ("8BA1) in font cmr10!
Missing character: There is no 图 ("56FE) in font cmr10!
! Missing } inserted.
<inserted text> 
                }
l.153 \end{figure}
                  
I've inserted something that you may have forgotten.
(See the <inserted text> above.)
With luck, this will get me unwedged. But if you
really didn't forget anything, try typing `2' now; then
my insertion and my current dilemma will both disappear.


Overfull \hbox (20.0pt too wide) in paragraph at lines 148--154
[]
 []


Overfull \hbox (63.3555pt too wide) in paragraph at lines 148--154
[]\OML/cmm/m/it/10 lowchart:png[][]$ 
 []

! Undefined control sequence.
l.157 \subsection
                 {测试子系统设计}
The control sequence at the end of the top line
of your error message was never \def'ed. If you have
misspelled it (e.g., `\hobx'), type `I' and the correct
spelling (e.g., `I\hbox'). Otherwise just continue,
and I'll forget about whatever was undefined.

Missing character: There is no 测 ("6D4B) in font nullfont!
Missing character: There is no 试 ("8BD5) in font nullfont!
Missing character: There is no 子 ("5B50) in font nullfont!
Missing character: There is no 系 ("7CFB) in font nullfont!
Missing character: There is no 统 ("7EDF) in font nullfont!
Missing character: There is no 设 ("8BBE) in font nullfont!
Missing character: There is no 计 ("8BA1) in font nullfont!
Missing character: There is no 测 ("6D4B) in font nullfont!
Missing character: There is no 试 ("8BD5) in font nullfont!
Missing character: There is no 子 ("5B50) in font nullfont!
Missing character: There is no 系 ("7CFB) in font nullfont!
Missing character: There is no 统 ("7EDF) in font nullfont!
Missing character: There is no 的 ("7684) in font nullfont!
Missing character: There is no 核 ("6838) in font nullfont!
Missing character: There is no 心 ("5FC3) in font nullfont!
Missing character: There is no 目 ("76EE) in font nullfont!
Missing character: There is no 标 ("6807) in font nullfont!
Missing character: There is no 是 ("662F) in font nullfont!
Missing character: There is no 在 ("5728) in font nullfont!
Missing character: There is no C ("43) in font nullfont!
Missing character: There is no I ("49) in font nullfont!
Missing character: There is no 环 ("73AF) in font nullfont!
Missing character: There is no 境 ("5883) in font nullfont!
Missing character: There is no 下 ("4E0B) in font nullfont!
Missing character: There is no 构 ("6784) in font nullfont!
Missing character: There is no 建 ("5EFA) in font nullfont!
Missing character: There is no 一 ("4E00) in font nullfont!
Missing character: There is no 套 ("5957) in font nullfont!
Missing character: There is no 全 ("5168) in font nullfont!
Missing character: There is no 自 ("81EA) in font nullfont!
Missing character: There is no 动 ("52A8) in font nullfont!
Missing character: There is no 化 ("5316) in font nullfont!
Missing character: There is no 的 ("7684) in font nullfont!
Missing character: There is no 测 ("6D4B) in font nullfont!
Missing character: There is no 试 ("8BD5) in font nullfont!
Missing character: There is no 流 ("6D41) in font nullfont!
Missing character: There is no 水 ("6C34) in font nullfont!
Missing character: There is no 线 ("7EBF) in font nullfont!
Missing character: There is no ， ("FF0C) in font nullfont!
Missing character: There is no 覆 ("8986) in font nullfont!
Missing character: There is no 盖 ("76D6) in font nullfont!
Missing character: There is no 从 ("4ECE) in font nullfont!
Missing character: There is no 测 ("6D4B) in font nullfont!
Missing character: There is no 试 ("8BD5) in font nullfont!
Missing character: There is no 用 ("7528) in font nullfont!
Missing character: There is no 例 ("4F8B) in font nullfont!
Missing character: There is no 生 ("751F) in font nullfont!
Missing character: There is no 成 ("6210) in font nullfont!
Missing character: There is no 、 ("3001) in font nullfont!
Missing character: There is no 编 ("7F16) in font nullfont!
Missing character: There is no 译 ("8BD1) in font nullfont!
Missing character: There is no 执 ("6267) in font nullfont!
Missing character: There is no 行 ("884C) in font nullfont!
Missing character: There is no 到 ("5230) in font nullfont!
Missing character: There is no 结 ("7ED3) in font nullfont!
Missing character: There is no 果 ("679C) in font nullfont!
Missing character: There is no 归 ("5F52) in font nullfont!
Missing character: There is no 档 ("6863) in font nullfont!
Missing character: There is no 与 ("4E0E) in font nullfont!
Missing character: There is no 分 ("5206) in font nullfont!
Missing character: There is no 析 ("6790) in font nullfont!
Missing character: There is no 的 ("7684) in font nullfont!
Missing character: There is no 完 ("5B8C) in font nullfont!
Missing character: There is no 整 ("6574) in font nullfont!
Missing character: There is no 流 ("6D41) in font nullfont!
Missing character: There is no 程 ("7A0B) in font nullfont!
Missing character: There is no 。 ("3002) in font nullfont!
Missing character: There is no 该 ("8BE5) in font nullfont!
Missing character: There is no 子 ("5B50) in font nullfont!
Missing character: There is no 系 ("7CFB) in font nullfont!
Missing character: There is no 统 ("7EDF) in font nullfont!
Missing character: There is no 不 ("4E0D) in font nullfont!
Missing character: There is no 仅 ("4EC5) in font nullfont!
Missing character: There is no 用 ("7528) in font nullfont!
Missing character: There is no 于 ("4E8E) in font nullfont!
Missing character: There is no 验 ("9A8C) in font nullfont!
Missing character: There is no 证 ("8BC1) in font nullfont!
Missing character: There is no 编 ("7F16) in font nullfont!
Missing character: There is no 译 ("8BD1) in font nullfont!
Missing character: There is no 器 ("5668) in font nullfont!
Missing character: There is no 功 ("529F) in font nullfont!
Missing character: There is no 能 ("80FD) in font nullfont!
Missing character: There is no 正 ("6B63) in font nullfont!
Missing character: There is no 确 ("786E) in font nullfont!
Missing character: There is no 性 ("6027) in font nullfont!
Missing character: There is no ， ("FF0C) in font nullfont!
Missing character: There is no 还 ("8FD8) in font nullfont!
Missing character: There is no 承 ("627F) in font nullfont!
Missing character: There is no 担 ("62C5) in font nullfont!
Missing character: There is no 着 ("7740) in font nullfont!
Missing character: There is no 对 ("5BF9) in font nullfont!
Missing character: There is no 编 ("7F16) in font nullfont!
Missing character: There is no 译 ("8BD1) in font nullfont!
Missing character: There is no 器 ("5668) in font nullfont!
Missing character: There is no 性 ("6027) in font nullfont!
Missing character: There is no 能 ("80FD) in font nullfont!
Missing character: There is no 变 ("53D8) in font nullfont!
Missing character: There is no 化 ("5316) in font nullfont!
Missing character: There is no 进 ("8FDB) in font nullfont!
Missing character: There is no 行 ("884C) in font nullfont!
Missing character: There is no 长 ("957F) in font nullfont!
Missing character: There is no 期 ("671F) in font nullfont!
Missing character: There is no 、 ("3001) in font nullfont!
Missing character: There is no 稳 ("7A33) in font nullfont!
Missing character: There is no 定 ("5B9A) in font nullfont!
Missing character: There is no 跟 ("8DDF) in font nullfont!
Missing character: There is no 踪 ("8E2A) in font nullfont!
Missing character: There is no 的 ("7684) in font nullfont!
Missing character: There is no 任 ("4EFB) in font nullfont!
Missing character: There is no 务 ("52A1) in font nullfont!
Missing character: There is no ， ("FF0C) in font nullfont!
Missing character: There is no 为 ("4E3A) in font nullfont!
Missing character: There is no 后 ("540E) in font nullfont!
Missing character: There is no 续 ("7EED) in font nullfont!
Missing character: There is no 的 ("7684) in font nullfont!
Missing character: There is no 性 ("6027) in font nullfont!
Missing character: There is no 能 ("80FD) in font nullfont!
Missing character: There is no 评 ("8BC4) in font nullfont!
Missing character: There is no 估 ("4F30) in font nullfont!
Missing character: There is no 与 ("4E0E) in font nullfont!
Missing character: There is no 回 ("56DE) in font nullfont!
Missing character: There is no 归 ("5F52) in font nullfont!
Missing character: There is no 分 ("5206) in font nullfont!
Missing character: There is no 析 ("6790) in font nullfont!
Missing character: There is no 提 ("63D0) in font nullfont!
Missing character: There is no 供 ("4F9B) in font nullfont!
Missing character: There is no 可 ("53EF) in font nullfont!
Missing character: There is no 靠 ("9760) in font nullfont!
Missing character: There is no 数 ("6570) in font nullfont!
Missing character: There is no 据 ("636E) in font nullfont!
Missing character: There is no 基 ("57FA) in font nullfont!
Missing character: There is no 础 ("7840) in font nullfont!
Missing character: There is no 。 ("3002) in font nullfont!

Overfull \hbox (20.0pt too wide) in paragraph at lines 157--159
[]
 []

Missing character: There is no 从 ("4ECE) in font nullfont!
Missing character: There is no 功 ("529F) in font nullfont!
Missing character: There is no 能 ("80FD) in font nullfont!
Missing character: There is no 上 ("4E0A) in font nullfont!
Missing character: There is no 看 ("770B) in font nullfont!
Missing character: There is no ， ("FF0C) in font nullfont!
Missing character: There is no 测 ("6D4B) in font nullfont!
Missing character: There is no 试 ("8BD5) in font nullfont!
Missing character: There is no 子 ("5B50) in font nullfont!
Missing character: There is no 系 ("7CFB) in font nullfont!
Missing character: There is no 统 ("7EDF) in font nullfont!
Missing character: There is no 主 ("4E3B) in font nullfont!
Missing character: There is no 要 ("8981) in font nullfont!
Missing character: There is no 由 ("7531) in font nullfont!
Missing character: There is no 随 ("968F) in font nullfont!
Missing character: There is no 机 ("673A) in font nullfont!
Missing character: There is no 测 ("6D4B) in font nullfont!
Missing character: There is no 试 ("8BD5) in font nullfont!
Missing character: There is no 样 ("6837) in font nullfont!
Missing character: There is no 例 ("4F8B) in font nullfont!
Missing character: There is no 生 ("751F) in font nullfont!
Missing character: There is no 成 ("6210) in font nullfont!
Missing character: There is no 模 ("6A21) in font nullfont!
Missing character: There is no 块 ("5757) in font nullfont!
Missing character: There is no 、 ("3001) in font nullfont!
Missing character: There is no 编 ("7F16) in font nullfont!
Missing character: There is no 译 ("8BD1) in font nullfont!
Missing character: There is no 与 ("4E0E) in font nullfont!
Missing character: There is no 测 ("6D4B) in font nullfont!
Missing character: There is no 试 ("8BD5) in font nullfont!
Missing character: There is no 模 ("6A21) in font nullfont!
Missing character: There is no 块 ("5757) in font nullfont!
Missing character: There is no 以 ("4EE5) in font nullfont!
Missing character: There is no 及 ("53CA) in font nullfont!
Missing character: There is no 结 ("7ED3) in font nullfont!
Missing character: There is no 果 ("679C) in font nullfont!
Missing character: There is no 处 ("5904) in font nullfont!
Missing character: There is no 理 ("7406) in font nullfont!
Missing character: There is no 模 ("6A21) in font nullfont!
Missing character: There is no 块 ("5757) in font nullfont!
Missing character: There is no 三 ("4E09) in font nullfont!
Missing character: There is no 部 ("90E8) in font nullfont!
Missing character: There is no 分 ("5206) in font nullfont!
Missing character: There is no 构 ("6784) in font nullfont!
Missing character: There is no 成 ("6210) in font nullfont!
Missing character: There is no ， ("FF0C) in font nullfont!
Missing character: There is no 如 ("5982) in font nullfont!
Missing character: There is no 图 ("56FE) in font nullfont!
! Undefined control sequence.
<write> ... `fig:test-subsystem' on page \thepage 
                                                  \space undefined\on@line .^^J
l.162 ...块以及结果处理模块三部分构成，如图\ref{fig:test-subsystem}
                                                  所示：
The control sequence at the end of the top line
of your error message was never \def'ed. If you have
misspelled it (e.g., `\hobx'), type `I' and the correct
spelling (e.g., `I\hbox'). Otherwise just continue,
and I'll forget about whatever was undefined.


LaTeX Warning: Reference `fig:test-subsystem' on page  undefined on input line 
162.

Missing character: There is no 所 ("6240) in font nullfont!
Missing character: There is no 示 ("793A) in font nullfont!
Missing character: There is no ： ("FF1A) in font nullfont!

Overfull \hbox (30.86pt too wide) in paragraph at lines 162--163
[][] 
 []


Overfull \hbox (20.0pt too wide) in paragraph at lines 164--164
[] 
 []

Missing character: There is no 随 ("968F) in font nullfont!
Missing character: There is no 机 ("673A) in font nullfont!
Missing character: There is no 测 ("6D4B) in font nullfont!
Missing character: There is no 试 ("8BD5) in font nullfont!
Missing character: There is no 样 ("6837) in font nullfont!
Missing character: There is no 例 ("4F8B) in font nullfont!
Missing character: There is no 生 ("751F) in font nullfont!
Missing character: There is no 成 ("6210) in font nullfont!
Missing character: There is no 模 ("6A21) in font nullfont!
Missing character: There is no 块 ("5757) in font nullfont!
Missing character: There is no ： ("FF1A) in font nullfont!
Missing character: There is no 随 ("968F) in font nullfont!
Missing character: There is no 机 ("673A) in font nullfont!
Missing character: There is no 测 ("6D4B) in font nullfont!
Missing character: There is no 试 ("8BD5) in font nullfont!
Missing character: There is no 工 ("5DE5) in font nullfont!
Missing character: There is no 具 ("5177) in font nullfont!
Missing character: There is no 用 ("7528) in font nullfont!
Missing character: There is no 于 ("4E8E) in font nullfont!
Missing character: There is no 自 ("81EA) in font nullfont!
Missing character: There is no 动 ("52A8) in font nullfont!
Missing character: There is no 生 ("751F) in font nullfont!
Missing character: There is no 成 ("6210) in font nullfont!
Missing character: There is no 适 ("9002) in font nullfont!
Missing character: There is no 配 ("914D) in font nullfont!
Missing character: There is no D ("44) in font nullfont!
Missing character: There is no S ("53) in font nullfont!
Missing character: There is no P ("50) in font nullfont!
Missing character: There is no 架 ("67B6) in font nullfont!
Missing character: There is no 构 ("6784) in font nullfont!
Missing character: There is no 的 ("7684) in font nullfont!
Missing character: There is no 随 ("968F) in font nullfont!
Missing character: There is no 机 ("673A) in font nullfont!
Missing character: There is no 测 ("6D4B) in font nullfont!
Missing character: There is no 试 ("8BD5) in font nullfont!
Missing character: There is no 样 ("6837) in font nullfont!
Missing character: There is no 例 ("4F8B) in font nullfont!
Missing character: There is no ， ("FF0C) in font nullfont!
Missing character: There is no 重 ("91CD) in font nullfont!
Missing character: There is no 点 ("70B9) in font nullfont!
Missing character: There is no 覆 ("8986) in font nullfont!
Missing character: There is no 盖 ("76D6) in font nullfont!
Missing character: There is no 密 ("5BC6) in font nullfont!
Missing character: There is no 集 ("96C6) in font nullfont!
Missing character: There is no 循 ("5FAA) in font nullfont!
Missing character: There is no 环 ("73AF) in font nullfont!
Missing character: There is no 、 ("3001) in font nullfont!
Missing character: There is no 向 ("5411) in font nullfont!
Missing character: There is no 量 ("91CF) in font nullfont!
Missing character: There is no 运 ("8FD0) in font nullfont!
Missing character: There is no 算 ("7B97) in font nullfont!
Missing character: There is no 等 ("7B49) in font nullfont!
Missing character: There is no 性 ("6027) in font nullfont!
Missing character: There is no 能 ("80FD) in font nullfont!
Missing character: There is no 相 ("76F8) in font nullfont!
Missing character: There is no 关 ("5173) in font nullfont!
Missing character: There is no 场 ("573A) in font nullfont!
Missing character: There is no 景 ("666F) in font nullfont!
Missing character: There is no 。 ("3002) in font nullfont!
Missing character: There is no 随 ("968F) in font nullfont!
Missing character: There is no 机 ("673A) in font nullfont!
Missing character: There is no 测 ("6D4B) in font nullfont!
Missing character: There is no 试 ("8BD5) in font nullfont!
Missing character: There is no 工 ("5DE5) in font nullfont!
Missing character: There is no 具 ("5177) in font nullfont!
Missing character: There is no 在 ("5728) in font nullfont!
Missing character: There is no 执 ("6267) in font nullfont!
Missing character: There is no 行 ("884C) in font nullfont!
Missing character: There is no 测 ("6D4B) in font nullfont!
Missing character: There is no 试 ("8BD5) in font nullfont!
Missing character: There is no 时 ("65F6) in font nullfont!
Missing character: There is no 再 ("518D) in font nullfont!
Missing character: There is no 生 ("751F) in font nullfont!
Missing character: There is no 成 ("6210) in font nullfont!
Missing character: There is no ， ("FF0C) in font nullfont!
Missing character: There is no 并 ("5E76) in font nullfont!
Missing character: There is no 将 ("5C06) in font nullfont!
Missing character: There is no 错 ("9519) in font nullfont!
Missing character: There is no 误 ("8BEF) in font nullfont!
Missing character: There is no 的 ("7684) in font nullfont!
Missing character: There is no 样 ("6837) in font nullfont!
Missing character: There is no 例 ("4F8B) in font nullfont!
Missing character: There is no 推 ("63A8) in font nullfont!
Missing character: There is no 送 ("9001) in font nullfont!
Missing character: There is no 至 ("81F3) in font nullfont!
Missing character: There is no 测 ("6D4B) in font nullfont!
Missing character: There is no 试 ("8BD5) in font nullfont!
Missing character: There is no 仓 ("4ED3) in font nullfont!
Missing character: There is no 库 ("5E93) in font nullfont!
Missing character: There is no ， ("FF0C) in font nullfont!
Missing character: There is no 与 ("4E0E) in font nullfont!
Missing character: There is no 其 ("5176) in font nullfont!
Missing character: There is no 他 ("4ED6) in font nullfont!
Missing character: There is no 测 ("6D4B) in font nullfont!
Missing character: There is no 试 ("8BD5) in font nullfont!
Missing character: There is no 样 ("6837) in font nullfont!
Missing character: There is no 例 ("4F8B) in font nullfont!
Missing character: There is no 一 ("4E00) in font nullfont!
Missing character: There is no 起 ("8D77) in font nullfont!
Missing character: There is no 被 ("88AB) in font nullfont!
Missing character: There is no 统 ("7EDF) in font nullfont!
Missing character: There is no 一 ("4E00) in font nullfont!
Missing character: There is no 管 ("7BA1) in font nullfont!
Missing character: There is no 理 ("7406) in font nullfont!
Missing character: There is no 。 ("3002) in font nullfont!
Missing character: There is no 二 ("4E8C) in font nullfont!
Missing character: There is no 者 ("8005) in font nullfont!
Missing character: There is no 共 ("5171) in font nullfont!
Missing character: There is no 同 ("540C) in font nullfont!
Missing character: There is no 为 ("4E3A) in font nullfont!
Missing character: There is no C ("43) in font nullfont!
Missing character: There is no I ("49) in font nullfont!
Missing character: There is no 测 ("6D4B) in font nullfont!
Missing character: There is no 试 ("8BD5) in font nullfont!
Missing character: There is no 提 ("63D0) in font nullfont!
Missing character: There is no 供 ("4F9B) in font nullfont!
Missing character: There is no 稳 ("7A33) in font nullfont!
Missing character: There is no 定 ("5B9A) in font nullfont!
Missing character: There is no 的 ("7684) in font nullfont!
Missing character: There is no 用 ("7528) in font nullfont!
Missing character: There is no 例 ("4F8B) in font nullfont!
Missing character: There is no 来 ("6765) in font nullfont!
Missing character: There is no 源 ("6E90) in font nullfont!
Missing character: There is no 。 ("3002) in font nullfont!
Missing character: There is no 编 ("7F16) in font nullfont!
Missing character: There is no 译 ("8BD1) in font nullfont!
Missing character: There is no 与 ("4E0E) in font nullfont!
Missing character: There is no 测 ("6D4B) in font nullfont!
Missing character: There is no 试 ("8BD5) in font nullfont!
Missing character: There is no 模 ("6A21) in font nullfont!
Missing character: There is no 块 ("5757) in font nullfont!
Missing character: There is no ： ("FF1A) in font nullfont!
Missing character: There is no C ("43) in font nullfont!
Missing character: There is no I ("49) in font nullfont!
Missing character: There is no 测 ("6D4B) in font nullfont!
Missing character: There is no 试 ("8BD5) in font nullfont!
Missing character: There is no 平 ("5E73) in font nullfont!
Missing character: There is no 台 ("53F0) in font nullfont!
Missing character: There is no 作 ("4F5C) in font nullfont!
Missing character: There is no 为 ("4E3A) in font nullfont!
Missing character: There is no 调 ("8C03) in font nullfont!
Missing character: There is no 度 ("5EA6) in font nullfont!
Missing character: There is no 核 ("6838) in font nullfont!
Missing character: There is no 心 ("5FC3) in font nullfont!
Missing character: There is no ， ("FF0C) in font nullfont!
Missing character: There is no 从 ("4ECE) in font nullfont!
Missing character: There is no 编 ("7F16) in font nullfont!
Missing character: There is no 译 ("8BD1) in font nullfont!
Missing character: There is no 器 ("5668) in font nullfont!
Missing character: There is no 代 ("4EE3) in font nullfont!
Missing character: There is no 码 ("7801) in font nullfont!
Missing character: There is no 仓 ("4ED3) in font nullfont!
Missing character: There is no 库 ("5E93) in font nullfont!
Missing character: There is no 中 ("4E2D) in font nullfont!
Missing character: There is no 拉 ("62C9) in font nullfont!
Missing character: There is no 取 ("53D6) in font nullfont!
Missing character: There is no 开 ("5F00) in font nullfont!
Missing character: There is no 发 ("53D1) in font nullfont!
Missing character: There is no 者 ("8005) in font nullfont!
Missing character: There is no 提 ("63D0) in font nullfont!
Missing character: There is no 交 ("4EA4) in font nullfont!
Missing character: There is no 的 ("7684) in font nullfont!
Missing character: There is no 最 ("6700) in font nullfont!
Missing character: There is no 新 ("65B0) in font nullfont!
Missing character: There is no D ("44) in font nullfont!
Missing character: There is no S ("53) in font nullfont!
Missing character: There is no P ("50) in font nullfont!
Missing character: There is no 工 ("5DE5) in font nullfont!
Missing character: There is no 具 ("5177) in font nullfont!
Missing character: There is no 链 ("94FE) in font nullfont!
Missing character: There is no 代 ("4EE3) in font nullfont!
Missing character: There is no 码 ("7801) in font nullfont!
Missing character: There is no ， ("FF0C) in font nullfont!
Missing character: There is no 并 ("5E76) in font nullfont!
Missing character: There is no 从 ("4ECE) in font nullfont!
Missing character: There is no 测 ("6D4B) in font nullfont!
Missing character: There is no 试 ("8BD5) in font nullfont!
Missing character: There is no 仓 ("4ED3) in font nullfont!
Missing character: There is no 库 ("5E93) in font nullfont!
Missing character: There is no 中 ("4E2D) in font nullfont!
Missing character: There is no 获 ("83B7) in font nullfont!
Missing character: There is no 取 ("53D6) in font nullfont!
Missing character: There is no 待 ("5F85) in font nullfont!
Missing character: There is no 执 ("6267) in font nullfont!
Missing character: There is no 行 ("884C) in font nullfont!
Missing character: There is no 的 ("7684) in font nullfont!
Missing character: There is no 测 ("6D4B) in font nullfont!
Missing character: There is no 试 ("8BD5) in font nullfont!
Missing character: There is no 脚 ("811A) in font nullfont!
Missing character: There is no 本 ("672C) in font nullfont!
Missing character: There is no 、 ("3001) in font nullfont!
Missing character: There is no 测 ("6D4B) in font nullfont!
Missing character: There is no 试 ("8BD5) in font nullfont!
Missing character: There is no 样 ("6837) in font nullfont!
Missing character: There is no 例 ("4F8B) in font nullfont!
Missing character: There is no 以 ("4EE5) in font nullfont!
Missing character: There is no 及 ("53CA) in font nullfont!
Missing character: There is no 需 ("9700) in font nullfont!
Missing character: There is no 要 ("8981) in font nullfont!
Missing character: There is no 的 ("7684) in font nullfont!
Missing character: There is no 测 ("6D4B) in font nullfont!
Missing character: There is no 试 ("8BD5) in font nullfont!
Missing character: There is no 工 ("5DE5) in font nullfont!
Missing character: There is no 具 ("5177) in font nullfont!
Missing character: There is no 。 ("3002) in font nullfont!
Missing character: There is no 首 ("9996) in font nullfont!
Missing character: There is no 先 ("5148) in font nullfont!
Missing character: There is no 进 ("8FDB) in font nullfont!
Missing character: There is no 行 ("884C) in font nullfont!
Missing character: There is no 编 ("7F16) in font nullfont!
Missing character: There is no 译 ("8BD1) in font nullfont!
Missing character: There is no ， ("FF0C) in font nullfont!
Missing character: There is no 编 ("7F16) in font nullfont!
Missing character: There is no 译 ("8BD1) in font nullfont!
Missing character: There is no 成 ("6210) in font nullfont!
Missing character: There is no 功 ("529F) in font nullfont!
Missing character: There is no 后 ("540E) in font nullfont!
Missing character: There is no 将 ("5C06) in font nullfont!
Missing character: There is no 测 ("6D4B) in font nullfont!
Missing character: There is no 试 ("8BD5) in font nullfont!
Missing character: There is no 任 ("4EFB) in font nullfont!
Missing character: There is no 务 ("52A1) in font nullfont!
Missing character: There is no 分 ("5206) in font nullfont!
Missing character: There is no 发 ("53D1) in font nullfont!
Missing character: There is no 至 ("81F3) in font nullfont!
Missing character: There is no G ("47) in font nullfont!
Missing character: There is no i ("69) in font nullfont!
Missing character: There is no t ("74) in font nullfont!
Missing character: There is no l ("6C) in font nullfont!
Missing character: There is no a ("61) in font nullfont!
Missing character: There is no b ("62) in font nullfont!
Missing character: There is no R ("52) in font nullfont!
Missing character: There is no u ("75) in font nullfont!
Missing character: There is no n ("6E) in font nullfont!
Missing character: There is no n ("6E) in font nullfont!
Missing character: There is no e ("65) in font nullfont!
Missing character: There is no r ("72) in font nullfont!
Missing character: There is no ， ("FF0C) in font nullfont!
Missing character: There is no 触 ("89E6) in font nullfont!
Missing character: There is no 发 ("53D1) in font nullfont!
Missing character: There is no 两 ("4E24) in font nullfont!
Missing character: There is no 类 ("7C7B) in font nullfont!
Missing character: There is no 测 ("6D4B) in font nullfont!
Missing character: There is no 试 ("8BD5) in font nullfont!
Missing character: There is no 流 ("6D41) in font nullfont!
Missing character: There is no 程 ("7A0B) in font nullfont!
Missing character: There is no ： ("FF1A) in font nullfont!
Missing character: There is no 一 ("4E00) in font nullfont!
Missing character: There is no 类 ("7C7B) in font nullfont!
Missing character: There is no 是 ("662F) in font nullfont!
Missing character: There is no 在 ("5728) in font nullfont!
Missing character: There is no D ("44) in font nullfont!
Missing character: There is no S ("53) in font nullfont!
Missing character: There is no P ("50) in font nullfont!
Missing character: There is no 架 ("67B6) in font nullfont!
Missing character: There is no 构 ("6784) in font nullfont!
Missing character: There is no 模 ("6A21) in font nullfont!
Missing character: There is no 拟 ("62DF) in font nullfont!
Missing character: There is no 器 ("5668) in font nullfont!
Missing character: There is no 上 ("4E0A) in font nullfont!
Missing character: There is no 执 ("6267) in font nullfont!
Missing character: There is no 行 ("884C) in font nullfont!
Missing character: There is no 的 ("7684) in font nullfont!
Missing character: There is no 测 ("6D4B) in font nullfont!
Missing character: There is no 试 ("8BD5) in font nullfont!
Missing character: There is no ， ("FF0C) in font nullfont!
Missing character: There is no 用 ("7528) in font nullfont!
Missing character: There is no 于 ("4E8E) in font nullfont!
Missing character: There is no 快 ("5FEB) in font nullfont!
Missing character: There is no 速 ("901F) in font nullfont!
Missing character: There is no 验 ("9A8C) in font nullfont!
Missing character: There is no 证 ("8BC1) in font nullfont!
Missing character: There is no 功 ("529F) in font nullfont!
Missing character: There is no 能 ("80FD) in font nullfont!
Missing character: There is no 正 ("6B63) in font nullfont!
Missing character: There is no 确 ("786E) in font nullfont!
Missing character: There is no 性 ("6027) in font nullfont!
Missing character: There is no 及 ("53CA) in font nullfont!
Missing character: There is no 基 ("57FA) in font nullfont!
Missing character: There is no 础 ("7840) in font nullfont!
Missing character: There is no 性 ("6027) in font nullfont!
Missing character: There is no 能 ("80FD) in font nullfont!
Missing character: There is no 表 ("8868) in font nullfont!
Missing character: There is no 现 ("73B0) in font nullfont!
Missing character: There is no ； ("FF1B) in font nullfont!
Missing character: There is no 另 ("53E6) in font nullfont!
Missing character: There is no 一 ("4E00) in font nullfont!
Missing character: There is no 类 ("7C7B) in font nullfont!
Missing character: There is no 是 ("662F) in font nullfont!
Missing character: There is no 在 ("5728) in font nullfont!
Missing character: There is no 实 ("5B9E) in font nullfont!
Missing character: There is no 际 ("9645) in font nullfont!
Missing character: There is no D ("44) in font nullfont!
Missing character: There is no S ("53) in font nullfont!
Missing character: There is no P ("50) in font nullfont!
Missing character: There is no 硬 ("786C) in font nullfont!
Missing character: There is no 件 ("4EF6) in font nullfont!
Missing character: There is no 芯 ("82AF) in font nullfont!
Missing character: There is no 片 ("7247) in font nullfont!
Missing character: There is no 上 ("4E0A) in font nullfont!
Missing character: There is no 执 ("6267) in font nullfont!
Missing character: There is no 行 ("884C) in font nullfont!
Missing character: There is no 的 ("7684) in font nullfont!
Missing character: There is no 测 ("6D4B) in font nullfont!
Missing character: There is no 试 ("8BD5) in font nullfont!
Missing character: There is no ， ("FF0C) in font nullfont!
Missing character: There is no 用 ("7528) in font nullfont!
Missing character: There is no 于 ("4E8E) in font nullfont!
Missing character: There is no 发 ("53D1) in font nullfont!
Missing character: There is no 现 ("73B0) in font nullfont!
Missing character: There is no 硬 ("786C) in font nullfont!
Missing character: There is no 件 ("4EF6) in font nullfont!
Missing character: There is no 上 ("4E0A) in font nullfont!
Missing character: There is no 的 ("7684) in font nullfont!
Missing character: There is no B ("42) in font nullfont!
Missing character: There is no u ("75) in font nullfont!
Missing character: There is no g ("67) in font nullfont!
Missing character: There is no ， ("FF0C) in font nullfont!
Missing character: There is no 以 ("4EE5) in font nullfont!
Missing character: There is no 及 ("53CA) in font nullfont!
Missing character: There is no 获 ("83B7) in font nullfont!
Missing character: There is no 取 ("53D6) in font nullfont!
Missing character: There is no 更 ("66F4) in font nullfont!
Missing character: There is no 加 ("52A0) in font nullfont!
Missing character: There is no 准 ("51C6) in font nullfont!
Missing character: There is no 确 ("786E) in font nullfont!
Missing character: There is no 的 ("7684) in font nullfont!
Missing character: There is no 性 ("6027) in font nullfont!
Missing character: There is no 能 ("80FD) in font nullfont!
Missing character: There is no 指 ("6307) in font nullfont!
Missing character: There is no 标 ("6807) in font nullfont!
Missing character: There is no 。 ("3002) in font nullfont!
Missing character: There is no 结 ("7ED3) in font nullfont!
Missing character: There is no 果 ("679C) in font nullfont!
Missing character: There is no 处 ("5904) in font nullfont!
Missing character: There is no 理 ("7406) in font nullfont!
Missing character: There is no 模 ("6A21) in font nullfont!
Missing character: There is no 块 ("5757) in font nullfont!
Missing character: There is no ： ("FF1A) in font nullfont!
Missing character: There is no 测 ("6D4B) in font nullfont!
Missing character: There is no 试 ("8BD5) in font nullfont!
Missing character: There is no 完 ("5B8C) in font nullfont!
Missing character: There is no 成 ("6210) in font nullfont!
Missing character: There is no 后 ("540E) in font nullfont!
Missing character: There is no ， ("FF0C) in font nullfont!
Missing character: There is no C ("43) in font nullfont!
Missing character: There is no I ("49) in font nullfont!
Missing character: There is no 测 ("6D4B) in font nullfont!
Missing character: There is no 试 ("8BD5) in font nullfont!
Missing character: There is no 平 ("5E73) in font nullfont!
Missing character: There is no 台 ("53F0) in font nullfont!
Missing character: There is no 会 ("4F1A) in font nullfont!
Missing character: There is no 将 ("5C06) in font nullfont!
Missing character: There is no 所 ("6240) in font nullfont!
Missing character: There is no 有 ("6709) in font nullfont!
Missing character: There is no 测 ("6D4B) in font nullfont!
Missing character: There is no 试 ("8BD5) in font nullfont!
Missing character: There is no 结 ("7ED3) in font nullfont!
Missing character: There is no 果 ("679C) in font nullfont!
Missing character: There is no 统 ("7EDF) in font nullfont!
Missing character: There is no 一 ("4E00) in font nullfont!
Missing character: There is no 归 ("5F52) in font nullfont!
Missing character: There is no 档 ("6863) in font nullfont!
Missing character: There is no ， ("FF0C) in font nullfont!
Missing character: There is no 并 ("5E76) in font nullfont!
Missing character: There is no 推 ("63A8) in font nullfont!
Missing character: There is no 送 ("9001) in font nullfont!
Missing character: There is no 至 ("81F3) in font nullfont!
Missing character: There is no P ("50) in font nullfont!
Missing character: There is no e ("65) in font nullfont!
Missing character: There is no r ("72) in font nullfont!
Missing character: There is no f ("66) in font nullfont!
Missing character: There is no 仓 ("4ED3) in font nullfont!
Missing character: There is no 库 ("5E93) in font nullfont!
Missing character: There is no 。 ("3002) in font nullfont!
Missing character: There is no 归 ("5F52) in font nullfont!
Missing character: There is no 档 ("6863) in font nullfont!
Missing character: There is no 内 ("5185) in font nullfont!
Missing character: There is no 容 ("5BB9) in font nullfont!
Missing character: There is no 不 ("4E0D) in font nullfont!
Missing character: There is no 仅 ("4EC5) in font nullfont!
Missing character: There is no 包 ("5305) in font nullfont!
Missing character: There is no 括 ("62EC) in font nullfont!
Missing character: There is no 测 ("6D4B) in font nullfont!
Missing character: There is no 试 ("8BD5) in font nullfont!
Missing character: There is no 通 ("901A) in font nullfont!
Missing character: There is no 过 ("8FC7) in font nullfont!
Missing character: There is no 或 ("6216) in font nullfont!
Missing character: There is no 失 ("5931) in font nullfont!
Missing character: There is no 败 ("8D25) in font nullfont!
Missing character: There is no 状 ("72B6) in font nullfont!
Missing character: There is no 态 ("6001) in font nullfont!
Missing character: There is no ， ("FF0C) in font nullfont!
Missing character: There is no 还 ("8FD8) in font nullfont!
Missing character: There is no 涵 ("6DB5) in font nullfont!
Missing character: There is no 盖 ("76D6) in font nullfont!
Missing character: There is no 性 ("6027) in font nullfont!
Missing character: There is no 能 ("80FD) in font nullfont!
Missing character: There is no 指 ("6307) in font nullfont!
Missing character: There is no 标 ("6807) in font nullfont!
Missing character: There is no 数 ("6570) in font nullfont!
Missing character: There is no 据 ("636E) in font nullfont!
Missing character: There is no 以 ("4EE5) in font nullfont!
Missing character: There is no 及 ("53CA) in font nullfont!
Missing character: There is no 生 ("751F) in font nullfont!
Missing character: There is no 成 ("6210) in font nullfont!
Missing character: There is no 的 ("7684) in font nullfont!
Missing character: There is no 汇 ("6C47) in font nullfont!
Missing character: There is no 编 ("7F16) in font nullfont!
Missing character: There is no 代 ("4EE3) in font nullfont!
Missing character: There is no 码 ("7801) in font nullfont!
Missing character: There is no ， ("FF0C) in font nullfont!
Missing character: There is no 为 ("4E3A) in font nullfont!
Missing character: There is no 后 ("540E) in font nullfont!
Missing character: There is no 续 ("7EED) in font nullfont!
Missing character: There is no 评 ("8BC4) in font nullfont!
Missing character: There is no 估 ("4F30) in font nullfont!
Missing character: There is no 分 ("5206) in font nullfont!
Missing character: There is no 析 ("6790) in font nullfont!
Missing character: There is no 提 ("63D0) in font nullfont!
Missing character: There is no 供 ("4F9B) in font nullfont!
Missing character: There is no 完 ("5B8C) in font nullfont!
Missing character: There is no 整 ("6574) in font nullfont!
Missing character: There is no 、 ("3001) in font nullfont!
Missing character: There is no 可 ("53EF) in font nullfont!
Missing character: There is no 靠 ("9760) in font nullfont!
Missing character: There is no 的 ("7684) in font nullfont!
Missing character: There is no 数 ("6570) in font nullfont!
Missing character: There is no 据 ("636E) in font nullfont!
Missing character: There is no 基 ("57FA) in font nullfont!
Missing character: There is no 础 ("7840) in font nullfont!
Missing character: There is no 。 ("3002) in font nullfont!
Missing character: There is no 除 ("9664) in font nullfont!
Missing character: There is no 此 ("6B64) in font nullfont!
Missing character: There is no 之 ("4E4B) in font nullfont!
Missing character: There is no 外 ("5916) in font nullfont!
Missing character: There is no ， ("FF0C) in font nullfont!
Missing character: There is no 为 ("4E3A) in font nullfont!
Missing character: There is no 了 ("4E86) in font nullfont!
Missing character: There is no 解 ("89E3) in font nullfont!
Missing character: There is no 决 ("51B3) in font nullfont!
Missing character: There is no 4 ("34) in font nullfont!
Missing character: There is no . ("2E) in font nullfont!
Missing character: There is no 1 ("31) in font nullfont!
Missing character: There is no . ("2E) in font nullfont!
Missing character: There is no 2 ("32) in font nullfont!
Missing character: There is no 中 ("4E2D) in font nullfont!
Missing character: There is no 提 ("63D0) in font nullfont!
Missing character: There is no 到 ("5230) in font nullfont!
Missing character: There is no 的 ("7684) in font nullfont!
Missing character: There is no 冗 ("5197) in font nullfont!
Missing character: There is no 余 ("4F59) in font nullfont!
Missing character: There is no 问 ("95EE) in font nullfont!
Missing character: There is no 题 ("9898) in font nullfont!
Missing character: There is no ， ("FF0C) in font nullfont!
Missing character: There is no 设 ("8BBE) in font nullfont!
Missing character: There is no 置 ("7F6E) in font nullfont!
Missing character: There is no 过 ("8FC7) in font nullfont!
Missing character: There is no 滤 ("6EE4) in font nullfont!
Missing character: There is no 器 ("5668) in font nullfont!
Missing character: There is no 来 ("6765) in font nullfont!
Missing character: There is no 保 ("4FDD) in font nullfont!
Missing character: There is no 证 ("8BC1) in font nullfont!
Missing character: There is no 只 ("53EA) in font nullfont!
Missing character: There is no 有 ("6709) in font nullfont!
Missing character: There is no 主 ("4E3B) in font nullfont!
Missing character: There is no 分 ("5206) in font nullfont!
Missing character: There is no 支 ("652F) in font nullfont!
Missing character: There is no 的 ("7684) in font nullfont!
Missing character: There is no 代 ("4EE3) in font nullfont!
Missing character: There is no 码 ("7801) in font nullfont!
Missing character: There is no 才 ("624D) in font nullfont!
Missing character: There is no 会 ("4F1A) in font nullfont!
Missing character: There is no 传 ("4F20) in font nullfont!
Missing character: There is no 到 ("5230) in font nullfont!
Missing character: There is no P ("50) in font nullfont!
Missing character: There is no e ("65) in font nullfont!
Missing character: There is no r ("72) in font nullfont!
Missing character: There is no f ("66) in font nullfont!
Missing character: There is no 仓 ("4ED3) in font nullfont!
Missing character: There is no 库 ("5E93) in font nullfont!
Missing character: There is no 中 ("4E2D) in font nullfont!
Missing character: There is no 。 ("3002) in font nullfont!

! LaTeX Error: Environment figure undefined.

See the LaTeX manual or LaTeX Companion for explanation.
Type  H <return>  for immediate help.
 ...                                              
                                                  
l.176 \begin{figure}
                    [htbp]
Your command was ignored.
Type  I <command> <return>  to replace it with another command,
or  <return>  to continue without it.

Missing character: There is no [ ("5B) in font nullfont!
Missing character: There is no h ("68) in font nullfont!
Missing character: There is no t ("74) in font nullfont!
Missing character: There is no b ("62) in font nullfont!
Missing character: There is no p ("70) in font nullfont!
Missing character: There is no ] ("5D) in font nullfont!
! Undefined control sequence.
l.178 ^^I\resizebox
                   {0.9\linewidth}{!}{
The control sequence at the end of the top line
of your error message was never \def'ed. If you have
misspelled it (e.g., `\hobx'), type `I' and the correct
spelling (e.g., `I\hbox'). Otherwise just continue,
and I'll forget about whatever was undefined.

Missing character: There is no 0 ("30) in font nullfont!
Missing character: There is no . ("2E) in font nullfont!
Missing character: There is no 9 ("39) in font nullfont!
! Missing number, treated as zero.
<to be read again> 
                   }
l.178 ^^I\resizebox{0.9\linewidth}
                                  {!}{
A number should have been here; I inserted `0'.
(If you can't figure out why I needed to see a number,
look up `weird error' in the index to The TeXbook.)

! Illegal unit of measure (pt inserted).
<to be read again> 
                   }
l.178 ^^I\resizebox{0.9\linewidth}
                                  {!}{
Dimensions can be in units of em, ex, in, pt, pc,
cm, mm, dd, cc, bp, or sp; but yours is a new one!
I'll assume that you meant to say pt, for printer's points.
To recover gracefully from this error, it's best to
delete the erroneous units; e.g., type `2' to delete
two letters. (See Chapter 27 of The TeXbook.)

Missing character: There is no ! ("21) in font nullfont!

! LaTeX Error: Environment tikzpicture undefined.

See the LaTeX manual or LaTeX Companion for explanation.
Type  H <return>  for immediate help.
 ...                                              
                                                  
l.179 ^^I^^I\begin{tikzpicture}
                               [
Your command was ignored.
Type  I <command> <return>  to replace it with another command,
or  <return>  to continue without it.

Missing character: There is no [ ("5B) in font nullfont!
Missing character: There is no n ("6E) in font nullfont!
Missing character: There is no o ("6F) in font nullfont!
Missing character: There is no d ("64) in font nullfont!
Missing character: There is no e ("65) in font nullfont!
Missing character: There is no d ("64) in font nullfont!
Missing character: There is no i ("69) in font nullfont!
Missing character: There is no s ("73) in font nullfont!
Missing character: There is no t ("74) in font nullfont!
Missing character: There is no a ("61) in font nullfont!
Missing character: There is no n ("6E) in font nullfont!
Missing character: There is no c ("63) in font nullfont!
Missing character: There is no e ("65) in font nullfont!
Missing character: There is no = ("3D) in font nullfont!
Missing character: There is no 1 ("31) in font nullfont!
Missing character: There is no . ("2E) in font nullfont!
Missing character: There is no 6 ("36) in font nullfont!
Missing character: There is no c ("63) in font nullfont!
Missing character: There is no m ("6D) in font nullfont!
Missing character: There is no , ("2C) in font nullfont!
Missing character: There is no b ("62) in font nullfont!
Missing character: There is no o ("6F) in font nullfont!
Missing character: There is no x ("78) in font nullfont!
Missing character: There is no / ("2F) in font nullfont!
Missing character: There is no . ("2E) in font nullfont!
Missing character: There is no s ("73) in font nullfont!
Missing character: There is no t ("74) in font nullfont!
Missing character: There is no y ("79) in font nullfont!
Missing character: There is no l ("6C) in font nullfont!
Missing character: There is no e ("65) in font nullfont!
Missing character: There is no = ("3D) in font nullfont!
Missing character: There is no d ("64) in font nullfont!
Missing character: There is no r ("72) in font nullfont!
Missing character: There is no a ("61) in font nullfont!
Missing character: There is no w ("77) in font nullfont!
Missing character: There is no , ("2C) in font nullfont!
Missing character: There is no r ("72) in font nullfont!
Missing character: There is no e ("65) in font nullfont!
Missing character: There is no c ("63) in font nullfont!
Missing character: There is no t ("74) in font nullfont!
Missing character: There is no a ("61) in font nullfont!
Missing character: There is no n ("6E) in font nullfont!
Missing character: There is no g ("67) in font nullfont!
Missing character: There is no l ("6C) in font nullfont!
Missing character: There is no e ("65) in font nullfont!
Missing character: There is no , ("2C) in font nullfont!
Missing character: There is no r ("72) in font nullfont!
Missing character: There is no o ("6F) in font nullfont!
Missing character: There is no u ("75) in font nullfont!
Missing character: There is no n ("6E) in font nullfont!
Missing character: There is no d ("64) in font nullfont!
Missing character: There is no e ("65) in font nullfont!
Missing character: There is no d ("64) in font nullfont!
Missing character: There is no c ("63) in font nullfont!
Missing character: There is no o ("6F) in font nullfont!
Missing character: There is no r ("72) in font nullfont!
Missing character: There is no n ("6E) in font nullfont!
Missing character: There is no e ("65) in font nullfont!
Missing character: There is no r ("72) in font nullfont!
Missing character: There is no s ("73) in font nullfont!
Missing character: There is no , ("2C) in font nullfont!
Missing character: There is no a ("61) in font nullfont!
Missing character: There is no l ("6C) in font nullfont!
Missing character: There is no i ("69) in font nullfont!
Missing character: There is no g ("67) in font nullfont!
Missing character: There is no n ("6E) in font nullfont!
Missing character: There is no = ("3D) in font nullfont!
Missing character: There is no c ("63) in font nullfont!
Missing character: There is no e ("65) in font nullfont!
Missing character: There is no n ("6E) in font nullfont!
Missing character: There is no t ("74) in font nullfont!
Missing character: There is no e ("65) in font nullfont!
Missing character: There is no r ("72) in font nullfont!
Missing character: There is no , ("2C) in font nullfont!
Missing character: There is no m ("6D) in font nullfont!
Missing character: There is no i ("69) in font nullfont!
Missing character: There is no n ("6E) in font nullfont!
Missing character: There is no i ("69) in font nullfont!
Missing character: There is no m ("6D) in font nullfont!
Missing character: There is no u ("75) in font nullfont!
Missing character: There is no m ("6D) in font nullfont!
Missing character: There is no w ("77) in font nullfont!
Missing character: There is no i ("69) in font nullfont!
Missing character: There is no d ("64) in font nullfont!
Missing character: There is no t ("74) in font nullfont!
Missing character: There is no h ("68) in font nullfont!
Missing character: There is no = ("3D) in font nullfont!
Missing character: There is no 3 ("33) in font nullfont!
Missing character: There is no c ("63) in font nullfont!
Missing character: There is no m ("6D) in font nullfont!
Missing character: There is no , ("2C) in font nullfont!
Missing character: There is no m ("6D) in font nullfont!
Missing character: There is no i ("69) in font nullfont!
Missing character: There is no n ("6E) in font nullfont!
Missing character: There is no i ("69) in font nullfont!
Missing character: There is no m ("6D) in font nullfont!
Missing character: There is no u ("75) in font nullfont!
Missing character: There is no m ("6D) in font nullfont!
Missing character: There is no h ("68) in font nullfont!
Missing character: There is no e ("65) in font nullfont!
Missing character: There is no i ("69) in font nullfont!
Missing character: There is no g ("67) in font nullfont!
Missing character: There is no h ("68) in font nullfont!
Missing character: There is no t ("74) in font nullfont!
Missing character: There is no = ("3D) in font nullfont!
Missing character: There is no 0 ("30) in font nullfont!
Missing character: There is no . ("2E) in font nullfont!
Missing character: There is no 9 ("39) in font nullfont!
Missing character: There is no c ("63) in font nullfont!
Missing character: There is no m ("6D) in font nullfont!
Missing character: There is no , ("2C) in font nullfont!
Missing character: There is no s ("73) in font nullfont!
Missing character: There is no m ("6D) in font nullfont!
Missing character: There is no a ("61) in font nullfont!
Missing character: There is no l ("6C) in font nullfont!
Missing character: There is no l ("6C) in font nullfont!
Missing character: There is no b ("62) in font nullfont!
Missing character: There is no o ("6F) in font nullfont!
Missing character: There is no x ("78) in font nullfont!
Missing character: There is no / ("2F) in font nullfont!
Missing character: There is no . ("2E) in font nullfont!
Missing character: There is no s ("73) in font nullfont!
Missing character: There is no t ("74) in font nullfont!
Missing character: There is no y ("79) in font nullfont!
Missing character: There is no l ("6C) in font nullfont!
Missing character: There is no e ("65) in font nullfont!
Missing character: There is no = ("3D) in font nullfont!
Missing character: There is no d ("64) in font nullfont!
Missing character: There is no r ("72) in font nullfont!
Missing character: There is no a ("61) in font nullfont!
Missing character: There is no w ("77) in font nullfont!
Missing character: There is no , ("2C) in font nullfont!
Missing character: There is no r ("72) in font nullfont!
Missing character: There is no e ("65) in font nullfont!
Missing character: There is no c ("63) in font nullfont!
Missing character: There is no t ("74) in font nullfont!
Missing character: There is no a ("61) in font nullfont!
Missing character: There is no n ("6E) in font nullfont!
Missing character: There is no g ("67) in font nullfont!
Missing character: There is no l ("6C) in font nullfont!
Missing character: There is no e ("65) in font nullfont!
Missing character: There is no , ("2C) in font nullfont!
Missing character: There is no r ("72) in font nullfont!
Missing character: There is no o ("6F) in font nullfont!
Missing character: There is no u ("75) in font nullfont!
Missing character: There is no n ("6E) in font nullfont!
Missing character: There is no d ("64) in font nullfont!
Missing character: There is no e ("65) in font nullfont!
Missing character: There is no d ("64) in font nullfont!
Missing character: There is no c ("63) in font nullfont!
Missing character: There is no o ("6F) in font nullfont!
Missing character: There is no r ("72) in font nullfont!
Missing character: There is no n ("6E) in font nullfont!
Missing character: There is no e ("65) in font nullfont!
Missing character: There is no r ("72) in font nullfont!
Missing character: There is no s ("73) in font nullfont!
Missing character: There is no , ("2C) in font nullfont!
Missing character: There is no a ("61) in font nullfont!
Missing character: There is no l ("6C) in font nullfont!
Missing character: There is no i ("69) in font nullfont!
Missing character: There is no g ("67) in font nullfont!
Missing character: There is no n ("6E) in font nullfont!
Missing character: There is no = ("3D) in font nullfont!
Missing character: There is no c ("63) in font nullfont!
Missing character: There is no e ("65) in font nullfont!
Missing character: There is no n ("6E) in font nullfont!
Missing character: There is no t ("74) in font nullfont!
Missing character: There is no e ("65) in font nullfont!
Missing character: There is no r ("72) in font nullfont!
Missing character: There is no , ("2C) in font nullfont!
Missing character: There is no m ("6D) in font nullfont!
Missing character: There is no i ("69) in font nullfont!
Missing character: There is no n ("6E) in font nullfont!
Missing character: There is no i ("69) in font nullfont!
Missing character: There is no m ("6D) in font nullfont!
Missing character: There is no u ("75) in font nullfont!
Missing character: There is no m ("6D) in font nullfont!
Missing character: There is no w ("77) in font nullfont!
Missing character: There is no i ("69) in font nullfont!
Missing character: There is no d ("64) in font nullfont!
Missing character: There is no t ("74) in font nullfont!
Missing character: There is no h ("68) in font nullfont!
Missing character: There is no = ("3D) in font nullfont!
Missing character: There is no 2 ("32) in font nullfont!
Missing character: There is no . ("2E) in font nullfont!
Missing character: There is no 8 ("38) in font nullfont!
Missing character: There is no c ("63) in font nullfont!
Missing character: There is no m ("6D) in font nullfont!
Missing character: There is no , ("2C) in font nullfont!
Missing character: There is no m ("6D) in font nullfont!
Missing character: There is no i ("69) in font nullfont!
Missing character: There is no n ("6E) in font nullfont!
Missing character: There is no i ("69) in font nullfont!
Missing character: There is no m ("6D) in font nullfont!
Missing character: There is no u ("75) in font nullfont!
Missing character: There is no m ("6D) in font nullfont!
Missing character: There is no h ("68) in font nullfont!
Missing character: There is no e ("65) in font nullfont!
Missing character: There is no i ("69) in font nullfont!
Missing character: There is no g ("67) in font nullfont!
Missing character: There is no h ("68) in font nullfont!
Missing character: There is no t ("74) in font nullfont!
Missing character: There is no = ("3D) in font nullfont!
Missing character: There is no 0 ("30) in font nullfont!
Missing character: There is no . ("2E) in font nullfont!
Missing character: There is no 8 ("38) in font nullfont!
Missing character: There is no c ("63) in font nullfont!
Missing character: There is no m ("6D) in font nullfont!
Missing character: There is no , ("2C) in font nullfont!
Missing character: There is no d ("64) in font nullfont!
Missing character: There is no a ("61) in font nullfont!
Missing character: There is no s ("73) in font nullfont!
Missing character: There is no h ("68) in font nullfont!
Missing character: There is no e ("65) in font nullfont!
Missing character: There is no d ("64) in font nullfont!
Missing character: There is no b ("62) in font nullfont!
Missing character: There is no o ("6F) in font nullfont!
Missing character: There is no x ("78) in font nullfont!
Missing character: There is no / ("2F) in font nullfont!
Missing character: There is no . ("2E) in font nullfont!
Missing character: There is no s ("73) in font nullfont!
Missing character: There is no t ("74) in font nullfont!
Missing character: There is no y ("79) in font nullfont!
Missing character: There is no l ("6C) in font nullfont!
Missing character: There is no e ("65) in font nullfont!
Missing character: There is no = ("3D) in font nullfont!
Missing character: There is no d ("64) in font nullfont!
Missing character: There is no r ("72) in font nullfont!
Missing character: There is no a ("61) in font nullfont!
Missing character: There is no w ("77) in font nullfont!
Missing character: There is no , ("2C) in font nullfont!
Missing character: There is no r ("72) in font nullfont!
Missing character: There is no e ("65) in font nullfont!
Missing character: There is no c ("63) in font nullfont!
Missing character: There is no t ("74) in font nullfont!
Missing character: There is no a ("61) in font nullfont!
Missing character: There is no n ("6E) in font nullfont!
Missing character: There is no g ("67) in font nullfont!
Missing character: There is no l ("6C) in font nullfont!
Missing character: There is no e ("65) in font nullfont!
Missing character: There is no , ("2C) in font nullfont!
Missing character: There is no d ("64) in font nullfont!
Missing character: There is no a ("61) in font nullfont!
Missing character: There is no s ("73) in font nullfont!
Missing character: There is no h ("68) in font nullfont!
Missing character: There is no e ("65) in font nullfont!
Missing character: There is no d ("64) in font nullfont!
Missing character: There is no , ("2C) in font nullfont!
Missing character: There is no r ("72) in font nullfont!
Missing character: There is no o ("6F) in font nullfont!
Missing character: There is no u ("75) in font nullfont!
Missing character: There is no n ("6E) in font nullfont!
Missing character: There is no d ("64) in font nullfont!
Missing character: There is no e ("65) in font nullfont!
Missing character: There is no d ("64) in font nullfont!
Missing character: There is no c ("63) in font nullfont!
Missing character: There is no o ("6F) in font nullfont!
Missing character: There is no r ("72) in font nullfont!
Missing character: There is no n ("6E) in font nullfont!
Missing character: There is no e ("65) in font nullfont!
Missing character: There is no r ("72) in font nullfont!
Missing character: There is no s ("73) in font nullfont!
Missing character: There is no , ("2C) in font nullfont!
Missing character: There is no i ("69) in font nullfont!
Missing character: There is no n ("6E) in font nullfont!
Missing character: There is no n ("6E) in font nullfont!
Missing character: There is no e ("65) in font nullfont!
Missing character: There is no r ("72) in font nullfont!
Missing character: There is no s ("73) in font nullfont!
Missing character: There is no e ("65) in font nullfont!
Missing character: There is no p ("70) in font nullfont!
Missing character: There is no = ("3D) in font nullfont!
Missing character: There is no 0 ("30) in font nullfont!
Missing character: There is no . ("2E) in font nullfont!
Missing character: There is no 5 ("35) in font nullfont!
Missing character: There is no c ("63) in font nullfont!
Missing character: There is no m ("6D) in font nullfont!
Missing character: There is no ] ("5D) in font nullfont!

Overfull \hbox (20.0pt too wide) in paragraph at lines 176--185
 [] 
 []

! Undefined control sequence.
l.187 ^^I^^I^^I\node
                    [box] (rand) {YARPGen};
The control sequence at the end of the top line
of your error message was never \def'ed. If you have
misspelled it (e.g., `\hobx'), type `I' and the correct
spelling (e.g., `I\hbox'). Otherwise just continue,
and I'll forget about whatever was undefined.

Missing character: There is no [ ("5B) in font nullfont!
Missing character: There is no b ("62) in font nullfont!
Missing character: There is no o ("6F) in font nullfont!
Missing character: There is no x ("78) in font nullfont!
Missing character: There is no ] ("5D) in font nullfont!
Missing character: There is no ( ("28) in font nullfont!
Missing character: There is no r ("72) in font nullfont!
Missing character: There is no a ("61) in font nullfont!
Missing character: There is no n ("6E) in font nullfont!
Missing character: There is no d ("64) in font nullfont!
Missing character: There is no ) ("29) in font nullfont!
Missing character: There is no Y ("59) in font nullfont!
Missing character: There is no A ("41) in font nullfont!
Missing character: There is no R ("52) in font nullfont!
Missing character: There is no P ("50) in font nullfont!
Missing character: There is no G ("47) in font nullfont!
Missing character: There is no e ("65) in font nullfont!
Missing character: There is no n ("6E) in font nullfont!
Missing character: There is no ; ("3B) in font nullfont!
! Undefined control sequence.
l.188 ^^I^^I^^I\node
                    [box, below of=rand] (testrepo) {测试仓库};
The control sequence at the end of the top line
of your error message was never \def'ed. If you have
misspelled it (e.g., `\hobx'), type `I' and the correct
spelling (e.g., `I\hbox'). Otherwise just continue,
and I'll forget about whatever was undefined.

Missing character: There is no [ ("5B) in font nullfont!
Missing character: There is no b ("62) in font nullfont!
Missing character: There is no o ("6F) in font nullfont!
Missing character: There is no x ("78) in font nullfont!
Missing character: There is no , ("2C) in font nullfont!
Missing character: There is no b ("62) in font nullfont!
Missing character: There is no e ("65) in font nullfont!
Missing character: There is no l ("6C) in font nullfont!
Missing character: There is no o ("6F) in font nullfont!
Missing character: There is no w ("77) in font nullfont!
Missing character: There is no o ("6F) in font nullfont!
Missing character: There is no f ("66) in font nullfont!
Missing character: There is no = ("3D) in font nullfont!
Missing character: There is no r ("72) in font nullfont!
Missing character: There is no a ("61) in font nullfont!
Missing character: There is no n ("6E) in font nullfont!
Missing character: There is no d ("64) in font nullfont!
Missing character: There is no ] ("5D) in font nullfont!
Missing character: There is no ( ("28) in font nullfont!
Missing character: There is no t ("74) in font nullfont!
Missing character: There is no e ("65) in font nullfont!
Missing character: There is no s ("73) in font nullfont!
Missing character: There is no t ("74) in font nullfont!
Missing character: There is no r ("72) in font nullfont!
Missing character: There is no e ("65) in font nullfont!
Missing character: There is no p ("70) in font nullfont!
Missing character: There is no o ("6F) in font nullfont!
Missing character: There is no ) ("29) in font nullfont!
Missing character: There is no 测 ("6D4B) in font nullfont!
Missing character: There is no 试 ("8BD5) in font nullfont!
Missing character: There is no 仓 ("4ED3) in font nullfont!
Missing character: There is no 库 ("5E93) in font nullfont!
Missing character: There is no ; ("3B) in font nullfont!
! Undefined control sequence.
l.190 ^^I^^I^^I\node
                    [dashedbox, fit=(rand)(testrepo), label=above:{随机测试样例生成模...
The control sequence at the end of the top line
of your error message was never \def'ed. If you have
misspelled it (e.g., `\hobx'), type `I' and the correct
spelling (e.g., `I\hbox'). Otherwise just continue,
and I'll forget about whatever was undefined.

Missing character: There is no [ ("5B) in font nullfont!
Missing character: There is no d ("64) in font nullfont!
Missing character: There is no a ("61) in font nullfont!
Missing character: There is no s ("73) in font nullfont!
Missing character: There is no h ("68) in font nullfont!
Missing character: There is no e ("65) in font nullfont!
Missing character: There is no d ("64) in font nullfont!
Missing character: There is no b ("62) in font nullfont!
Missing character: There is no o ("6F) in font nullfont!
Missing character: There is no x ("78) in font nullfont!
Missing character: There is no , ("2C) in font nullfont!
Missing character: There is no f ("66) in font nullfont!
Missing character: There is no i ("69) in font nullfont!
Missing character: There is no t ("74) in font nullfont!
Missing character: There is no = ("3D) in font nullfont!
Missing character: There is no ( ("28) in font nullfont!
Missing character: There is no r ("72) in font nullfont!
Missing character: There is no a ("61) in font nullfont!
Missing character: There is no n ("6E) in font nullfont!
Missing character: There is no d ("64) in font nullfont!
Missing character: There is no ) ("29) in font nullfont!
Missing character: There is no ( ("28) in font nullfont!
Missing character: There is no t ("74) in font nullfont!
Missing character: There is no e ("65) in font nullfont!
Missing character: There is no s ("73) in font nullfont!
Missing character: There is no t ("74) in font nullfont!
Missing character: There is no r ("72) in font nullfont!
Missing character: There is no e ("65) in font nullfont!
Missing character: There is no p ("70) in font nullfont!
Missing character: There is no o ("6F) in font nullfont!
Missing character: There is no ) ("29) in font nullfont!
Missing character: There is no , ("2C) in font nullfont!
Missing character: There is no l ("6C) in font nullfont!
Missing character: There is no a ("61) in font nullfont!
Missing character: There is no b ("62) in font nullfont!
Missing character: There is no e ("65) in font nullfont!
Missing character: There is no l ("6C) in font nullfont!
Missing character: There is no = ("3D) in font nullfont!
Missing character: There is no a ("61) in font nullfont!
Missing character: There is no b ("62) in font nullfont!
Missing character: There is no o ("6F) in font nullfont!
Missing character: There is no v ("76) in font nullfont!
Missing character: There is no e ("65) in font nullfont!
Missing character: There is no : ("3A) in font nullfont!
Missing character: There is no 随 ("968F) in font nullfont!
Missing character: There is no 机 ("673A) in font nullfont!
Missing character: There is no 测 ("6D4B) in font nullfont!
Missing character: There is no 试 ("8BD5) in font nullfont!
Missing character: There is no 样 ("6837) in font nullfont!
Missing character: There is no 例 ("4F8B) in font nullfont!
Missing character: There is no 生 ("751F) in font nullfont!
Missing character: There is no 成 ("6210) in font nullfont!
Missing character: There is no 模 ("6A21) in font nullfont!
Missing character: There is no 块 ("5757) in font nullfont!
Missing character: There is no ] ("5D) in font nullfont!
Missing character: There is no ( ("28) in font nullfont!
Missing character: There is no g ("67) in font nullfont!
Missing character: There is no e ("65) in font nullfont!
Missing character: There is no n ("6E) in font nullfont!
Missing character: There is no ) ("29) in font nullfont!
Missing character: There is no ; ("3B) in font nullfont!
! Undefined control sequence.
l.192 ^^I^^I^^I\draw
                    [->] (rand) -- node[right]{错误样例推送} (testrepo);
The control sequence at the end of the top line
of your error message was never \def'ed. If you have
misspelled it (e.g., `\hobx'), type `I' and the correct
spelling (e.g., `I\hbox'). Otherwise just continue,
and I'll forget about whatever was undefined.

Missing character: There is no [ ("5B) in font nullfont!
Missing character: There is no - ("2D) in font nullfont!
Missing character: There is no > ("3E) in font nullfont!
Missing character: There is no ] ("5D) in font nullfont!
Missing character: There is no ( ("28) in font nullfont!
Missing character: There is no r ("72) in font nullfont!
Missing character: There is no a ("61) in font nullfont!
Missing character: There is no n ("6E) in font nullfont!
Missing character: There is no d ("64) in font nullfont!
Missing character: There is no ) ("29) in font nullfont!
Missing character: There is no - ("2D) in font nullfont!
Missing character: There is no - ("2D) in font nullfont!
Missing character: There is no n ("6E) in font nullfont!
Missing character: There is no o ("6F) in font nullfont!
Missing character: There is no d ("64) in font nullfont!
Missing character: There is no e ("65) in font nullfont!
Missing character: There is no [ ("5B) in font nullfont!
Missing character: There is no r ("72) in font nullfont!
Missing character: There is no i ("69) in font nullfont!
Missing character: There is no g ("67) in font nullfont!
Missing character: There is no h ("68) in font nullfont!
Missing character: There is no t ("74) in font nullfont!
Missing character: There is no ] ("5D) in font nullfont!
Missing character: There is no 错 ("9519) in font nullfont!
Missing character: There is no 误 ("8BEF) in font nullfont!
Missing character: There is no 样 ("6837) in font nullfont!
Missing character: There is no 例 ("4F8B) in font nullfont!
Missing character: There is no 推 ("63A8) in font nullfont!
Missing character: There is no 送 ("9001) in font nullfont!
Missing character: There is no ( ("28) in font nullfont!
Missing character: There is no t ("74) in font nullfont!
Missing character: There is no e ("65) in font nullfont!
Missing character: There is no s ("73) in font nullfont!
Missing character: There is no t ("74) in font nullfont!
Missing character: There is no r ("72) in font nullfont!
Missing character: There is no e ("65) in font nullfont!
Missing character: There is no p ("70) in font nullfont!
Missing character: There is no o ("6F) in font nullfont!
Missing character: There is no ) ("29) in font nullfont!
Missing character: There is no ; ("3B) in font nullfont!
! Undefined control sequence.
l.195 ^^I^^I^^I\node
                    [box, right=4cm of rand] (compilerepo) {编译器仓库};
The control sequence at the end of the top line
of your error message was never \def'ed. If you have
misspelled it (e.g., `\hobx'), type `I' and the correct
spelling (e.g., `I\hbox'). Otherwise just continue,
and I'll forget about whatever was undefined.

Missing character: There is no [ ("5B) in font nullfont!
Missing character: There is no b ("62) in font nullfont!
Missing character: There is no o ("6F) in font nullfont!
Missing character: There is no x ("78) in font nullfont!
Missing character: There is no , ("2C) in font nullfont!
Missing character: There is no r ("72) in font nullfont!
Missing character: There is no i ("69) in font nullfont!
Missing character: There is no g ("67) in font nullfont!
Missing character: There is no h ("68) in font nullfont!
Missing character: There is no t ("74) in font nullfont!
Missing character: There is no = ("3D) in font nullfont!
Missing character: There is no 4 ("34) in font nullfont!
Missing character: There is no c ("63) in font nullfont!
Missing character: There is no m ("6D) in font nullfont!
Missing character: There is no o ("6F) in font nullfont!
Missing character: There is no f ("66) in font nullfont!
Missing character: There is no r ("72) in font nullfont!
Missing character: There is no a ("61) in font nullfont!
Missing character: There is no n ("6E) in font nullfont!
Missing character: There is no d ("64) in font nullfont!
Missing character: There is no ] ("5D) in font nullfont!
Missing character: There is no ( ("28) in font nullfont!
Missing character: There is no c ("63) in font nullfont!
Missing character: There is no o ("6F) in font nullfont!
Missing character: There is no m ("6D) in font nullfont!
Missing character: There is no p ("70) in font nullfont!
Missing character: There is no i ("69) in font nullfont!
Missing character: There is no l ("6C) in font nullfont!
Missing character: There is no e ("65) in font nullfont!
Missing character: There is no r ("72) in font nullfont!
Missing character: There is no e ("65) in font nullfont!
Missing character: There is no p ("70) in font nullfont!
Missing character: There is no o ("6F) in font nullfont!
Missing character: There is no ) ("29) in font nullfont!
Missing character: There is no 编 ("7F16) in font nullfont!
Missing character: There is no 译 ("8BD1) in font nullfont!
Missing character: There is no 器 ("5668) in font nullfont!
Missing character: There is no 仓 ("4ED3) in font nullfont!
Missing character: There is no 库 ("5E93) in font nullfont!
Missing character: There is no ; ("3B) in font nullfont!
! Undefined control sequence.
l.196 ^^I^^I^^I\node
                    [box, below of=compilerepo] (ci) {CI测试平台};
The control sequence at the end of the top line
of your error message was never \def'ed. If you have
misspelled it (e.g., `\hobx'), type `I' and the correct
spelling (e.g., `I\hbox'). Otherwise just continue,
and I'll forget about whatever was undefined.

Missing character: There is no [ ("5B) in font nullfont!
Missing character: There is no b ("62) in font nullfont!
Missing character: There is no o ("6F) in font nullfont!
Missing character: There is no x ("78) in font nullfont!
Missing character: There is no , ("2C) in font nullfont!
Missing character: There is no b ("62) in font nullfont!
Missing character: There is no e ("65) in font nullfont!
Missing character: There is no l ("6C) in font nullfont!
Missing character: There is no o ("6F) in font nullfont!
Missing character: There is no w ("77) in font nullfont!
Missing character: There is no o ("6F) in font nullfont!
Missing character: There is no f ("66) in font nullfont!
Missing character: There is no = ("3D) in font nullfont!
Missing character: There is no c ("63) in font nullfont!
Missing character: There is no o ("6F) in font nullfont!
Missing character: There is no m ("6D) in font nullfont!
Missing character: There is no p ("70) in font nullfont!
Missing character: There is no i ("69) in font nullfont!
Missing character: There is no l ("6C) in font nullfont!
Missing character: There is no e ("65) in font nullfont!
Missing character: There is no r ("72) in font nullfont!
Missing character: There is no e ("65) in font nullfont!
Missing character: There is no p ("70) in font nullfont!
Missing character: There is no o ("6F) in font nullfont!
Missing character: There is no ] ("5D) in font nullfont!
Missing character: There is no ( ("28) in font nullfont!
Missing character: There is no c ("63) in font nullfont!
Missing character: There is no i ("69) in font nullfont!
Missing character: There is no ) ("29) in font nullfont!
Missing character: There is no C ("43) in font nullfont!
Missing character: There is no I ("49) in font nullfont!
Missing character: There is no 测 ("6D4B) in font nullfont!
Missing character: There is no 试 ("8BD5) in font nullfont!
Missing character: There is no 平 ("5E73) in font nullfont!
Missing character: There is no 台 ("53F0) in font nullfont!
Missing character: There is no ; ("3B) in font nullfont!
! Undefined control sequence.
l.197 ^^I^^I^^I\node
                    [box, below of=ci] (runner) {GitLab Runner};
The control sequence at the end of the top line
of your error message was never \def'ed. If you have
misspelled it (e.g., `\hobx'), type `I' and the correct
spelling (e.g., `I\hbox'). Otherwise just continue,
and I'll forget about whatever was undefined.

Missing character: There is no [ ("5B) in font nullfont!
Missing character: There is no b ("62) in font nullfont!
Missing character: There is no o ("6F) in font nullfont!
Missing character: There is no x ("78) in font nullfont!
Missing character: There is no , ("2C) in font nullfont!
Missing character: There is no b ("62) in font nullfont!
Missing character: There is no e ("65) in font nullfont!
Missing character: There is no l ("6C) in font nullfont!
Missing character: There is no o ("6F) in font nullfont!
Missing character: There is no w ("77) in font nullfont!
Missing character: There is no o ("6F) in font nullfont!
Missing character: There is no f ("66) in font nullfont!
Missing character: There is no = ("3D) in font nullfont!
Missing character: There is no c ("63) in font nullfont!
Missing character: There is no i ("69) in font nullfont!
Missing character: There is no ] ("5D) in font nullfont!
Missing character: There is no ( ("28) in font nullfont!
Missing character: There is no r ("72) in font nullfont!
Missing character: There is no u ("75) in font nullfont!
Missing character: There is no n ("6E) in font nullfont!
Missing character: There is no n ("6E) in font nullfont!
Missing character: There is no e ("65) in font nullfont!
Missing character: There is no r ("72) in font nullfont!
Missing character: There is no ) ("29) in font nullfont!
Missing character: There is no G ("47) in font nullfont!
Missing character: There is no i ("69) in font nullfont!
Missing character: There is no t ("74) in font nullfont!
Missing character: There is no L ("4C) in font nullfont!
Missing character: There is no a ("61) in font nullfont!
Missing character: There is no b ("62) in font nullfont!
Missing character: There is no R ("52) in font nullfont!
Missing character: There is no u ("75) in font nullfont!
Missing character: There is no n ("6E) in font nullfont!
Missing character: There is no n ("6E) in font nullfont!
Missing character: There is no e ("65) in font nullfont!
Missing character: There is no r ("72) in font nullfont!
Missing character: There is no ; ("3B) in font nullfont!
! Undefined control sequence.
l.199 ^^I^^I^^I\node
                    [smallbox, below left=0.8cm and -0.6cm of runner] (sim) ...
The control sequence at the end of the top line
of your error message was never \def'ed. If you have
misspelled it (e.g., `\hobx'), type `I' and the correct
spelling (e.g., `I\hbox'). Otherwise just continue,
and I'll forget about whatever was undefined.

Missing character: There is no [ ("5B) in font nullfont!
Missing character: There is no s ("73) in font nullfont!
Missing character: There is no m ("6D) in font nullfont!
Missing character: There is no a ("61) in font nullfont!
Missing character: There is no l ("6C) in font nullfont!
Missing character: There is no l ("6C) in font nullfont!
Missing character: There is no b ("62) in font nullfont!
Missing character: There is no o ("6F) in font nullfont!
Missing character: There is no x ("78) in font nullfont!
Missing character: There is no , ("2C) in font nullfont!
Missing character: There is no b ("62) in font nullfont!
Missing character: There is no e ("65) in font nullfont!
Missing character: There is no l ("6C) in font nullfont!
Missing character: There is no o ("6F) in font nullfont!
Missing character: There is no w ("77) in font nullfont!
Missing character: There is no l ("6C) in font nullfont!
Missing character: There is no e ("65) in font nullfont!
Missing character: There is no f ("66) in font nullfont!
Missing character: There is no t ("74) in font nullfont!
Missing character: There is no = ("3D) in font nullfont!
Missing character: There is no 0 ("30) in font nullfont!
Missing character: There is no . ("2E) in font nullfont!
Missing character: There is no 8 ("38) in font nullfont!
Missing character: There is no c ("63) in font nullfont!
Missing character: There is no m ("6D) in font nullfont!
Missing character: There is no a ("61) in font nullfont!
Missing character: There is no n ("6E) in font nullfont!
Missing character: There is no d ("64) in font nullfont!
Missing character: There is no - ("2D) in font nullfont!
Missing character: There is no 0 ("30) in font nullfont!
Missing character: There is no . ("2E) in font nullfont!
Missing character: There is no 6 ("36) in font nullfont!
Missing character: There is no c ("63) in font nullfont!
Missing character: There is no m ("6D) in font nullfont!
Missing character: There is no o ("6F) in font nullfont!
Missing character: There is no f ("66) in font nullfont!
Missing character: There is no r ("72) in font nullfont!
Missing character: There is no u ("75) in font nullfont!
Missing character: There is no n ("6E) in font nullfont!
Missing character: There is no n ("6E) in font nullfont!
Missing character: There is no e ("65) in font nullfont!
Missing character: There is no r ("72) in font nullfont!
Missing character: There is no ] ("5D) in font nullfont!
Missing character: There is no ( ("28) in font nullfont!
Missing character: There is no s ("73) in font nullfont!
Missing character: There is no i ("69) in font nullfont!
Missing character: There is no m ("6D) in font nullfont!
Missing character: There is no ) ("29) in font nullfont!
Missing character: There is no 模 ("6A21) in font nullfont!
Missing character: There is no 拟 ("62DF) in font nullfont!
Missing character: There is no 器 ("5668) in font nullfont!
Missing character: There is no 测 ("6D4B) in font nullfont!
Missing character: There is no 试 ("8BD5) in font nullfont!
Missing character: There is no ; ("3B) in font nullfont!
! Undefined control sequence.
l.200 ^^I^^I^^I\node
                    [smallbox, below right=0.8cm and -0.6cm of runner] (chip...
The control sequence at the end of the top line
of your error message was never \def'ed. If you have
misspelled it (e.g., `\hobx'), type `I' and the correct
spelling (e.g., `I\hbox'). Otherwise just continue,
and I'll forget about whatever was undefined.

Missing character: There is no [ ("5B) in font nullfont!
Missing character: There is no s ("73) in font nullfont!
Missing character: There is no m ("6D) in font nullfont!
Missing character: There is no a ("61) in font nullfont!
Missing character: There is no l ("6C) in font nullfont!
Missing character: There is no l ("6C) in font nullfont!
Missing character: There is no b ("62) in font nullfont!
Missing character: There is no o ("6F) in font nullfont!
Missing character: There is no x ("78) in font nullfont!
Missing character: There is no , ("2C) in font nullfont!
Missing character: There is no b ("62) in font nullfont!
Missing character: There is no e ("65) in font nullfont!
Missing character: There is no l ("6C) in font nullfont!
Missing character: There is no o ("6F) in font nullfont!
Missing character: There is no w ("77) in font nullfont!
Missing character: There is no r ("72) in font nullfont!
Missing character: There is no i ("69) in font nullfont!
Missing character: There is no g ("67) in font nullfont!
Missing character: There is no h ("68) in font nullfont!
Missing character: There is no t ("74) in font nullfont!
Missing character: There is no = ("3D) in font nullfont!
Missing character: There is no 0 ("30) in font nullfont!
Missing character: There is no . ("2E) in font nullfont!
Missing character: There is no 8 ("38) in font nullfont!
Missing character: There is no c ("63) in font nullfont!
Missing character: There is no m ("6D) in font nullfont!
Missing character: There is no a ("61) in font nullfont!
Missing character: There is no n ("6E) in font nullfont!
Missing character: There is no d ("64) in font nullfont!
Missing character: There is no - ("2D) in font nullfont!
Missing character: There is no 0 ("30) in font nullfont!
Missing character: There is no . ("2E) in font nullfont!
Missing character: There is no 6 ("36) in font nullfont!
Missing character: There is no c ("63) in font nullfont!
Missing character: There is no m ("6D) in font nullfont!
Missing character: There is no o ("6F) in font nullfont!
Missing character: There is no f ("66) in font nullfont!
Missing character: There is no r ("72) in font nullfont!
Missing character: There is no u ("75) in font nullfont!
Missing character: There is no n ("6E) in font nullfont!
Missing character: There is no n ("6E) in font nullfont!
Missing character: There is no e ("65) in font nullfont!
Missing character: There is no r ("72) in font nullfont!
Missing character: There is no ] ("5D) in font nullfont!
Missing character: There is no ( ("28) in font nullfont!
Missing character: There is no c ("63) in font nullfont!
Missing character: There is no h ("68) in font nullfont!
Missing character: There is no i ("69) in font nullfont!
Missing character: There is no p ("70) in font nullfont!
Missing character: There is no ) ("29) in font nullfont!
Missing character: There is no 片 ("7247) in font nullfont!
Missing character: There is no 上 ("4E0A) in font nullfont!
Missing character: There is no 测 ("6D4B) in font nullfont!
Missing character: There is no 试 ("8BD5) in font nullfont!
Missing character: There is no ; ("3B) in font nullfont!
! Undefined control sequence.
l.202 ^^I^^I^^I\node
                    [dashedbox, fit=(compilerepo)(ci)(runner)(sim)(chip),
The control sequence at the end of the top line
of your error message was never \def'ed. If you have
misspelled it (e.g., `\hobx'), type `I' and the correct
spelling (e.g., `I\hbox'). Otherwise just continue,
and I'll forget about whatever was undefined.

Missing character: There is no [ ("5B) in font nullfont!
Missing character: There is no d ("64) in font nullfont!
Missing character: There is no a ("61) in font nullfont!
Missing character: There is no s ("73) in font nullfont!
Missing character: There is no h ("68) in font nullfont!
Missing character: There is no e ("65) in font nullfont!
Missing character: There is no d ("64) in font nullfont!
Missing character: There is no b ("62) in font nullfont!
Missing character: There is no o ("6F) in font nullfont!
Missing character: There is no x ("78) in font nullfont!
Missing character: There is no , ("2C) in font nullfont!
Missing character: There is no f ("66) in font nullfont!
Missing character: There is no i ("69) in font nullfont!
Missing character: There is no t ("74) in font nullfont!
Missing character: There is no = ("3D) in font nullfont!
Missing character: There is no ( ("28) in font nullfont!
Missing character: There is no c ("63) in font nullfont!
Missing character: There is no o ("6F) in font nullfont!
Missing character: There is no m ("6D) in font nullfont!
Missing character: There is no p ("70) in font nullfont!
Missing character: There is no i ("69) in font nullfont!
Missing character: There is no l ("6C) in font nullfont!
Missing character: There is no e ("65) in font nullfont!
Missing character: There is no r ("72) in font nullfont!
Missing character: There is no e ("65) in font nullfont!
Missing character: There is no p ("70) in font nullfont!
Missing character: There is no o ("6F) in font nullfont!
Missing character: There is no ) ("29) in font nullfont!
Missing character: There is no ( ("28) in font nullfont!
Missing character: There is no c ("63) in font nullfont!
Missing character: There is no i ("69) in font nullfont!
Missing character: There is no ) ("29) in font nullfont!
Missing character: There is no ( ("28) in font nullfont!
Missing character: There is no r ("72) in font nullfont!
Missing character: There is no u ("75) in font nullfont!
Missing character: There is no n ("6E) in font nullfont!
Missing character: There is no n ("6E) in font nullfont!
Missing character: There is no e ("65) in font nullfont!
Missing character: There is no r ("72) in font nullfont!
Missing character: There is no ) ("29) in font nullfont!
Missing character: There is no ( ("28) in font nullfont!
Missing character: There is no s ("73) in font nullfont!
Missing character: There is no i ("69) in font nullfont!
Missing character: There is no m ("6D) in font nullfont!
Missing character: There is no ) ("29) in font nullfont!
Missing character: There is no ( ("28) in font nullfont!
Missing character: There is no c ("63) in font nullfont!
Missing character: There is no h ("68) in font nullfont!
Missing character: There is no i ("69) in font nullfont!
Missing character: There is no p ("70) in font nullfont!
Missing character: There is no ) ("29) in font nullfont!
Missing character: There is no , ("2C) in font nullfont!
Missing character: There is no l ("6C) in font nullfont!
Missing character: There is no a ("61) in font nullfont!
Missing character: There is no b ("62) in font nullfont!
Missing character: There is no e ("65) in font nullfont!
Missing character: There is no l ("6C) in font nullfont!
Missing character: There is no = ("3D) in font nullfont!
Missing character: There is no a ("61) in font nullfont!
Missing character: There is no b ("62) in font nullfont!
Missing character: There is no o ("6F) in font nullfont!
Missing character: There is no v ("76) in font nullfont!
Missing character: There is no e ("65) in font nullfont!
Missing character: There is no : ("3A) in font nullfont!
Missing character: There is no 编 ("7F16) in font nullfont!
Missing character: There is no 译 ("8BD1) in font nullfont!
Missing character: There is no 与 ("4E0E) in font nullfont!
Missing character: There is no 测 ("6D4B) in font nullfont!
Missing character: There is no 试 ("8BD5) in font nullfont!
Missing character: There is no 模 ("6A21) in font nullfont!
Missing character: There is no 块 ("5757) in font nullfont!
Missing character: There is no ] ("5D) in font nullfont!
Missing character: There is no ( ("28) in font nullfont!
Missing character: There is no b ("62) in font nullfont!
Missing character: There is no u ("75) in font nullfont!
Missing character: There is no i ("69) in font nullfont!
Missing character: There is no l ("6C) in font nullfont!
Missing character: There is no d ("64) in font nullfont!
Missing character: There is no ) ("29) in font nullfont!
Missing character: There is no ; ("3B) in font nullfont!
! Undefined control sequence.
l.205 ^^I^^I^^I\draw
                    [->] (testrepo) -- (ci);
The control sequence at the end of the top line
of your error message was never \def'ed. If you have
misspelled it (e.g., `\hobx'), type `I' and the correct
spelling (e.g., `I\hbox'). Otherwise just continue,
and I'll forget about whatever was undefined.

Missing character: There is no [ ("5B) in font nullfont!
Missing character: There is no - ("2D) in font nullfont!
Missing character: There is no > ("3E) in font nullfont!
Missing character: There is no ] ("5D) in font nullfont!
Missing character: There is no ( ("28) in font nullfont!
Missing character: There is no t ("74) in font nullfont!
Missing character: There is no e ("65) in font nullfont!
Missing character: There is no s ("73) in font nullfont!
Missing character: There is no t ("74) in font nullfont!
Missing character: There is no r ("72) in font nullfont!
Missing character: There is no e ("65) in font nullfont!
Missing character: There is no p ("70) in font nullfont!
Missing character: There is no o ("6F) in font nullfont!
Missing character: There is no ) ("29) in font nullfont!
Missing character: There is no - ("2D) in font nullfont!
Missing character: There is no - ("2D) in font nullfont!
Missing character: There is no ( ("28) in font nullfont!
Missing character: There is no c ("63) in font nullfont!
Missing character: There is no i ("69) in font nullfont!
Missing character: There is no ) ("29) in font nullfont!
Missing character: There is no ; ("3B) in font nullfont!
! Undefined control sequence.
l.206 ^^I^^I^^I\draw
                    [->] (compilerepo) -- (ci);
The control sequence at the end of the top line
of your error message was never \def'ed. If you have
misspelled it (e.g., `\hobx'), type `I' and the correct
spelling (e.g., `I\hbox'). Otherwise just continue,
and I'll forget about whatever was undefined.

Missing character: There is no [ ("5B) in font nullfont!
Missing character: There is no - ("2D) in font nullfont!
Missing character: There is no > ("3E) in font nullfont!
Missing character: There is no ] ("5D) in font nullfont!
Missing character: There is no ( ("28) in font nullfont!
Missing character: There is no c ("63) in font nullfont!
Missing character: There is no o ("6F) in font nullfont!
Missing character: There is no m ("6D) in font nullfont!
Missing character: There is no p ("70) in font nullfont!
Missing character: There is no i ("69) in font nullfont!
Missing character: There is no l ("6C) in font nullfont!
Missing character: There is no e ("65) in font nullfont!
Missing character: There is no r ("72) in font nullfont!
Missing character: There is no e ("65) in font nullfont!
Missing character: There is no p ("70) in font nullfont!
Missing character: There is no o ("6F) in font nullfont!
Missing character: There is no ) ("29) in font nullfont!
Missing character: There is no - ("2D) in font nullfont!
Missing character: There is no - ("2D) in font nullfont!
Missing character: There is no ( ("28) in font nullfont!
Missing character: There is no c ("63) in font nullfont!
Missing character: There is no i ("69) in font nullfont!
Missing character: There is no ) ("29) in font nullfont!
Missing character: There is no ; ("3B) in font nullfont!
! Undefined control sequence.
l.207 ^^I^^I^^I\draw
                    [->] (ci) -- (runner);
The control sequence at the end of the top line
of your error message was never \def'ed. If you have
misspelled it (e.g., `\hobx'), type `I' and the correct
spelling (e.g., `I\hbox'). Otherwise just continue,
and I'll forget about whatever was undefined.

Missing character: There is no [ ("5B) in font nullfont!
Missing character: There is no - ("2D) in font nullfont!
Missing character: There is no > ("3E) in font nullfont!
Missing character: There is no ] ("5D) in font nullfont!
Missing character: There is no ( ("28) in font nullfont!
Missing character: There is no c ("63) in font nullfont!
Missing character: There is no i ("69) in font nullfont!
Missing character: There is no ) ("29) in font nullfont!
Missing character: There is no - ("2D) in font nullfont!
Missing character: There is no - ("2D) in font nullfont!
Missing character: There is no ( ("28) in font nullfont!
Missing character: There is no r ("72) in font nullfont!
Missing character: There is no u ("75) in font nullfont!
Missing character: There is no n ("6E) in font nullfont!
Missing character: There is no n ("6E) in font nullfont!
Missing character: There is no e ("65) in font nullfont!
Missing character: There is no r ("72) in font nullfont!
Missing character: There is no ) ("29) in font nullfont!
Missing character: There is no ; ("3B) in font nullfont!
! Undefined control sequence.
l.208 ^^I^^I^^I\draw
                    [->] (runner) -- (sim);
The control sequence at the end of the top line
of your error message was never \def'ed. If you have
misspelled it (e.g., `\hobx'), type `I' and the correct
spelling (e.g., `I\hbox'). Otherwise just continue,
and I'll forget about whatever was undefined.

Missing character: There is no [ ("5B) in font nullfont!
Missing character: There is no - ("2D) in font nullfont!
Missing character: There is no > ("3E) in font nullfont!
Missing character: There is no ] ("5D) in font nullfont!
Missing character: There is no ( ("28) in font nullfont!
Missing character: There is no r ("72) in font nullfont!
Missing character: There is no u ("75) in font nullfont!
Missing character: There is no n ("6E) in font nullfont!
Missing character: There is no n ("6E) in font nullfont!
Missing character: There is no e ("65) in font nullfont!
Missing character: There is no r ("72) in font nullfont!
Missing character: There is no ) ("29) in font nullfont!
Missing character: There is no - ("2D) in font nullfont!
Missing character: There is no - ("2D) in font nullfont!
Missing character: There is no ( ("28) in font nullfont!
Missing character: There is no s ("73) in font nullfont!
Missing character: There is no i ("69) in font nullfont!
Missing character: There is no m ("6D) in font nullfont!
Missing character: There is no ) ("29) in font nullfont!
Missing character: There is no ; ("3B) in font nullfont!
! Undefined control sequence.
l.209 ^^I^^I^^I\draw
                    [->] (runner) -- (chip);
The control sequence at the end of the top line
of your error message was never \def'ed. If you have
misspelled it (e.g., `\hobx'), type `I' and the correct
spelling (e.g., `I\hbox'). Otherwise just continue,
and I'll forget about whatever was undefined.

Missing character: There is no [ ("5B) in font nullfont!
Missing character: There is no - ("2D) in font nullfont!
Missing character: There is no > ("3E) in font nullfont!
Missing character: There is no ] ("5D) in font nullfont!
Missing character: There is no ( ("28) in font nullfont!
Missing character: There is no r ("72) in font nullfont!
Missing character: There is no u ("75) in font nullfont!
Missing character: There is no n ("6E) in font nullfont!
Missing character: There is no n ("6E) in font nullfont!
Missing character: There is no e ("65) in font nullfont!
Missing character: There is no r ("72) in font nullfont!
Missing character: There is no ) ("29) in font nullfont!
Missing character: There is no - ("2D) in font nullfont!
Missing character: There is no - ("2D) in font nullfont!
Missing character: There is no ( ("28) in font nullfont!
Missing character: There is no c ("63) in font nullfont!
Missing character: There is no h ("68) in font nullfont!
Missing character: There is no i ("69) in font nullfont!
Missing character: There is no p ("70) in font nullfont!
Missing character: There is no ) ("29) in font nullfont!
Missing character: There is no ; ("3B) in font nullfont!
! Undefined control sequence.
l.212 ^^I^^I^^I\node
                    [box, right=4cm of ci] (archive) {测试结果归档};
The control sequence at the end of the top line
of your error message was never \def'ed. If you have
misspelled it (e.g., `\hobx'), type `I' and the correct
spelling (e.g., `I\hbox'). Otherwise just continue,
and I'll forget about whatever was undefined.

Missing character: There is no [ ("5B) in font nullfont!
Missing character: There is no b ("62) in font nullfont!
Missing character: There is no o ("6F) in font nullfont!
Missing character: There is no x ("78) in font nullfont!
Missing character: There is no , ("2C) in font nullfont!
Missing character: There is no r ("72) in font nullfont!
Missing character: There is no i ("69) in font nullfont!
Missing character: There is no g ("67) in font nullfont!
Missing character: There is no h ("68) in font nullfont!
Missing character: There is no t ("74) in font nullfont!
Missing character: There is no = ("3D) in font nullfont!
Missing character: There is no 4 ("34) in font nullfont!
Missing character: There is no c ("63) in font nullfont!
Missing character: There is no m ("6D) in font nullfont!
Missing character: There is no o ("6F) in font nullfont!
Missing character: There is no f ("66) in font nullfont!
Missing character: There is no c ("63) in font nullfont!
Missing character: There is no i ("69) in font nullfont!
Missing character: There is no ] ("5D) in font nullfont!
Missing character: There is no ( ("28) in font nullfont!
Missing character: There is no a ("61) in font nullfont!
Missing character: There is no r ("72) in font nullfont!
Missing character: There is no c ("63) in font nullfont!
Missing character: There is no h ("68) in font nullfont!
Missing character: There is no i ("69) in font nullfont!
Missing character: There is no v ("76) in font nullfont!
Missing character: There is no e ("65) in font nullfont!
Missing character: There is no ) ("29) in font nullfont!
Missing character: There is no 测 ("6D4B) in font nullfont!
Missing character: There is no 试 ("8BD5) in font nullfont!
Missing character: There is no 结 ("7ED3) in font nullfont!
Missing character: There is no 果 ("679C) in font nullfont!
Missing character: There is no 归 ("5F52) in font nullfont!
Missing character: There is no 档 ("6863) in font nullfont!
Missing character: There is no ; ("3B) in font nullfont!
! Undefined control sequence.
l.213 ^^I^^I^^I\node
                    [box, below of=archive] (filter) {分支过滤器};
The control sequence at the end of the top line
of your error message was never \def'ed. If you have
misspelled it (e.g., `\hobx'), type `I' and the correct
spelling (e.g., `I\hbox'). Otherwise just continue,
and I'll forget about whatever was undefined.

Missing character: There is no [ ("5B) in font nullfont!
Missing character: There is no b ("62) in font nullfont!
Missing character: There is no o ("6F) in font nullfont!
Missing character: There is no x ("78) in font nullfont!
Missing character: There is no , ("2C) in font nullfont!
Missing character: There is no b ("62) in font nullfont!
Missing character: There is no e ("65) in font nullfont!
Missing character: There is no l ("6C) in font nullfont!
Missing character: There is no o ("6F) in font nullfont!
Missing character: There is no w ("77) in font nullfont!
Missing character: There is no o ("6F) in font nullfont!
Missing character: There is no f ("66) in font nullfont!
Missing character: There is no = ("3D) in font nullfont!
Missing character: There is no a ("61) in font nullfont!
Missing character: There is no r ("72) in font nullfont!
Missing character: There is no c ("63) in font nullfont!
Missing character: There is no h ("68) in font nullfont!
Missing character: There is no i ("69) in font nullfont!
Missing character: There is no v ("76) in font nullfont!
Missing character: There is no e ("65) in font nullfont!
Missing character: There is no ] ("5D) in font nullfont!
Missing character: There is no ( ("28) in font nullfont!
Missing character: There is no f ("66) in font nullfont!
Missing character: There is no i ("69) in font nullfont!
Missing character: There is no l ("6C) in font nullfont!
Missing character: There is no t ("74) in font nullfont!
Missing character: There is no e ("65) in font nullfont!
Missing character: There is no r ("72) in font nullfont!
Missing character: There is no ) ("29) in font nullfont!
Missing character: There is no 分 ("5206) in font nullfont!
Missing character: There is no 支 ("652F) in font nullfont!
Missing character: There is no 过 ("8FC7) in font nullfont!
Missing character: There is no 滤 ("6EE4) in font nullfont!
Missing character: There is no 器 ("5668) in font nullfont!
Missing character: There is no ; ("3B) in font nullfont!
! Undefined control sequence.
l.214 ^^I^^I^^I\node
                    [box, below of=filter] (perfrepo) {Perf仓库};
The control sequence at the end of the top line
of your error message was never \def'ed. If you have
misspelled it (e.g., `\hobx'), type `I' and the correct
spelling (e.g., `I\hbox'). Otherwise just continue,
and I'll forget about whatever was undefined.

Missing character: There is no [ ("5B) in font nullfont!
Missing character: There is no b ("62) in font nullfont!
Missing character: There is no o ("6F) in font nullfont!
Missing character: There is no x ("78) in font nullfont!
Missing character: There is no , ("2C) in font nullfont!
Missing character: There is no b ("62) in font nullfont!
Missing character: There is no e ("65) in font nullfont!
Missing character: There is no l ("6C) in font nullfont!
Missing character: There is no o ("6F) in font nullfont!
Missing character: There is no w ("77) in font nullfont!
Missing character: There is no o ("6F) in font nullfont!
Missing character: There is no f ("66) in font nullfont!
Missing character: There is no = ("3D) in font nullfont!
Missing character: There is no f ("66) in font nullfont!
Missing character: There is no i ("69) in font nullfont!
Missing character: There is no l ("6C) in font nullfont!
Missing character: There is no t ("74) in font nullfont!
Missing character: There is no e ("65) in font nullfont!
Missing character: There is no r ("72) in font nullfont!
Missing character: There is no ] ("5D) in font nullfont!
Missing character: There is no ( ("28) in font nullfont!
Missing character: There is no p ("70) in font nullfont!
Missing character: There is no e ("65) in font nullfont!
Missing character: There is no r ("72) in font nullfont!
Missing character: There is no f ("66) in font nullfont!
Missing character: There is no r ("72) in font nullfont!
Missing character: There is no e ("65) in font nullfont!
Missing character: There is no p ("70) in font nullfont!
Missing character: There is no o ("6F) in font nullfont!
Missing character: There is no ) ("29) in font nullfont!
Missing character: There is no P ("50) in font nullfont!
Missing character: There is no e ("65) in font nullfont!
Missing character: There is no r ("72) in font nullfont!
Missing character: There is no f ("66) in font nullfont!
Missing character: There is no 仓 ("4ED3) in font nullfont!
Missing character: There is no 库 ("5E93) in font nullfont!
Missing character: There is no ; ("3B) in font nullfont!
! Undefined control sequence.
l.216 ^^I^^I^^I\node
                    [dashedbox, fit=(archive)(filter)(perfrepo),
The control sequence at the end of the top line
of your error message was never \def'ed. If you have
misspelled it (e.g., `\hobx'), type `I' and the correct
spelling (e.g., `I\hbox'). Otherwise just continue,
and I'll forget about whatever was undefined.

Missing character: There is no [ ("5B) in font nullfont!
Missing character: There is no d ("64) in font nullfont!
Missing character: There is no a ("61) in font nullfont!
Missing character: There is no s ("73) in font nullfont!
Missing character: There is no h ("68) in font nullfont!
Missing character: There is no e ("65) in font nullfont!
Missing character: There is no d ("64) in font nullfont!
Missing character: There is no b ("62) in font nullfont!
Missing character: There is no o ("6F) in font nullfont!
Missing character: There is no x ("78) in font nullfont!
Missing character: There is no , ("2C) in font nullfont!
Missing character: There is no f ("66) in font nullfont!
Missing character: There is no i ("69) in font nullfont!
Missing character: There is no t ("74) in font nullfont!
Missing character: There is no = ("3D) in font nullfont!
Missing character: There is no ( ("28) in font nullfont!
Missing character: There is no a ("61) in font nullfont!
Missing character: There is no r ("72) in font nullfont!
Missing character: There is no c ("63) in font nullfont!
Missing character: There is no h ("68) in font nullfont!
Missing character: There is no i ("69) in font nullfont!
Missing character: There is no v ("76) in font nullfont!
Missing character: There is no e ("65) in font nullfont!
Missing character: There is no ) ("29) in font nullfont!
Missing character: There is no ( ("28) in font nullfont!
Missing character: There is no f ("66) in font nullfont!
Missing character: There is no i ("69) in font nullfont!
Missing character: There is no l ("6C) in font nullfont!
Missing character: There is no t ("74) in font nullfont!
Missing character: There is no e ("65) in font nullfont!
Missing character: There is no r ("72) in font nullfont!
Missing character: There is no ) ("29) in font nullfont!
Missing character: There is no ( ("28) in font nullfont!
Missing character: There is no p ("70) in font nullfont!
Missing character: There is no e ("65) in font nullfont!
Missing character: There is no r ("72) in font nullfont!
Missing character: There is no f ("66) in font nullfont!
Missing character: There is no r ("72) in font nullfont!
Missing character: There is no e ("65) in font nullfont!
Missing character: There is no p ("70) in font nullfont!
Missing character: There is no o ("6F) in font nullfont!
Missing character: There is no ) ("29) in font nullfont!
Missing character: There is no , ("2C) in font nullfont!
Missing character: There is no l ("6C) in font nullfont!
Missing character: There is no a ("61) in font nullfont!
Missing character: There is no b ("62) in font nullfont!
Missing character: There is no e ("65) in font nullfont!
Missing character: There is no l ("6C) in font nullfont!
Missing character: There is no = ("3D) in font nullfont!
Missing character: There is no a ("61) in font nullfont!
Missing character: There is no b ("62) in font nullfont!
Missing character: There is no o ("6F) in font nullfont!
Missing character: There is no v ("76) in font nullfont!
Missing character: There is no e ("65) in font nullfont!
Missing character: There is no : ("3A) in font nullfont!
Missing character: There is no 结 ("7ED3) in font nullfont!
Missing character: There is no 果 ("679C) in font nullfont!
Missing character: There is no 处 ("5904) in font nullfont!
Missing character: There is no 理 ("7406) in font nullfont!
Missing character: There is no 模 ("6A21) in font nullfont!
Missing character: There is no 块 ("5757) in font nullfont!
Missing character: There is no ] ("5D) in font nullfont!
Missing character: There is no ( ("28) in font nullfont!
Missing character: There is no r ("72) in font nullfont!
Missing character: There is no e ("65) in font nullfont!
Missing character: There is no s ("73) in font nullfont!
Missing character: There is no u ("75) in font nullfont!
Missing character: There is no l ("6C) in font nullfont!
Missing character: There is no t ("74) in font nullfont!
Missing character: There is no ) ("29) in font nullfont!
Missing character: There is no ; ("3B) in font nullfont!
! Undefined control sequence.
l.219 ^^I^^I^^I\draw
                    [->] (ci) -- (archive);
The control sequence at the end of the top line
of your error message was never \def'ed. If you have
misspelled it (e.g., `\hobx'), type `I' and the correct
spelling (e.g., `I\hbox'). Otherwise just continue,
and I'll forget about whatever was undefined.

Missing character: There is no [ ("5B) in font nullfont!
Missing character: There is no - ("2D) in font nullfont!
Missing character: There is no > ("3E) in font nullfont!
Missing character: There is no ] ("5D) in font nullfont!
Missing character: There is no ( ("28) in font nullfont!
Missing character: There is no c ("63) in font nullfont!
Missing character: There is no i ("69) in font nullfont!
Missing character: There is no ) ("29) in font nullfont!
Missing character: There is no - ("2D) in font nullfont!
Missing character: There is no - ("2D) in font nullfont!
Missing character: There is no ( ("28) in font nullfont!
Missing character: There is no a ("61) in font nullfont!
Missing character: There is no r ("72) in font nullfont!
Missing character: There is no c ("63) in font nullfont!
Missing character: There is no h ("68) in font nullfont!
Missing character: There is no i ("69) in font nullfont!
Missing character: There is no v ("76) in font nullfont!
Missing character: There is no e ("65) in font nullfont!
Missing character: There is no ) ("29) in font nullfont!
Missing character: There is no ; ("3B) in font nullfont!
! Undefined control sequence.
l.220 ^^I^^I^^I\draw
                    [->] (archive) -- (filter);
The control sequence at the end of the top line
of your error message was never \def'ed. If you have
misspelled it (e.g., `\hobx'), type `I' and the correct
spelling (e.g., `I\hbox'). Otherwise just continue,
and I'll forget about whatever was undefined.

Missing character: There is no [ ("5B) in font nullfont!
Missing character: There is no - ("2D) in font nullfont!
Missing character: There is no > ("3E) in font nullfont!
Missing character: There is no ] ("5D) in font nullfont!
Missing character: There is no ( ("28) in font nullfont!
Missing character: There is no a ("61) in font nullfont!
Missing character: There is no r ("72) in font nullfont!
Missing character: There is no c ("63) in font nullfont!
Missing character: There is no h ("68) in font nullfont!
Missing character: There is no i ("69) in font nullfont!
Missing character: There is no v ("76) in font nullfont!
Missing character: There is no e ("65) in font nullfont!
Missing character: There is no ) ("29) in font nullfont!
Missing character: There is no - ("2D) in font nullfont!
Missing character: There is no - ("2D) in font nullfont!
Missing character: There is no ( ("28) in font nullfont!
Missing character: There is no f ("66) in font nullfont!
Missing character: There is no i ("69) in font nullfont!
Missing character: There is no l ("6C) in font nullfont!
Missing character: There is no t ("74) in font nullfont!
Missing character: There is no e ("65) in font nullfont!
Missing character: There is no r ("72) in font nullfont!
Missing character: There is no ) ("29) in font nullfont!
Missing character: There is no ; ("3B) in font nullfont!
! Undefined control sequence.
l.221 ^^I^^I^^I\draw
                    [->] (filter) -- (perfrepo);
The control sequence at the end of the top line
of your error message was never \def'ed. If you have
misspelled it (e.g., `\hobx'), type `I' and the correct
spelling (e.g., `I\hbox'). Otherwise just continue,
and I'll forget about whatever was undefined.

Missing character: There is no [ ("5B) in font nullfont!
Missing character: There is no - ("2D) in font nullfont!
Missing character: There is no > ("3E) in font nullfont!
Missing character: There is no ] ("5D) in font nullfont!
Missing character: There is no ( ("28) in font nullfont!
Missing character: There is no f ("66) in font nullfont!
Missing character: There is no i ("69) in font nullfont!
Missing character: There is no l ("6C) in font nullfont!
Missing character: There is no t ("74) in font nullfont!
Missing character: There is no e ("65) in font nullfont!
Missing character: There is no r ("72) in font nullfont!
Missing character: There is no ) ("29) in font nullfont!
Missing character: There is no - ("2D) in font nullfont!
Missing character: There is no - ("2D) in font nullfont!
Missing character: There is no ( ("28) in font nullfont!
Missing character: There is no p ("70) in font nullfont!
Missing character: There is no e ("65) in font nullfont!
Missing character: There is no r ("72) in font nullfont!
Missing character: There is no f ("66) in font nullfont!
Missing character: There is no r ("72) in font nullfont!
Missing character: There is no e ("65) in font nullfont!
Missing character: There is no p ("70) in font nullfont!
Missing character: There is no o ("6F) in font nullfont!
Missing character: There is no ) ("29) in font nullfont!
Missing character: There is no ; ("3B) in font nullfont!

! LaTeX Error: \begin{document} ended by \end{tikzpicture}.

See the LaTeX manual or LaTeX Companion for explanation.
Type  H <return>  for immediate help.
 ...                                              
                                                  
l.223 ^^I^^I\end{tikzpicture}
                             
Your command was ignored.
Type  I <command> <return>  to replace it with another command,
or  <return>  to continue without it.


! LaTeX Error: \caption outside float.

See the LaTeX manual or LaTeX Companion for explanation.
Type  H <return>  for immediate help.
 ...                                              
                                                  
l.225 ^^I\caption
                 {测试子系统整体结构与功能模块设计图}
You're in trouble here.  Try typing  <return>  to proceed.
If that doesn't work, type  X <return>  to quit.

Missing character: There is no 测 ("6D4B) in font nullfont!
Missing character: There is no 试 ("8BD5) in font nullfont!
Missing character: There is no 子 ("5B50) in font nullfont!
Missing character: There is no 系 ("7CFB) in font nullfont!
Missing character: There is no 统 ("7EDF) in font nullfont!
Missing character: There is no 整 ("6574) in font nullfont!
Missing character: There is no 体 ("4F53) in font nullfont!
Missing character: There is no 结 ("7ED3) in font nullfont!
Missing character: There is no 构 ("6784) in font nullfont!
Missing character: There is no 与 ("4E0E) in font nullfont!
Missing character: There is no 功 ("529F) in font nullfont!
Missing character: There is no 能 ("80FD) in font nullfont!
Missing character: There is no 模 ("6A21) in font nullfont!
Missing character: There is no 块 ("5757) in font nullfont!
Missing character: There is no 设 ("8BBE) in font nullfont!
Missing character: There is no 计 ("8BA1) in font nullfont!
Missing character: There is no 图 ("56FE) in font nullfont!

! LaTeX Error: \begin{document} ended by \end{figure}.

See the LaTeX manual or LaTeX Companion for explanation.
Type  H <return>  for immediate help.
 ...                                              
                                                  
l.227 \end{figure}
                  
Your command was ignored.
Type  I <command> <return>  to replace it with another command,
or  <return>  to continue without it.

! Undefined control sequence.
l.231 \subsection
                 {评估子系统设计}
The control sequence at the end of the top line
of your error message was never \def'ed. If you have
misspelled it (e.g., `\hobx'), type `I' and the correct
spelling (e.g., `I\hbox'). Otherwise just continue,
and I'll forget about whatever was undefined.

Missing character: There is no 评 ("8BC4) in font nullfont!
Missing character: There is no 估 ("4F30) in font nullfont!
Missing character: There is no 子 ("5B50) in font nullfont!
Missing character: There is no 系 ("7CFB) in font nullfont!
Missing character: There is no 统 ("7EDF) in font nullfont!
Missing character: There is no 设 ("8BBE) in font nullfont!
Missing character: There is no 计 ("8BA1) in font nullfont!
Missing character: There is no 评 ("8BC4) in font nullfont!
Missing character: There is no 估 ("4F30) in font nullfont!
Missing character: There is no 子 ("5B50) in font nullfont!
Missing character: There is no 系 ("7CFB) in font nullfont!
Missing character: There is no 统 ("7EDF) in font nullfont!
Missing character: There is no 的 ("7684) in font nullfont!
Missing character: There is no 任 ("4EFB) in font nullfont!
Missing character: There is no 务 ("52A1) in font nullfont!
Missing character: There is no 是 ("662F) in font nullfont!
Missing character: There is no 实 ("5B9E) in font nullfont!
Missing character: There is no 现 ("73B0) in font nullfont!
Missing character: There is no 测 ("6D4B) in font nullfont!
Missing character: There is no 试 ("8BD5) in font nullfont!
Missing character: There is no 结 ("7ED3) in font nullfont!
Missing character: There is no 果 ("679C) in font nullfont!
Missing character: There is no 的 ("7684) in font nullfont!
Missing character: There is no 高 ("9AD8) in font nullfont!
Missing character: There is no 效 ("6548) in font nullfont!
Missing character: There is no 利 ("5229) in font nullfont!
Missing character: There is no 用 ("7528) in font nullfont!
Missing character: There is no 与 ("4E0E) in font nullfont!
Missing character: There is no 直 ("76F4) in font nullfont!
Missing character: There is no 观 ("89C2) in font nullfont!
Missing character: There is no 呈 ("5448) in font nullfont!
Missing character: There is no 现 ("73B0) in font nullfont!
Missing character: There is no ， ("FF0C) in font nullfont!
Missing character: There is no 采 ("91C7) in font nullfont!
Missing character: There is no 用 ("7528) in font nullfont!
Missing character: There is no 前 ("524D) in font nullfont!
Missing character: There is no 端 ("7AEF) in font nullfont!
Missing character: There is no 、 ("3001) in font nullfont!
Missing character: There is no 后 ("540E) in font nullfont!
Missing character: There is no 端 ("7AEF) in font nullfont!
Missing character: There is no 与 ("4E0E) in font nullfont!
Missing character: There is no 数 ("6570) in font nullfont!
Missing character: There is no 据 ("636E) in font nullfont!
Missing character: There is no 库 ("5E93) in font nullfont!
Missing character: There is no 协 ("534F) in font nullfont!
Missing character: There is no 同 ("540C) in font nullfont!
Missing character: There is no 工 ("5DE5) in font nullfont!
Missing character: There is no 作 ("4F5C) in font nullfont!
Missing character: There is no 的 ("7684) in font nullfont!
Missing character: There is no 三 ("4E09) in font nullfont!
Missing character: There is no 层 ("5C42) in font nullfont!
Missing character: There is no 架 ("67B6) in font nullfont!
Missing character: There is no 构 ("6784) in font nullfont!
Missing character: There is no ， ("FF0C) in font nullfont!
Missing character: There is no 如 ("5982) in font nullfont!
Missing character: There is no 图 ("56FE) in font nullfont!
! Undefined control sequence.
<write> ... `fig:eval-subsystem' on page \thepage 
                                                  \space undefined\on@line .^^J
l.232 ...端与数据库协同工作的三层架构，如图\ref{fig:eval-subsystem}
                                                  所示，实现对CI流水线输出性能数据的统一接入、持久化...
The control sequence at the end of the top line
of your error message was never \def'ed. If you have
misspelled it (e.g., `\hobx'), type `I' and the correct
spelling (e.g., `I\hbox'). Otherwise just continue,
and I'll forget about whatever was undefined.


LaTeX Warning: Reference `fig:eval-subsystem' on page  undefined on input line 
232.

Missing character: There is no 所 ("6240) in font nullfont!
Missing character: There is no 示 ("793A) in font nullfont!
Missing character: There is no ， ("FF0C) in font nullfont!
Missing character: There is no 实 ("5B9E) in font nullfont!
Missing character: There is no 现 ("73B0) in font nullfont!
Missing character: There is no 对 ("5BF9) in font nullfont!
Missing character: There is no C ("43) in font nullfont!
Missing character: There is no I ("49) in font nullfont!
Missing character: There is no 流 ("6D41) in font nullfont!
Missing character: There is no 水 ("6C34) in font nullfont!
Missing character: There is no 线 ("7EBF) in font nullfont!
Missing character: There is no 输 ("8F93) in font nullfont!
Missing character: There is no 出 ("51FA) in font nullfont!
Missing character: There is no 性 ("6027) in font nullfont!
Missing character: There is no 能 ("80FD) in font nullfont!
Missing character: There is no 数 ("6570) in font nullfont!
Missing character: There is no 据 ("636E) in font nullfont!
Missing character: There is no 的 ("7684) in font nullfont!
Missing character: There is no 统 ("7EDF) in font nullfont!
Missing character: There is no 一 ("4E00) in font nullfont!
Missing character: There is no 接 ("63A5) in font nullfont!
Missing character: There is no 入 ("5165) in font nullfont!
Missing character: There is no 、 ("3001) in font nullfont!
Missing character: There is no 持 ("6301) in font nullfont!
Missing character: There is no 久 ("4E45) in font nullfont!
Missing character: There is no 化 ("5316) in font nullfont!
Missing character: There is no 存 ("5B58) in font nullfont!
Missing character: There is no 储 ("50A8) in font nullfont!
Missing character: There is no 与 ("4E0E) in font nullfont!
Missing character: There is no 多 ("591A) in font nullfont!
Missing character: There is no 维 ("7EF4) in font nullfont!
Missing character: There is no 度 ("5EA6) in font nullfont!
Missing character: There is no 分 ("5206) in font nullfont!
Missing character: There is no 析 ("6790) in font nullfont!
Missing character: There is no 。 ("3002) in font nullfont!
Missing character: There is no 其 ("5176) in font nullfont!
Missing character: There is no 设 ("8BBE) in font nullfont!
Missing character: There is no 计 ("8BA1) in font nullfont!
Missing character: There is no 目 ("76EE) in font nullfont!
Missing character: There is no 标 ("6807) in font nullfont!
Missing character: There is no 主 ("4E3B) in font nullfont!
Missing character: There is no 要 ("8981) in font nullfont!
Missing character: There is no 包 ("5305) in font nullfont!
Missing character: There is no 括 ("62EC) in font nullfont!
Missing character: There is no 以 ("4EE5) in font nullfont!
Missing character: There is no 下 ("4E0B) in font nullfont!
Missing character: There is no 三 ("4E09) in font nullfont!
Missing character: There is no 点 ("70B9) in font nullfont!
Missing character: There is no ： ("FF1A) in font nullfont!
Missing character: There is no 第 ("7B2C) in font nullfont!
Missing character: There is no 一 ("4E00) in font nullfont!
Missing character: There is no ， ("FF0C) in font nullfont!
Missing character: There is no 将 ("5C06) in font nullfont!
Missing character: There is no 分 ("5206) in font nullfont!
Missing character: There is no 散 ("6563) in font nullfont!
Missing character: There is no 的 ("7684) in font nullfont!
Missing character: There is no 测 ("6D4B) in font nullfont!
Missing character: There is no 试 ("8BD5) in font nullfont!
Missing character: There is no 产 ("4EA7) in font nullfont!
Missing character: There is no 出 ("51FA) in font nullfont!
Missing character: There is no 进 ("8FDB) in font nullfont!
Missing character: There is no 行 ("884C) in font nullfont!
Missing character: There is no 结 ("7ED3) in font nullfont!
Missing character: There is no 构 ("6784) in font nullfont!
Missing character: There is no 化 ("5316) in font nullfont!
Missing character: There is no 处 ("5904) in font nullfont!
Missing character: There is no 理 ("7406) in font nullfont!
Missing character: There is no ， ("FF0C) in font nullfont!
Missing character: There is no 构 ("6784) in font nullfont!
Missing character: There is no 建 ("5EFA) in font nullfont!
Missing character: There is no 可 ("53EF) in font nullfont!
Missing character: There is no 高 ("9AD8) in font nullfont!
Missing character: There is no 效 ("6548) in font nullfont!
Missing character: There is no 检 ("68C0) in font nullfont!
Missing character: There is no 索 ("7D22) in font nullfont!
Missing character: There is no 的 ("7684) in font nullfont!
Missing character: There is no 存 ("5B58) in font nullfont!
Missing character: There is no 储 ("50A8) in font nullfont!
Missing character: There is no 体 ("4F53) in font nullfont!
Missing character: There is no 系 ("7CFB) in font nullfont!
Missing character: There is no ； ("FF1B) in font nullfont!
Missing character: There is no 第 ("7B2C) in font nullfont!
Missing character: There is no 二 ("4E8C) in font nullfont!
Missing character: There is no ， ("FF0C) in font nullfont!
Missing character: There is no 提 ("63D0) in font nullfont!
Missing character: There is no 供 ("4F9B) in font nullfont!
Missing character: There is no 标 ("6807) in font nullfont!
Missing character: There is no 准 ("51C6) in font nullfont!
Missing character: There is no 化 ("5316) in font nullfont!
Missing character: There is no 、 ("3001) in font nullfont!
Missing character: There is no 稳 ("7A33) in font nullfont!
Missing character: There is no 定 ("5B9A) in font nullfont!
Missing character: There is no 可 ("53EF) in font nullfont!
Missing character: There is no 靠 ("9760) in font nullfont!
Missing character: There is no 的 ("7684) in font nullfont!
Missing character: There is no 数 ("6570) in font nullfont!
Missing character: There is no 据 ("636E) in font nullfont!
Missing character: There is no 查 ("67E5) in font nullfont!
Missing character: There is no 询 ("8BE2) in font nullfont!
Missing character: There is no 接 ("63A5) in font nullfont!
Missing character: There is no 口 ("53E3) in font nullfont!
Missing character: There is no ， ("FF0C) in font nullfont!
Missing character: There is no 支 ("652F) in font nullfont!
Missing character: There is no 持 ("6301) in font nullfont!
Missing character: There is no 跨 ("8DE8) in font nullfont!
Missing character: There is no 编 ("7F16) in font nullfont!
Missing character: There is no 译 ("8BD1) in font nullfont!
Missing character: There is no 器 ("5668) in font nullfont!
Missing character: There is no 版 ("7248) in font nullfont!
Missing character: There is no 本 ("672C) in font nullfont!
Missing character: There is no 的 ("7684) in font nullfont!
Missing character: There is no 性 ("6027) in font nullfont!
Missing character: There is no 能 ("80FD) in font nullfont!
Missing character: There is no 历 ("5386) in font nullfont!
Missing character: There is no 史 ("53F2) in font nullfont!
Missing character: There is no 对 ("5BF9) in font nullfont!
Missing character: There is no 比 ("6BD4) in font nullfont!
Missing character: There is no 与 ("4E0E) in font nullfont!
Missing character: There is no 长 ("957F) in font nullfont!
Missing character: There is no 期 ("671F) in font nullfont!
Missing character: There is no 趋 ("8D8B) in font nullfont!
Missing character: There is no 势 ("52BF) in font nullfont!
Missing character: There is no 分 ("5206) in font nullfont!
Missing character: There is no 析 ("6790) in font nullfont!
Missing character: There is no ； ("FF1B) in font nullfont!
Missing character: There is no 第 ("7B2C) in font nullfont!
Missing character: There is no 三 ("4E09) in font nullfont!
Missing character: There is no ， ("FF0C) in font nullfont!
Missing character: There is no 将 ("5C06) in font nullfont!
Missing character: There is no 分 ("5206) in font nullfont!
Missing character: There is no 析 ("6790) in font nullfont!
Missing character: There is no 结 ("7ED3) in font nullfont!
Missing character: There is no 果 ("679C) in font nullfont!
Missing character: There is no 以 ("4EE5) in font nullfont!
Missing character: There is no 交 ("4EA4) in font nullfont!
Missing character: There is no 互 ("4E92) in font nullfont!
Missing character: There is no 式 ("5F0F) in font nullfont!
Missing character: There is no 可 ("53EF) in font nullfont!
Missing character: There is no 视 ("89C6) in font nullfont!
Missing character: There is no 化 ("5316) in font nullfont!
Missing character: There is no 形 ("5F62) in font nullfont!
Missing character: There is no 式 ("5F0F) in font nullfont!
Missing character: There is no 呈 ("5448) in font nullfont!
Missing character: There is no 现 ("73B0) in font nullfont!
Missing character: There is no ， ("FF0C) in font nullfont!
Missing character: There is no 从 ("4ECE) in font nullfont!
Missing character: There is no 而 ("800C) in font nullfont!
Missing character: There is no 提 ("63D0) in font nullfont!
Missing character: There is no 升 ("5347) in font nullfont!
Missing character: There is no 性 ("6027) in font nullfont!
Missing character: There is no 能 ("80FD) in font nullfont!
Missing character: There is no 回 ("56DE) in font nullfont!
Missing character: There is no 归 ("5F52) in font nullfont!
Missing character: There is no 问 ("95EE) in font nullfont!
Missing character: There is no 题 ("9898) in font nullfont!
Missing character: There is no 的 ("7684) in font nullfont!
Missing character: There is no 定 ("5B9A) in font nullfont!
Missing character: There is no 位 ("4F4D) in font nullfont!
Missing character: There is no 精 ("7CBE) in font nullfont!
Missing character: There is no 度 ("5EA6) in font nullfont!
Missing character: There is no 与 ("4E0E) in font nullfont!
Missing character: There is no 诊 ("8BCA) in font nullfont!
Missing character: There is no 断 ("65AD) in font nullfont!
Missing character: There is no 效 ("6548) in font nullfont!
Missing character: There is no 率 ("7387) in font nullfont!
Missing character: There is no 。 ("3002) in font nullfont!
Missing character: There is no 系 ("7CFB) in font nullfont!
Missing character: There is no 统 ("7EDF) in font nullfont!
Missing character: There is no 的 ("7684) in font nullfont!
Missing character: There is no 具 ("5177) in font nullfont!
Missing character: There is no 体 ("4F53) in font nullfont!
Missing character: There is no 模 ("6A21) in font nullfont!
Missing character: There is no 块 ("5757) in font nullfont!
Missing character: There is no 与 ("4E0E) in font nullfont!
Missing character: There is no 流 ("6D41) in font nullfont!
Missing character: There is no 程 ("7A0B) in font nullfont!
Missing character: There is no 如 ("5982) in font nullfont!
Missing character: There is no 下 ("4E0B) in font nullfont!
Missing character: There is no ： ("FF1A) in font nullfont!

Overfull \hbox (20.0pt too wide) in paragraph at lines 231--233
[]
 []


Overfull \hbox (10.86pt too wide) in paragraph at lines 231--233
[] 
 []


Overfull \hbox (20.0pt too wide) in paragraph at lines 234--234
[] 
 []

Missing character: There is no 后 ("540E) in font nullfont!
Missing character: There is no 端 ("7AEF) in font nullfont!
Missing character: There is no 模 ("6A21) in font nullfont!
Missing character: There is no 块 ("5757) in font nullfont!
Missing character: There is no 负 ("8D1F) in font nullfont!
Missing character: There is no 责 ("8D23) in font nullfont!
Missing character: There is no 从 ("4ECE) in font nullfont!
Missing character: There is no P ("50) in font nullfont!
Missing character: There is no e ("65) in font nullfont!
Missing character: There is no r ("72) in font nullfont!
Missing character: There is no f ("66) in font nullfont!
Missing character: There is no 仓 ("4ED3) in font nullfont!
Missing character: There is no 库 ("5E93) in font nullfont!
Missing character: There is no 拉 ("62C9) in font nullfont!
Missing character: There is no 取 ("53D6) in font nullfont!
Missing character: There is no 性 ("6027) in font nullfont!
Missing character: There is no 能 ("80FD) in font nullfont!
Missing character: There is no 报 ("62A5) in font nullfont!
Missing character: There is no 告 ("544A) in font nullfont!
Missing character: There is no ， ("FF0C) in font nullfont!
Missing character: There is no 对 ("5BF9) in font nullfont!
Missing character: There is no 原 ("539F) in font nullfont!
Missing character: There is no 始 ("59CB) in font nullfont!
Missing character: There is no 数 ("6570) in font nullfont!
Missing character: There is no 据 ("636E) in font nullfont!
Missing character: There is no 进 ("8FDB) in font nullfont!
Missing character: There is no 行 ("884C) in font nullfont!
Missing character: There is no 结 ("7ED3) in font nullfont!
Missing character: There is no 构 ("6784) in font nullfont!
Missing character: There is no 化 ("5316) in font nullfont!
Missing character: There is no 解 ("89E3) in font nullfont!
Missing character: There is no 析 ("6790) in font nullfont!
Missing character: There is no 并 ("5E76) in font nullfont!
Missing character: There is no 将 ("5C06) in font nullfont!
Missing character: There is no 数 ("6570) in font nullfont!
Missing character: There is no 据 ("636E) in font nullfont!
Missing character: There is no 存 ("5B58) in font nullfont!
Missing character: There is no 储 ("50A8) in font nullfont!
Missing character: There is no 至 ("81F3) in font nullfont!
Missing character: There is no 数 ("6570) in font nullfont!
Missing character: There is no 据 ("636E) in font nullfont!
Missing character: There is no 库 ("5E93) in font nullfont!
Missing character: There is no ； ("FF1B) in font nullfont!
Missing character: There is no 同 ("540C) in font nullfont!
Missing character: There is no 时 ("65F6) in font nullfont!
Missing character: There is no ， ("FF0C) in font nullfont!
Missing character: There is no 后 ("540E) in font nullfont!
Missing character: There is no 端 ("7AEF) in font nullfont!
Missing character: There is no 对 ("5BF9) in font nullfont!
Missing character: There is no 外 ("5916) in font nullfont!
Missing character: There is no 提 ("63D0) in font nullfont!
Missing character: There is no 供 ("4F9B) in font nullfont!
Missing character: There is no 统 ("7EDF) in font nullfont!
Missing character: There is no 一 ("4E00) in font nullfont!
Missing character: There is no 的 ("7684) in font nullfont!
Missing character: There is no 数 ("6570) in font nullfont!
Missing character: There is no 据 ("636E) in font nullfont!
Missing character: There is no 接 ("63A5) in font nullfont!
Missing character: There is no 口 ("53E3) in font nullfont!
Missing character: There is no ， ("FF0C) in font nullfont!
Missing character: There is no 支 ("652F) in font nullfont!
Missing character: There is no 持 ("6301) in font nullfont!
Missing character: There is no 测 ("6D4B) in font nullfont!
Missing character: There is no 试 ("8BD5) in font nullfont!
Missing character: There is no 结 ("7ED3) in font nullfont!
Missing character: There is no 果 ("679C) in font nullfont!
Missing character: There is no 查 ("67E5) in font nullfont!
Missing character: There is no 询 ("8BE2) in font nullfont!
Missing character: There is no 、 ("3001) in font nullfont!
Missing character: There is no 跨 ("8DE8) in font nullfont!
Missing character: There is no 版 ("7248) in font nullfont!
Missing character: There is no 本 ("672C) in font nullfont!
Missing character: There is no 对 ("5BF9) in font nullfont!
Missing character: There is no 比 ("6BD4) in font nullfont!
Missing character: There is no 以 ("4EE5) in font nullfont!
Missing character: There is no 及 ("53CA) in font nullfont!
Missing character: There is no 性 ("6027) in font nullfont!
Missing character: There is no 能 ("80FD) in font nullfont!
Missing character: There is no 趋 ("8D8B) in font nullfont!
Missing character: There is no 势 ("52BF) in font nullfont!
Missing character: There is no 分 ("5206) in font nullfont!
Missing character: There is no 析 ("6790) in font nullfont!
Missing character: There is no 等 ("7B49) in font nullfont!
Missing character: There is no 功 ("529F) in font nullfont!
Missing character: There is no 能 ("80FD) in font nullfont!
Missing character: There is no ， ("FF0C) in font nullfont!
Missing character: There is no 为 ("4E3A) in font nullfont!
Missing character: There is no 前 ("524D) in font nullfont!
Missing character: There is no 端 ("7AEF) in font nullfont!
Missing character: There is no 的 ("7684) in font nullfont!
Missing character: There is no 可 ("53EF) in font nullfont!
Missing character: There is no 视 ("89C6) in font nullfont!
Missing character: There is no 化 ("5316) in font nullfont!
Missing character: There is no 展 ("5C55) in font nullfont!
Missing character: There is no 示 ("793A) in font nullfont!
Missing character: There is no 提 ("63D0) in font nullfont!
Missing character: There is no 供 ("4F9B) in font nullfont!
Missing character: There is no 服 ("670D) in font nullfont!
Missing character: There is no 务 ("52A1) in font nullfont!
Missing character: There is no 支 ("652F) in font nullfont!
Missing character: There is no 撑 ("6491) in font nullfont!
Missing character: There is no 。 ("3002) in font nullfont!
Missing character: There is no 数 ("6570) in font nullfont!
Missing character: There is no 据 ("636E) in font nullfont!
Missing character: There is no 库 ("5E93) in font nullfont!
Missing character: There is no 模 ("6A21) in font nullfont!
Missing character: There is no 块 ("5757) in font nullfont!
Missing character: There is no 作 ("4F5C) in font nullfont!
Missing character: There is no 为 ("4E3A) in font nullfont!
Missing character: There is no 测 ("6D4B) in font nullfont!
Missing character: There is no 试 ("8BD5) in font nullfont!
Missing character: There is no 结 ("7ED3) in font nullfont!
Missing character: There is no 果 ("679C) in font nullfont!
Missing character: There is no 的 ("7684) in font nullfont!
Missing character: There is no 持 ("6301) in font nullfont!
Missing character: There is no 久 ("4E45) in font nullfont!
Missing character: There is no 化 ("5316) in font nullfont!
Missing character: There is no 存 ("5B58) in font nullfont!
Missing character: There is no 储 ("50A8) in font nullfont!
Missing character: There is no 中 ("4E2D) in font nullfont!
Missing character: There is no 心 ("5FC3) in font nullfont!
Missing character: There is no ， ("FF0C) in font nullfont!
Missing character: There is no 统 ("7EDF) in font nullfont!
Missing character: There is no 一 ("4E00) in font nullfont!
Missing character: There is no 保 ("4FDD) in font nullfont!
Missing character: There is no 存 ("5B58) in font nullfont!
Missing character: There is no 所 ("6240) in font nullfont!
Missing character: There is no 有 ("6709) in font nullfont!
Missing character: There is no 历 ("5386) in font nullfont!
Missing character: There is no 史 ("53F2) in font nullfont!
Missing character: There is no 测 ("6D4B) in font nullfont!
Missing character: There is no 试 ("8BD5) in font nullfont!
Missing character: There is no 数 ("6570) in font nullfont!
Missing character: There is no 据 ("636E) in font nullfont!
Missing character: There is no ， ("FF0C) in font nullfont!
Missing character: There is no 支 ("652F) in font nullfont!
Missing character: There is no 持 ("6301) in font nullfont!
Missing character: There is no 按 ("6309) in font nullfont!
Missing character: There is no 照 ("7167) in font nullfont!
Missing character: There is no 芯 ("82AF) in font nullfont!
Missing character: There is no 片 ("7247) in font nullfont!
Missing character: There is no 型 ("578B) in font nullfont!
Missing character: There is no 号 ("53F7) in font nullfont!
Missing character: There is no 、 ("3001) in font nullfont!
Missing character: There is no C ("43) in font nullfont!
Missing character: There is no o ("6F) in font nullfont!
Missing character: There is no m ("6D) in font nullfont!
Missing character: There is no m ("6D) in font nullfont!
Missing character: There is no i ("69) in font nullfont!
Missing character: There is no t ("74) in font nullfont!
Missing character: There is no 号 ("53F7) in font nullfont!
Missing character: There is no 、 ("3001) in font nullfont!
Missing character: There is no 优 ("4F18) in font nullfont!
Missing character: There is no 化 ("5316) in font nullfont!
Missing character: There is no 等 ("7B49) in font nullfont!
Missing character: There is no 级 ("7EA7) in font nullfont!
Missing character: There is no 、 ("3001) in font nullfont!
Missing character: There is no 测 ("6D4B) in font nullfont!
Missing character: There is no 试 ("8BD5) in font nullfont!
Missing character: There is no 集 ("96C6) in font nullfont!
Missing character: There is no 以 ("4EE5) in font nullfont!
Missing character: There is no 及 ("53CA) in font nullfont!
Missing character: There is no 测 ("6D4B) in font nullfont!
Missing character: There is no 试 ("8BD5) in font nullfont!
Missing character: There is no 样 ("6837) in font nullfont!
Missing character: There is no 例 ("4F8B) in font nullfont!
Missing character: There is no 等 ("7B49) in font nullfont!
Missing character: There is no 多 ("591A) in font nullfont!
Missing character: There is no 维 ("7EF4) in font nullfont!
Missing character: There is no 条 ("6761) in font nullfont!
Missing character: There is no 件 ("4EF6) in font nullfont!
Missing character: There is no 进 ("8FDB) in font nullfont!
Missing character: There is no 行 ("884C) in font nullfont!
Missing character: There is no 快 ("5FEB) in font nullfont!
Missing character: There is no 速 ("901F) in font nullfont!
Missing character: There is no 检 ("68C0) in font nullfont!
Missing character: There is no 索 ("7D22) in font nullfont!
Missing character: There is no 。 ("3002) in font nullfont!
Missing character: There is no 这 ("8FD9) in font nullfont!
Missing character: There is no 一 ("4E00) in font nullfont!
Missing character: There is no 设 ("8BBE) in font nullfont!
Missing character: There is no 计 ("8BA1) in font nullfont!
Missing character: There is no 为 ("4E3A) in font nullfont!
Missing character: There is no 性 ("6027) in font nullfont!
Missing character: There is no 能 ("80FD) in font nullfont!
Missing character: There is no 回 ("56DE) in font nullfont!
Missing character: There is no 归 ("5F52) in font nullfont!
Missing character: There is no 分 ("5206) in font nullfont!
Missing character: There is no 析 ("6790) in font nullfont!
Missing character: There is no 、 ("3001) in font nullfont!
Missing character: There is no 版 ("7248) in font nullfont!
Missing character: There is no 本 ("672C) in font nullfont!
Missing character: There is no 对 ("5BF9) in font nullfont!
Missing character: There is no 比 ("6BD4) in font nullfont!
Missing character: There is no 以 ("4EE5) in font nullfont!
Missing character: There is no 及 ("53CA) in font nullfont!
Missing character: There is no 长 ("957F) in font nullfont!
Missing character: There is no 期 ("671F) in font nullfont!
Missing character: There is no 趋 ("8D8B) in font nullfont!
Missing character: There is no 势 ("52BF) in font nullfont!
Missing character: There is no 观 ("89C2) in font nullfont!
Missing character: There is no 察 ("5BDF) in font nullfont!
Missing character: There is no 提 ("63D0) in font nullfont!
Missing character: There is no 供 ("4F9B) in font nullfont!
Missing character: There is no 了 ("4E86) in font nullfont!
Missing character: There is no 坚 ("575A) in font nullfont!
Missing character: There is no 实 ("5B9E) in font nullfont!
Missing character: There is no 的 ("7684) in font nullfont!
Missing character: There is no 数 ("6570) in font nullfont!
Missing character: There is no 据 ("636E) in font nullfont!
Missing character: There is no 基 ("57FA) in font nullfont!
Missing character: There is no 础 ("7840) in font nullfont!
Missing character: There is no 。 ("3002) in font nullfont!
Missing character: There is no 前 ("524D) in font nullfont!
Missing character: There is no 端 ("7AEF) in font nullfont!
Missing character: There is no 模 ("6A21) in font nullfont!
Missing character: There is no 块 ("5757) in font nullfont!
Missing character: There is no 则 ("5219) in font nullfont!
Missing character: There is no 为 ("4E3A) in font nullfont!
Missing character: There is no 用 ("7528) in font nullfont!
Missing character: There is no 户 ("6237) in font nullfont!
Missing character: There is no 提 ("63D0) in font nullfont!
Missing character: There is no 供 ("4F9B) in font nullfont!
Missing character: There is no 直 ("76F4) in font nullfont!
Missing character: There is no 观 ("89C2) in font nullfont!
Missing character: There is no 、 ("3001) in font nullfont!
Missing character: There is no 交 ("4EA4) in font nullfont!
Missing character: There is no 互 ("4E92) in font nullfont!
Missing character: There is no 友 ("53CB) in font nullfont!
Missing character: There is no 好 ("597D) in font nullfont!
Missing character: There is no 的 ("7684) in font nullfont!
Missing character: There is no 可 ("53EF) in font nullfont!
Missing character: There is no 视 ("89C6) in font nullfont!
Missing character: There is no 化 ("5316) in font nullfont!
Missing character: There is no 界 ("754C) in font nullfont!
Missing character: There is no 面 ("9762) in font nullfont!
Missing character: There is no 。 ("3002) in font nullfont!
Missing character: There is no 用 ("7528) in font nullfont!
Missing character: There is no 户 ("6237) in font nullfont!
Missing character: There is no 可 ("53EF) in font nullfont!
Missing character: There is no 以 ("4EE5) in font nullfont!
Missing character: There is no 通 ("901A) in font nullfont!
Missing character: There is no 过 ("8FC7) in font nullfont!
Missing character: There is no 前 ("524D) in font nullfont!
Missing character: There is no 端 ("7AEF) in font nullfont!
Missing character: There is no 查 ("67E5) in font nullfont!
Missing character: There is no 看 ("770B) in font nullfont!
Missing character: There is no 单 ("5355) in font nullfont!
Missing character: There is no 个 ("4E2A) in font nullfont!
Missing character: There is no 提 ("63D0) in font nullfont!
Missing character: There is no 交 ("4EA4) in font nullfont!
Missing character: There is no 版 ("7248) in font nullfont!
Missing character: There is no 本 ("672C) in font nullfont!
Missing character: There is no 的 ("7684) in font nullfont!
Missing character: There is no 测 ("6D4B) in font nullfont!
Missing character: There is no 试 ("8BD5) in font nullfont!
Missing character: There is no 结 ("7ED3) in font nullfont!
Missing character: There is no 果 ("679C) in font nullfont!
Missing character: There is no ， ("FF0C) in font nullfont!
Missing character: There is no 对 ("5BF9) in font nullfont!
Missing character: There is no 比 ("6BD4) in font nullfont!
Missing character: There is no 不 ("4E0D) in font nullfont!
Missing character: There is no 同 ("540C) in font nullfont!
Missing character: There is no 提 ("63D0) in font nullfont!
Missing character: There is no 交 ("4EA4) in font nullfont!
Missing character: There is no 之 ("4E4B) in font nullfont!
Missing character: There is no 间 ("95F4) in font nullfont!
Missing character: There is no 的 ("7684) in font nullfont!
Missing character: There is no 性 ("6027) in font nullfont!
Missing character: There is no 能 ("80FD) in font nullfont!
Missing character: There is no 差 ("5DEE) in font nullfont!
Missing character: There is no 异 ("5F02) in font nullfont!
Missing character: There is no ， ("FF0C) in font nullfont!
Missing character: There is no 或 ("6216) in font nullfont!
Missing character: There is no 以 ("4EE5) in font nullfont!
Missing character: There is no 时 ("65F6) in font nullfont!
Missing character: There is no 间 ("95F4) in font nullfont!
Missing character: There is no 序 ("5E8F) in font nullfont!
Missing character: There is no 列 ("5217) in font nullfont!
Missing character: There is no 方 ("65B9) in font nullfont!
Missing character: There is no 式 ("5F0F) in font nullfont!
Missing character: There is no 观 ("89C2) in font nullfont!
Missing character: There is no 察 ("5BDF) in font nullfont!
Missing character: There is no 性 ("6027) in font nullfont!
Missing character: There is no 能 ("80FD) in font nullfont!
Missing character: There is no 变 ("53D8) in font nullfont!
Missing character: There is no 化 ("5316) in font nullfont!
Missing character: There is no 趋 ("8D8B) in font nullfont!
Missing character: There is no 势 ("52BF) in font nullfont!
Missing character: There is no 等 ("7B49) in font nullfont!
Missing character: There is no 。 ("3002) in font nullfont!
Missing character: There is no 同 ("540C) in font nullfont!
Missing character: There is no 时 ("65F6) in font nullfont!
Missing character: There is no ， ("FF0C) in font nullfont!
Missing character: There is no 前 ("524D) in font nullfont!
Missing character: There is no 端 ("7AEF) in font nullfont!
Missing character: There is no 支 ("652F) in font nullfont!
Missing character: There is no 持 ("6301) in font nullfont!
Missing character: There is no 灵 ("7075) in font nullfont!
Missing character: There is no 活 ("6D3B) in font nullfont!
Missing character: There is no 的 ("7684) in font nullfont!
Missing character: There is no 数 ("6570) in font nullfont!
Missing character: There is no 据 ("636E) in font nullfont!
Missing character: There is no 筛 ("7B5B) in font nullfont!
Missing character: There is no 选 ("9009) in font nullfont!
Missing character: There is no 操 ("64CD) in font nullfont!
Missing character: There is no 作 ("4F5C) in font nullfont!
Missing character: There is no ， ("FF0C) in font nullfont!
Missing character: There is no 例 ("4F8B) in font nullfont!
Missing character: There is no 如 ("5982) in font nullfont!
Missing character: There is no 仅 ("4EC5) in font nullfont!
Missing character: There is no 查 ("67E5) in font nullfont!
Missing character: There is no 看 ("770B) in font nullfont!
Missing character: There is no 片 ("7247) in font nullfont!
Missing character: There is no 上 ("4E0A) in font nullfont!
Missing character: There is no 测 ("6D4B) in font nullfont!
Missing character: There is no 试 ("8BD5) in font nullfont!
Missing character: There is no 的 ("7684) in font nullfont!
Missing character: There is no 性 ("6027) in font nullfont!
Missing character: There is no 能 ("80FD) in font nullfont!
Missing character: There is no 指 ("6307) in font nullfont!
Missing character: There is no 标 ("6807) in font nullfont!
Missing character: There is no ， ("FF0C) in font nullfont!
Missing character: There is no 相 ("76F8) in font nullfont!
Missing character: There is no 关 ("5173) in font nullfont!
Missing character: There is no 请 ("8BF7) in font nullfont!
Missing character: There is no 求 ("6C42) in font nullfont!
Missing character: There is no 由 ("7531) in font nullfont!
Missing character: There is no 后 ("540E) in font nullfont!
Missing character: There is no 端 ("7AEF) in font nullfont!
Missing character: There is no 实 ("5B9E) in font nullfont!
Missing character: There is no 时 ("65F6) in font nullfont!
Missing character: There is no 处 ("5904) in font nullfont!
Missing character: There is no 理 ("7406) in font nullfont!
Missing character: There is no 并 ("5E76) in font nullfont!
Missing character: There is no 从 ("4ECE) in font nullfont!
Missing character: There is no 数 ("6570) in font nullfont!
Missing character: There is no 据 ("636E) in font nullfont!
Missing character: There is no 库 ("5E93) in font nullfont!
Missing character: There is no 中 ("4E2D) in font nullfont!
Missing character: There is no 返 ("8FD4) in font nullfont!
Missing character: There is no 回 ("56DE) in font nullfont!
Missing character: There is no 结 ("7ED3) in font nullfont!
Missing character: There is no 果 ("679C) in font nullfont!
Missing character: There is no 进 ("8FDB) in font nullfont!
Missing character: There is no 行 ("884C) in font nullfont!
Missing character: There is no 展 ("5C55) in font nullfont!
Missing character: There is no 示 ("793A) in font nullfont!
Missing character: There is no 。 ("3002) in font nullfont!

! LaTeX Error: Environment figure undefined.

See the LaTeX manual or LaTeX Companion for explanation.
Type  H <return>  for immediate help.
 ...                                              
                                                  
l.246 \begin{figure}
                    [htbp]
Your command was ignored.
Type  I <command> <return>  to replace it with another command,
or  <return>  to continue without it.

Missing character: There is no [ ("5B) in font nullfont!
Missing character: There is no h ("68) in font nullfont!
Missing character: There is no t ("74) in font nullfont!
Missing character: There is no b ("62) in font nullfont!
Missing character: There is no p ("70) in font nullfont!
Missing character: There is no ] ("5D) in font nullfont!
! Undefined control sequence.
l.248 ^^I\resizebox
                   {0.7\linewidth}{!}{
The control sequence at the end of the top line
of your error message was never \def'ed. If you have
misspelled it (e.g., `\hobx'), type `I' and the correct
spelling (e.g., `I\hbox'). Otherwise just continue,
and I'll forget about whatever was undefined.

Missing character: There is no 0 ("30) in font nullfont!
Missing character: There is no . ("2E) in font nullfont!
Missing character: There is no 7 ("37) in font nullfont!
! Missing number, treated as zero.
<to be read again> 
                   }
l.248 ^^I\resizebox{0.7\linewidth}
                                  {!}{
A number should have been here; I inserted `0'.
(If you can't figure out why I needed to see a number,
look up `weird error' in the index to The TeXbook.)

! Illegal unit of measure (pt inserted).
<to be read again> 
                   }
l.248 ^^I\resizebox{0.7\linewidth}
                                  {!}{
Dimensions can be in units of em, ex, in, pt, pc,
cm, mm, dd, cc, bp, or sp; but yours is a new one!
I'll assume that you meant to say pt, for printer's points.
To recover gracefully from this error, it's best to
delete the erroneous units; e.g., type `2' to delete
two letters. (See Chapter 27 of The TeXbook.)

Missing character: There is no ! ("21) in font nullfont!

! LaTeX Error: Environment tikzpicture undefined.

See the LaTeX manual or LaTeX Companion for explanation.
Type  H <return>  for immediate help.
 ...                                              
                                                  
l.249 ^^I^^I\begin{tikzpicture}
                               [
Your command was ignored.
Type  I <command> <return>  to replace it with another command,
or  <return>  to continue without it.

Missing character: There is no [ ("5B) in font nullfont!
Missing character: There is no b ("62) in font nullfont!
Missing character: There is no o ("6F) in font nullfont!
Missing character: There is no x ("78) in font nullfont!
Missing character: There is no / ("2F) in font nullfont!
Missing character: There is no . ("2E) in font nullfont!
Missing character: There is no s ("73) in font nullfont!
Missing character: There is no t ("74) in font nullfont!
Missing character: There is no y ("79) in font nullfont!
Missing character: There is no l ("6C) in font nullfont!
Missing character: There is no e ("65) in font nullfont!
Missing character: There is no = ("3D) in font nullfont!
Missing character: There is no d ("64) in font nullfont!
Missing character: There is no r ("72) in font nullfont!
Missing character: There is no a ("61) in font nullfont!
Missing character: There is no w ("77) in font nullfont!
Missing character: There is no , ("2C) in font nullfont!
Missing character: There is no r ("72) in font nullfont!
Missing character: There is no e ("65) in font nullfont!
Missing character: There is no c ("63) in font nullfont!
Missing character: There is no t ("74) in font nullfont!
Missing character: There is no a ("61) in font nullfont!
Missing character: There is no n ("6E) in font nullfont!
Missing character: There is no g ("67) in font nullfont!
Missing character: There is no l ("6C) in font nullfont!
Missing character: There is no e ("65) in font nullfont!
Missing character: There is no , ("2C) in font nullfont!
Missing character: There is no r ("72) in font nullfont!
Missing character: There is no o ("6F) in font nullfont!
Missing character: There is no u ("75) in font nullfont!
Missing character: There is no n ("6E) in font nullfont!
Missing character: There is no d ("64) in font nullfont!
Missing character: There is no e ("65) in font nullfont!
Missing character: There is no d ("64) in font nullfont!
Missing character: There is no c ("63) in font nullfont!
Missing character: There is no o ("6F) in font nullfont!
Missing character: There is no r ("72) in font nullfont!
Missing character: There is no n ("6E) in font nullfont!
Missing character: There is no e ("65) in font nullfont!
Missing character: There is no r ("72) in font nullfont!
Missing character: There is no s ("73) in font nullfont!
Missing character: There is no , ("2C) in font nullfont!
Missing character: There is no a ("61) in font nullfont!
Missing character: There is no l ("6C) in font nullfont!
Missing character: There is no i ("69) in font nullfont!
Missing character: There is no g ("67) in font nullfont!
Missing character: There is no n ("6E) in font nullfont!
Missing character: There is no = ("3D) in font nullfont!
Missing character: There is no c ("63) in font nullfont!
Missing character: There is no e ("65) in font nullfont!
Missing character: There is no n ("6E) in font nullfont!
Missing character: There is no t ("74) in font nullfont!
Missing character: There is no e ("65) in font nullfont!
Missing character: There is no r ("72) in font nullfont!
Missing character: There is no , ("2C) in font nullfont!
Missing character: There is no m ("6D) in font nullfont!
Missing character: There is no i ("69) in font nullfont!
Missing character: There is no n ("6E) in font nullfont!
Missing character: There is no i ("69) in font nullfont!
Missing character: There is no m ("6D) in font nullfont!
Missing character: There is no u ("75) in font nullfont!
Missing character: There is no m ("6D) in font nullfont!
Missing character: There is no w ("77) in font nullfont!
Missing character: There is no i ("69) in font nullfont!
Missing character: There is no d ("64) in font nullfont!
Missing character: There is no t ("74) in font nullfont!
Missing character: There is no h ("68) in font nullfont!
Missing character: There is no = ("3D) in font nullfont!
Missing character: There is no 5 ("35) in font nullfont!
Missing character: There is no . ("2E) in font nullfont!
Missing character: There is no 4 ("34) in font nullfont!
Missing character: There is no c ("63) in font nullfont!
Missing character: There is no m ("6D) in font nullfont!
Missing character: There is no , ("2C) in font nullfont!
Missing character: There is no m ("6D) in font nullfont!
Missing character: There is no i ("69) in font nullfont!
Missing character: There is no n ("6E) in font nullfont!
Missing character: There is no i ("69) in font nullfont!
Missing character: There is no m ("6D) in font nullfont!
Missing character: There is no u ("75) in font nullfont!
Missing character: There is no m ("6D) in font nullfont!
Missing character: There is no h ("68) in font nullfont!
Missing character: There is no e ("65) in font nullfont!
Missing character: There is no i ("69) in font nullfont!
Missing character: There is no g ("67) in font nullfont!
Missing character: There is no h ("68) in font nullfont!
Missing character: There is no t ("74) in font nullfont!
Missing character: There is no = ("3D) in font nullfont!
Missing character: There is no 1 ("31) in font nullfont!
Missing character: There is no . ("2E) in font nullfont!
Missing character: There is no 1 ("31) in font nullfont!
Missing character: There is no c ("63) in font nullfont!
Missing character: There is no m ("6D) in font nullfont!
Missing character: There is no , ("2C) in font nullfont!
Missing character: There is no d ("64) in font nullfont!
Missing character: There is no a ("61) in font nullfont!
Missing character: There is no s ("73) in font nullfont!
Missing character: There is no h ("68) in font nullfont!
Missing character: There is no e ("65) in font nullfont!
Missing character: There is no d ("64) in font nullfont!
Missing character: There is no b ("62) in font nullfont!
Missing character: There is no o ("6F) in font nullfont!
Missing character: There is no x ("78) in font nullfont!
Missing character: There is no / ("2F) in font nullfont!
Missing character: There is no . ("2E) in font nullfont!
Missing character: There is no s ("73) in font nullfont!
Missing character: There is no t ("74) in font nullfont!
Missing character: There is no y ("79) in font nullfont!
Missing character: There is no l ("6C) in font nullfont!
Missing character: There is no e ("65) in font nullfont!
Missing character: There is no = ("3D) in font nullfont!
Missing character: There is no d ("64) in font nullfont!
Missing character: There is no r ("72) in font nullfont!
Missing character: There is no a ("61) in font nullfont!
Missing character: There is no w ("77) in font nullfont!
Missing character: There is no , ("2C) in font nullfont!
Missing character: There is no r ("72) in font nullfont!
Missing character: There is no e ("65) in font nullfont!
Missing character: There is no c ("63) in font nullfont!
Missing character: There is no t ("74) in font nullfont!
Missing character: There is no a ("61) in font nullfont!
Missing character: There is no n ("6E) in font nullfont!
Missing character: There is no g ("67) in font nullfont!
Missing character: There is no l ("6C) in font nullfont!
Missing character: There is no e ("65) in font nullfont!
Missing character: There is no , ("2C) in font nullfont!
Missing character: There is no d ("64) in font nullfont!
Missing character: There is no a ("61) in font nullfont!
Missing character: There is no s ("73) in font nullfont!
Missing character: There is no h ("68) in font nullfont!
Missing character: There is no e ("65) in font nullfont!
Missing character: There is no d ("64) in font nullfont!
Missing character: There is no , ("2C) in font nullfont!
Missing character: There is no r ("72) in font nullfont!
Missing character: There is no o ("6F) in font nullfont!
Missing character: There is no u ("75) in font nullfont!
Missing character: There is no n ("6E) in font nullfont!
Missing character: There is no d ("64) in font nullfont!
Missing character: There is no e ("65) in font nullfont!
Missing character: There is no d ("64) in font nullfont!
Missing character: There is no c ("63) in font nullfont!
Missing character: There is no o ("6F) in font nullfont!
Missing character: There is no r ("72) in font nullfont!
Missing character: There is no n ("6E) in font nullfont!
Missing character: There is no e ("65) in font nullfont!
Missing character: There is no r ("72) in font nullfont!
Missing character: There is no s ("73) in font nullfont!
Missing character: There is no , ("2C) in font nullfont!
Missing character: There is no i ("69) in font nullfont!
Missing character: There is no n ("6E) in font nullfont!
Missing character: There is no n ("6E) in font nullfont!
Missing character: There is no e ("65) in font nullfont!
Missing character: There is no r ("72) in font nullfont!
Missing character: There is no s ("73) in font nullfont!
Missing character: There is no e ("65) in font nullfont!
Missing character: There is no p ("70) in font nullfont!
Missing character: There is no = ("3D) in font nullfont!
Missing character: There is no 0 ("30) in font nullfont!
Missing character: There is no . ("2E) in font nullfont!
Missing character: There is no 6 ("36) in font nullfont!
Missing character: There is no c ("63) in font nullfont!
Missing character: There is no m ("6D) in font nullfont!
Missing character: There is no , ("2C) in font nullfont!
Missing character: There is no a ("61) in font nullfont!
Missing character: There is no r ("72) in font nullfont!
Missing character: There is no r ("72) in font nullfont!
Missing character: There is no / ("2F) in font nullfont!
Missing character: There is no . ("2E) in font nullfont!
Missing character: There is no s ("73) in font nullfont!
Missing character: There is no t ("74) in font nullfont!
Missing character: There is no y ("79) in font nullfont!
Missing character: There is no l ("6C) in font nullfont!
Missing character: There is no e ("65) in font nullfont!
Missing character: There is no = ("3D) in font nullfont!
Missing character: There is no - ("2D) in font nullfont!
Missing character: There is no > ("3E) in font nullfont!
Missing character: There is no , ("2C) in font nullfont!
Missing character: There is no l ("6C) in font nullfont!
Missing character: There is no i ("69) in font nullfont!
Missing character: There is no n ("6E) in font nullfont!
Missing character: There is no e ("65) in font nullfont!
Missing character: There is no w ("77) in font nullfont!
Missing character: There is no i ("69) in font nullfont!
Missing character: There is no d ("64) in font nullfont!
Missing character: There is no t ("74) in font nullfont!
Missing character: There is no h ("68) in font nullfont!
Missing character: There is no = ("3D) in font nullfont!
Missing character: There is no 0 ("30) in font nullfont!
Missing character: There is no . ("2E) in font nullfont!
Missing character: There is no 4 ("34) in font nullfont!
Missing character: There is no p ("70) in font nullfont!
Missing character: There is no t ("74) in font nullfont!
Missing character: There is no ] ("5D) in font nullfont!

Overfull \hbox (20.0pt too wide) in paragraph at lines 246--260
 [] 
 []

! Undefined control sequence.
l.262 ^^I^^I^^I\node
                    [box] (perfrepo) {Perf 仓库\\（性能报告与评估结果）};
The control sequence at the end of the top line
of your error message was never \def'ed. If you have
misspelled it (e.g., `\hobx'), type `I' and the correct
spelling (e.g., `I\hbox'). Otherwise just continue,
and I'll forget about whatever was undefined.

Missing character: There is no [ ("5B) in font nullfont!
Missing character: There is no b ("62) in font nullfont!
Missing character: There is no o ("6F) in font nullfont!
Missing character: There is no x ("78) in font nullfont!
Missing character: There is no ] ("5D) in font nullfont!
Missing character: There is no ( ("28) in font nullfont!
Missing character: There is no p ("70) in font nullfont!
Missing character: There is no e ("65) in font nullfont!
Missing character: There is no r ("72) in font nullfont!
Missing character: There is no f ("66) in font nullfont!
Missing character: There is no r ("72) in font nullfont!
Missing character: There is no e ("65) in font nullfont!
Missing character: There is no p ("70) in font nullfont!
Missing character: There is no o ("6F) in font nullfont!
Missing character: There is no ) ("29) in font nullfont!
Missing character: There is no P ("50) in font nullfont!
Missing character: There is no e ("65) in font nullfont!
Missing character: There is no r ("72) in font nullfont!
Missing character: There is no f ("66) in font nullfont!
Missing character: There is no 仓 ("4ED3) in font nullfont!
Missing character: There is no 库 ("5E93) in font nullfont!
Missing character: There is no （ ("FF08) in font nullfont!
Missing character: There is no 性 ("6027) in font nullfont!
Missing character: There is no 能 ("80FD) in font nullfont!
Missing character: There is no 报 ("62A5) in font nullfont!
Missing character: There is no 告 ("544A) in font nullfont!
Missing character: There is no 与 ("4E0E) in font nullfont!
Missing character: There is no 评 ("8BC4) in font nullfont!
Missing character: There is no 估 ("4F30) in font nullfont!
Missing character: There is no 结 ("7ED3) in font nullfont!
Missing character: There is no 果 ("679C) in font nullfont!
Missing character: There is no ） ("FF09) in font nullfont!
Missing character: There is no ; ("3B) in font nullfont!
! Undefined control sequence.
l.263 ^^I^^I^^I\node
                    [dashedbox, fit=(perfrepo), label=above:{数据入口}] {};
The control sequence at the end of the top line
of your error message was never \def'ed. If you have
misspelled it (e.g., `\hobx'), type `I' and the correct
spelling (e.g., `I\hbox'). Otherwise just continue,
and I'll forget about whatever was undefined.

Missing character: There is no [ ("5B) in font nullfont!
Missing character: There is no d ("64) in font nullfont!
Missing character: There is no a ("61) in font nullfont!
Missing character: There is no s ("73) in font nullfont!
Missing character: There is no h ("68) in font nullfont!
Missing character: There is no e ("65) in font nullfont!
Missing character: There is no d ("64) in font nullfont!
Missing character: There is no b ("62) in font nullfont!
Missing character: There is no o ("6F) in font nullfont!
Missing character: There is no x ("78) in font nullfont!
Missing character: There is no , ("2C) in font nullfont!
Missing character: There is no f ("66) in font nullfont!
Missing character: There is no i ("69) in font nullfont!
Missing character: There is no t ("74) in font nullfont!
Missing character: There is no = ("3D) in font nullfont!
Missing character: There is no ( ("28) in font nullfont!
Missing character: There is no p ("70) in font nullfont!
Missing character: There is no e ("65) in font nullfont!
Missing character: There is no r ("72) in font nullfont!
Missing character: There is no f ("66) in font nullfont!
Missing character: There is no r ("72) in font nullfont!
Missing character: There is no e ("65) in font nullfont!
Missing character: There is no p ("70) in font nullfont!
Missing character: There is no o ("6F) in font nullfont!
Missing character: There is no ) ("29) in font nullfont!
Missing character: There is no , ("2C) in font nullfont!
Missing character: There is no l ("6C) in font nullfont!
Missing character: There is no a ("61) in font nullfont!
Missing character: There is no b ("62) in font nullfont!
Missing character: There is no e ("65) in font nullfont!
Missing character: There is no l ("6C) in font nullfont!
Missing character: There is no = ("3D) in font nullfont!
Missing character: There is no a ("61) in font nullfont!
Missing character: There is no b ("62) in font nullfont!
Missing character: There is no o ("6F) in font nullfont!
Missing character: There is no v ("76) in font nullfont!
Missing character: There is no e ("65) in font nullfont!
Missing character: There is no : ("3A) in font nullfont!
Missing character: There is no 数 ("6570) in font nullfont!
Missing character: There is no 据 ("636E) in font nullfont!
Missing character: There is no 入 ("5165) in font nullfont!
Missing character: There is no 口 ("53E3) in font nullfont!
Missing character: There is no ] ("5D) in font nullfont!
Missing character: There is no ; ("3B) in font nullfont!
! Undefined control sequence.
l.266 ^^I^^I^^I\node
                    [box, right=2.0cm of perfrepo] (backend) {
The control sequence at the end of the top line
of your error message was never \def'ed. If you have
misspelled it (e.g., `\hobx'), type `I' and the correct
spelling (e.g., `I\hbox'). Otherwise just continue,
and I'll forget about whatever was undefined.

Missing character: There is no [ ("5B) in font nullfont!
Missing character: There is no b ("62) in font nullfont!
Missing character: There is no o ("6F) in font nullfont!
Missing character: There is no x ("78) in font nullfont!
Missing character: There is no , ("2C) in font nullfont!
Missing character: There is no r ("72) in font nullfont!
Missing character: There is no i ("69) in font nullfont!
Missing character: There is no g ("67) in font nullfont!
Missing character: There is no h ("68) in font nullfont!
Missing character: There is no t ("74) in font nullfont!
Missing character: There is no = ("3D) in font nullfont!
Missing character: There is no 2 ("32) in font nullfont!
Missing character: There is no . ("2E) in font nullfont!
Missing character: There is no 0 ("30) in font nullfont!
Missing character: There is no c ("63) in font nullfont!
Missing character: There is no m ("6D) in font nullfont!
Missing character: There is no o ("6F) in font nullfont!
Missing character: There is no f ("66) in font nullfont!
Missing character: There is no p ("70) in font nullfont!
Missing character: There is no e ("65) in font nullfont!
Missing character: There is no r ("72) in font nullfont!
Missing character: There is no f ("66) in font nullfont!
Missing character: There is no r ("72) in font nullfont!
Missing character: There is no e ("65) in font nullfont!
Missing character: There is no p ("70) in font nullfont!
Missing character: There is no o ("6F) in font nullfont!
Missing character: There is no ] ("5D) in font nullfont!
Missing character: There is no ( ("28) in font nullfont!
Missing character: There is no b ("62) in font nullfont!
Missing character: There is no a ("61) in font nullfont!
Missing character: There is no c ("63) in font nullfont!
Missing character: There is no k ("6B) in font nullfont!
Missing character: There is no e ("65) in font nullfont!
Missing character: There is no n ("6E) in font nullfont!
Missing character: There is no d ("64) in font nullfont!
Missing character: There is no ) ("29) in font nullfont!
Missing character: There is no 后 ("540E) in font nullfont!
Missing character: There is no 端 ("7AEF) in font nullfont!
Missing character: There is no 模 ("6A21) in font nullfont!
Missing character: There is no 块 ("5757) in font nullfont!
Missing character: There is no 数 ("6570) in font nullfont!
Missing character: There is no 据 ("636E) in font nullfont!
Missing character: There is no 拉 ("62C9) in font nullfont!
Missing character: There is no 取 ("53D6) in font nullfont!
Missing character: There is no 与 ("4E0E) in font nullfont!
Missing character: There is no 结 ("7ED3) in font nullfont!
Missing character: There is no 构 ("6784) in font nullfont!
Missing character: There is no 化 ("5316) in font nullfont!
Missing character: There is no 解 ("89E3) in font nullfont!
Missing character: There is no 析 ("6790) in font nullfont!
Missing character: There is no 统 ("7EDF) in font nullfont!
Missing character: There is no 一 ("4E00) in font nullfont!
Missing character: There is no 数 ("6570) in font nullfont!
Missing character: There is no 据 ("636E) in font nullfont!
Missing character: There is no 服 ("670D) in font nullfont!
Missing character: There is no 务 ("52A1) in font nullfont!
Missing character: There is no 接 ("63A5) in font nullfont!
Missing character: There is no 口 ("53E3) in font nullfont!
Missing character: There is no ; ("3B) in font nullfont!
! Undefined control sequence.
l.272 ^^I^^I^^I\node
                    [dashedbox, fit=(backend),
The control sequence at the end of the top line
of your error message was never \def'ed. If you have
misspelled it (e.g., `\hobx'), type `I' and the correct
spelling (e.g., `I\hbox'). Otherwise just continue,
and I'll forget about whatever was undefined.

Missing character: There is no [ ("5B) in font nullfont!
Missing character: There is no d ("64) in font nullfont!
Missing character: There is no a ("61) in font nullfont!
Missing character: There is no s ("73) in font nullfont!
Missing character: There is no h ("68) in font nullfont!
Missing character: There is no e ("65) in font nullfont!
Missing character: There is no d ("64) in font nullfont!
Missing character: There is no b ("62) in font nullfont!
Missing character: There is no o ("6F) in font nullfont!
Missing character: There is no x ("78) in font nullfont!
Missing character: There is no , ("2C) in font nullfont!
Missing character: There is no f ("66) in font nullfont!
Missing character: There is no i ("69) in font nullfont!
Missing character: There is no t ("74) in font nullfont!
Missing character: There is no = ("3D) in font nullfont!
Missing character: There is no ( ("28) in font nullfont!
Missing character: There is no b ("62) in font nullfont!
Missing character: There is no a ("61) in font nullfont!
Missing character: There is no c ("63) in font nullfont!
Missing character: There is no k ("6B) in font nullfont!
Missing character: There is no e ("65) in font nullfont!
Missing character: There is no n ("6E) in font nullfont!
Missing character: There is no d ("64) in font nullfont!
Missing character: There is no ) ("29) in font nullfont!
Missing character: There is no , ("2C) in font nullfont!
Missing character: There is no l ("6C) in font nullfont!
Missing character: There is no a ("61) in font nullfont!
Missing character: There is no b ("62) in font nullfont!
Missing character: There is no e ("65) in font nullfont!
Missing character: There is no l ("6C) in font nullfont!
Missing character: There is no = ("3D) in font nullfont!
Missing character: There is no a ("61) in font nullfont!
Missing character: There is no b ("62) in font nullfont!
Missing character: There is no o ("6F) in font nullfont!
Missing character: There is no v ("76) in font nullfont!
Missing character: There is no e ("65) in font nullfont!
Missing character: There is no : ("3A) in font nullfont!
Missing character: There is no 服 ("670D) in font nullfont!
Missing character: There is no 务 ("52A1) in font nullfont!
Missing character: There is no 层 ("5C42) in font nullfont!
Missing character: There is no （ ("FF08) in font nullfont!
Missing character: There is no B ("42) in font nullfont!
Missing character: There is no a ("61) in font nullfont!
Missing character: There is no c ("63) in font nullfont!
Missing character: There is no k ("6B) in font nullfont!
Missing character: There is no - ("2D) in font nullfont!
Missing character: There is no E ("45) in font nullfont!
Missing character: There is no n ("6E) in font nullfont!
Missing character: There is no d ("64) in font nullfont!
Missing character: There is no ） ("FF09) in font nullfont!
Missing character: There is no ] ("5D) in font nullfont!
Missing character: There is no ; ("3B) in font nullfont!
! Undefined control sequence.
l.276 ^^I^^I^^I\node
                    [box, above=2.2cm of backend] (frontend) {
The control sequence at the end of the top line
of your error message was never \def'ed. If you have
misspelled it (e.g., `\hobx'), type `I' and the correct
spelling (e.g., `I\hbox'). Otherwise just continue,
and I'll forget about whatever was undefined.

Missing character: There is no [ ("5B) in font nullfont!
Missing character: There is no b ("62) in font nullfont!
Missing character: There is no o ("6F) in font nullfont!
Missing character: There is no x ("78) in font nullfont!
Missing character: There is no , ("2C) in font nullfont!
Missing character: There is no a ("61) in font nullfont!
Missing character: There is no b ("62) in font nullfont!
Missing character: There is no o ("6F) in font nullfont!
Missing character: There is no v ("76) in font nullfont!
Missing character: There is no e ("65) in font nullfont!
Missing character: There is no = ("3D) in font nullfont!
Missing character: There is no 2 ("32) in font nullfont!
Missing character: There is no . ("2E) in font nullfont!
Missing character: There is no 2 ("32) in font nullfont!
Missing character: There is no c ("63) in font nullfont!
Missing character: There is no m ("6D) in font nullfont!
Missing character: There is no o ("6F) in font nullfont!
Missing character: There is no f ("66) in font nullfont!
Missing character: There is no b ("62) in font nullfont!
Missing character: There is no a ("61) in font nullfont!
Missing character: There is no c ("63) in font nullfont!
Missing character: There is no k ("6B) in font nullfont!
Missing character: There is no e ("65) in font nullfont!
Missing character: There is no n ("6E) in font nullfont!
Missing character: There is no d ("64) in font nullfont!
Missing character: There is no ] ("5D) in font nullfont!
Missing character: There is no ( ("28) in font nullfont!
Missing character: There is no f ("66) in font nullfont!
Missing character: There is no r ("72) in font nullfont!
Missing character: There is no o ("6F) in font nullfont!
Missing character: There is no n ("6E) in font nullfont!
Missing character: There is no t ("74) in font nullfont!
Missing character: There is no e ("65) in font nullfont!
Missing character: There is no n ("6E) in font nullfont!
Missing character: There is no d ("64) in font nullfont!
Missing character: There is no ) ("29) in font nullfont!
Missing character: There is no 前 ("524D) in font nullfont!
Missing character: There is no 端 ("7AEF) in font nullfont!
Missing character: There is no 模 ("6A21) in font nullfont!
Missing character: There is no 块 ("5757) in font nullfont!
Missing character: There is no 可 ("53EF) in font nullfont!
Missing character: There is no 交 ("4EA4) in font nullfont!
Missing character: There is no 互 ("4E92) in font nullfont!
Missing character: There is no 性 ("6027) in font nullfont!
Missing character: There is no 能 ("80FD) in font nullfont!
Missing character: There is no 展 ("5C55) in font nullfont!
Missing character: There is no 示 ("793A) in font nullfont!
Missing character: There is no 与 ("4E0E) in font nullfont!
Missing character: There is no 对 ("5BF9) in font nullfont!
Missing character: There is no 比 ("6BD4) in font nullfont!
Missing character: There is no 分 ("5206) in font nullfont!
Missing character: There is no 析 ("6790) in font nullfont!
Missing character: There is no ; ("3B) in font nullfont!
! Undefined control sequence.
l.281 ^^I^^I^^I\node
                    [dashedbox, fit=(frontend),
The control sequence at the end of the top line
of your error message was never \def'ed. If you have
misspelled it (e.g., `\hobx'), type `I' and the correct
spelling (e.g., `I\hbox'). Otherwise just continue,
and I'll forget about whatever was undefined.

Missing character: There is no [ ("5B) in font nullfont!
Missing character: There is no d ("64) in font nullfont!
Missing character: There is no a ("61) in font nullfont!
Missing character: There is no s ("73) in font nullfont!
Missing character: There is no h ("68) in font nullfont!
Missing character: There is no e ("65) in font nullfont!
Missing character: There is no d ("64) in font nullfont!
Missing character: There is no b ("62) in font nullfont!
Missing character: There is no o ("6F) in font nullfont!
Missing character: There is no x ("78) in font nullfont!
Missing character: There is no , ("2C) in font nullfont!
Missing character: There is no f ("66) in font nullfont!
Missing character: There is no i ("69) in font nullfont!
Missing character: There is no t ("74) in font nullfont!
Missing character: There is no = ("3D) in font nullfont!
Missing character: There is no ( ("28) in font nullfont!
Missing character: There is no f ("66) in font nullfont!
Missing character: There is no r ("72) in font nullfont!
Missing character: There is no o ("6F) in font nullfont!
Missing character: There is no n ("6E) in font nullfont!
Missing character: There is no t ("74) in font nullfont!
Missing character: There is no e ("65) in font nullfont!
Missing character: There is no n ("6E) in font nullfont!
Missing character: There is no d ("64) in font nullfont!
Missing character: There is no ) ("29) in font nullfont!
Missing character: There is no , ("2C) in font nullfont!
Missing character: There is no l ("6C) in font nullfont!
Missing character: There is no a ("61) in font nullfont!
Missing character: There is no b ("62) in font nullfont!
Missing character: There is no e ("65) in font nullfont!
Missing character: There is no l ("6C) in font nullfont!
Missing character: There is no = ("3D) in font nullfont!
Missing character: There is no a ("61) in font nullfont!
Missing character: There is no b ("62) in font nullfont!
Missing character: There is no o ("6F) in font nullfont!
Missing character: There is no v ("76) in font nullfont!
Missing character: There is no e ("65) in font nullfont!
Missing character: There is no : ("3A) in font nullfont!
Missing character: There is no 展 ("5C55) in font nullfont!
Missing character: There is no 示 ("793A) in font nullfont!
Missing character: There is no 层 ("5C42) in font nullfont!
Missing character: There is no （ ("FF08) in font nullfont!
Missing character: There is no F ("46) in font nullfont!
Missing character: There is no r ("72) in font nullfont!
Missing character: There is no o ("6F) in font nullfont!
Missing character: There is no n ("6E) in font nullfont!
Missing character: There is no t ("74) in font nullfont!
Missing character: There is no - ("2D) in font nullfont!
Missing character: There is no E ("45) in font nullfont!
Missing character: There is no n ("6E) in font nullfont!
Missing character: There is no d ("64) in font nullfont!
Missing character: There is no ） ("FF09) in font nullfont!
Missing character: There is no ] ("5D) in font nullfont!
Missing character: There is no ; ("3B) in font nullfont!
! Undefined control sequence.
l.285 ^^I^^I^^I\node
                    [box, below=2.2cm of backend] (db) {
The control sequence at the end of the top line
of your error message was never \def'ed. If you have
misspelled it (e.g., `\hobx'), type `I' and the correct
spelling (e.g., `I\hbox'). Otherwise just continue,
and I'll forget about whatever was undefined.

Missing character: There is no [ ("5B) in font nullfont!
Missing character: There is no b ("62) in font nullfont!
Missing character: There is no o ("6F) in font nullfont!
Missing character: There is no x ("78) in font nullfont!
Missing character: There is no , ("2C) in font nullfont!
Missing character: There is no b ("62) in font nullfont!
Missing character: There is no e ("65) in font nullfont!
Missing character: There is no l ("6C) in font nullfont!
Missing character: There is no o ("6F) in font nullfont!
Missing character: There is no w ("77) in font nullfont!
Missing character: There is no = ("3D) in font nullfont!
Missing character: There is no 2 ("32) in font nullfont!
Missing character: There is no . ("2E) in font nullfont!
Missing character: There is no 2 ("32) in font nullfont!
Missing character: There is no c ("63) in font nullfont!
Missing character: There is no m ("6D) in font nullfont!
Missing character: There is no o ("6F) in font nullfont!
Missing character: There is no f ("66) in font nullfont!
Missing character: There is no b ("62) in font nullfont!
Missing character: There is no a ("61) in font nullfont!
Missing character: There is no c ("63) in font nullfont!
Missing character: There is no k ("6B) in font nullfont!
Missing character: There is no e ("65) in font nullfont!
Missing character: There is no n ("6E) in font nullfont!
Missing character: There is no d ("64) in font nullfont!
Missing character: There is no ] ("5D) in font nullfont!
Missing character: There is no ( ("28) in font nullfont!
Missing character: There is no d ("64) in font nullfont!
Missing character: There is no b ("62) in font nullfont!
Missing character: There is no ) ("29) in font nullfont!
Missing character: There is no 数 ("6570) in font nullfont!
Missing character: There is no 据 ("636E) in font nullfont!
Missing character: There is no 库 ("5E93) in font nullfont!
Missing character: There is no 模 ("6A21) in font nullfont!
Missing character: There is no 块 ("5757) in font nullfont!
Missing character: There is no 历 ("5386) in font nullfont!
Missing character: There is no 史 ("53F2) in font nullfont!
Missing character: There is no 数 ("6570) in font nullfont!
Missing character: There is no 据 ("636E) in font nullfont!
Missing character: There is no 持 ("6301) in font nullfont!
Missing character: There is no 久 ("4E45) in font nullfont!
Missing character: There is no 化 ("5316) in font nullfont!
Missing character: There is no 存 ("5B58) in font nullfont!
Missing character: There is no 储 ("50A8) in font nullfont!
Missing character: There is no ; ("3B) in font nullfont!
! Undefined control sequence.
l.290 ^^I^^I^^I\node
                    [dashedbox, fit=(db),
The control sequence at the end of the top line
of your error message was never \def'ed. If you have
misspelled it (e.g., `\hobx'), type `I' and the correct
spelling (e.g., `I\hbox'). Otherwise just continue,
and I'll forget about whatever was undefined.

Missing character: There is no [ ("5B) in font nullfont!
Missing character: There is no d ("64) in font nullfont!
Missing character: There is no a ("61) in font nullfont!
Missing character: There is no s ("73) in font nullfont!
Missing character: There is no h ("68) in font nullfont!
Missing character: There is no e ("65) in font nullfont!
Missing character: There is no d ("64) in font nullfont!
Missing character: There is no b ("62) in font nullfont!
Missing character: There is no o ("6F) in font nullfont!
Missing character: There is no x ("78) in font nullfont!
Missing character: There is no , ("2C) in font nullfont!
Missing character: There is no f ("66) in font nullfont!
Missing character: There is no i ("69) in font nullfont!
Missing character: There is no t ("74) in font nullfont!
Missing character: There is no = ("3D) in font nullfont!
Missing character: There is no ( ("28) in font nullfont!
Missing character: There is no d ("64) in font nullfont!
Missing character: There is no b ("62) in font nullfont!
Missing character: There is no ) ("29) in font nullfont!
Missing character: There is no , ("2C) in font nullfont!
Missing character: There is no l ("6C) in font nullfont!
Missing character: There is no a ("61) in font nullfont!
Missing character: There is no b ("62) in font nullfont!
Missing character: There is no e ("65) in font nullfont!
Missing character: There is no l ("6C) in font nullfont!
Missing character: There is no = ("3D) in font nullfont!
Missing character: There is no a ("61) in font nullfont!
Missing character: There is no b ("62) in font nullfont!
Missing character: There is no o ("6F) in font nullfont!
Missing character: There is no v ("76) in font nullfont!
Missing character: There is no e ("65) in font nullfont!
Missing character: There is no : ("3A) in font nullfont!
Missing character: There is no 数 ("6570) in font nullfont!
Missing character: There is no 据 ("636E) in font nullfont!
Missing character: There is no 层 ("5C42) in font nullfont!
Missing character: There is no （ ("FF08) in font nullfont!
Missing character: There is no D ("44) in font nullfont!
Missing character: There is no a ("61) in font nullfont!
Missing character: There is no t ("74) in font nullfont!
Missing character: There is no a ("61) in font nullfont!
Missing character: There is no b ("62) in font nullfont!
Missing character: There is no a ("61) in font nullfont!
Missing character: There is no s ("73) in font nullfont!
Missing character: There is no e ("65) in font nullfont!
Missing character: There is no ） ("FF09) in font nullfont!
Missing character: There is no ] ("5D) in font nullfont!
Missing character: There is no ; ("3B) in font nullfont!
! Undefined control sequence.
l.294 ^^I^^I^^I\draw
                    [arr] (perfrepo.east) -- (backend.west);
The control sequence at the end of the top line
of your error message was never \def'ed. If you have
misspelled it (e.g., `\hobx'), type `I' and the correct
spelling (e.g., `I\hbox'). Otherwise just continue,
and I'll forget about whatever was undefined.

Missing character: There is no [ ("5B) in font nullfont!
Missing character: There is no a ("61) in font nullfont!
Missing character: There is no r ("72) in font nullfont!
Missing character: There is no r ("72) in font nullfont!
Missing character: There is no ] ("5D) in font nullfont!
Missing character: There is no ( ("28) in font nullfont!
Missing character: There is no p ("70) in font nullfont!
Missing character: There is no e ("65) in font nullfont!
Missing character: There is no r ("72) in font nullfont!
Missing character: There is no f ("66) in font nullfont!
Missing character: There is no r ("72) in font nullfont!
Missing character: There is no e ("65) in font nullfont!
Missing character: There is no p ("70) in font nullfont!
Missing character: There is no o ("6F) in font nullfont!
Missing character: There is no . ("2E) in font nullfont!
Missing character: There is no e ("65) in font nullfont!
Missing character: There is no a ("61) in font nullfont!
Missing character: There is no s ("73) in font nullfont!
Missing character: There is no t ("74) in font nullfont!
Missing character: There is no ) ("29) in font nullfont!
Missing character: There is no - ("2D) in font nullfont!
Missing character: There is no - ("2D) in font nullfont!
Missing character: There is no ( ("28) in font nullfont!
Missing character: There is no b ("62) in font nullfont!
Missing character: There is no a ("61) in font nullfont!
Missing character: There is no c ("63) in font nullfont!
Missing character: There is no k ("6B) in font nullfont!
Missing character: There is no e ("65) in font nullfont!
Missing character: There is no n ("6E) in font nullfont!
Missing character: There is no d ("64) in font nullfont!
Missing character: There is no . ("2E) in font nullfont!
Missing character: There is no w ("77) in font nullfont!
Missing character: There is no e ("65) in font nullfont!
Missing character: There is no s ("73) in font nullfont!
Missing character: There is no t ("74) in font nullfont!
Missing character: There is no ) ("29) in font nullfont!
Missing character: There is no ; ("3B) in font nullfont!
! Undefined control sequence.
l.295 ^^I^^I^^I\draw
                    [arr] (backend.north) -- (frontend.south);
The control sequence at the end of the top line
of your error message was never \def'ed. If you have
misspelled it (e.g., `\hobx'), type `I' and the correct
spelling (e.g., `I\hbox'). Otherwise just continue,
and I'll forget about whatever was undefined.

Missing character: There is no [ ("5B) in font nullfont!
Missing character: There is no a ("61) in font nullfont!
Missing character: There is no r ("72) in font nullfont!
Missing character: There is no r ("72) in font nullfont!
Missing character: There is no ] ("5D) in font nullfont!
Missing character: There is no ( ("28) in font nullfont!
Missing character: There is no b ("62) in font nullfont!
Missing character: There is no a ("61) in font nullfont!
Missing character: There is no c ("63) in font nullfont!
Missing character: There is no k ("6B) in font nullfont!
Missing character: There is no e ("65) in font nullfont!
Missing character: There is no n ("6E) in font nullfont!
Missing character: There is no d ("64) in font nullfont!
Missing character: There is no . ("2E) in font nullfont!
Missing character: There is no n ("6E) in font nullfont!
Missing character: There is no o ("6F) in font nullfont!
Missing character: There is no r ("72) in font nullfont!
Missing character: There is no t ("74) in font nullfont!
Missing character: There is no h ("68) in font nullfont!
Missing character: There is no ) ("29) in font nullfont!
Missing character: There is no - ("2D) in font nullfont!
Missing character: There is no - ("2D) in font nullfont!
Missing character: There is no ( ("28) in font nullfont!
Missing character: There is no f ("66) in font nullfont!
Missing character: There is no r ("72) in font nullfont!
Missing character: There is no o ("6F) in font nullfont!
Missing character: There is no n ("6E) in font nullfont!
Missing character: There is no t ("74) in font nullfont!
Missing character: There is no e ("65) in font nullfont!
Missing character: There is no n ("6E) in font nullfont!
Missing character: There is no d ("64) in font nullfont!
Missing character: There is no . ("2E) in font nullfont!
Missing character: There is no s ("73) in font nullfont!
Missing character: There is no o ("6F) in font nullfont!
Missing character: There is no u ("75) in font nullfont!
Missing character: There is no t ("74) in font nullfont!
Missing character: There is no h ("68) in font nullfont!
Missing character: There is no ) ("29) in font nullfont!
Missing character: There is no ; ("3B) in font nullfont!
! Undefined control sequence.
l.296 ^^I^^I^^I\draw
                    [arr] (backend.south) -- (db.north);
The control sequence at the end of the top line
of your error message was never \def'ed. If you have
misspelled it (e.g., `\hobx'), type `I' and the correct
spelling (e.g., `I\hbox'). Otherwise just continue,
and I'll forget about whatever was undefined.

Missing character: There is no [ ("5B) in font nullfont!
Missing character: There is no a ("61) in font nullfont!
Missing character: There is no r ("72) in font nullfont!
Missing character: There is no r ("72) in font nullfont!
Missing character: There is no ] ("5D) in font nullfont!
Missing character: There is no ( ("28) in font nullfont!
Missing character: There is no b ("62) in font nullfont!
Missing character: There is no a ("61) in font nullfont!
Missing character: There is no c ("63) in font nullfont!
Missing character: There is no k ("6B) in font nullfont!
Missing character: There is no e ("65) in font nullfont!
Missing character: There is no n ("6E) in font nullfont!
Missing character: There is no d ("64) in font nullfont!
Missing character: There is no . ("2E) in font nullfont!
Missing character: There is no s ("73) in font nullfont!
Missing character: There is no o ("6F) in font nullfont!
Missing character: There is no u ("75) in font nullfont!
Missing character: There is no t ("74) in font nullfont!
Missing character: There is no h ("68) in font nullfont!
Missing character: There is no ) ("29) in font nullfont!
Missing character: There is no - ("2D) in font nullfont!
Missing character: There is no - ("2D) in font nullfont!
Missing character: There is no ( ("28) in font nullfont!
Missing character: There is no d ("64) in font nullfont!
Missing character: There is no b ("62) in font nullfont!
Missing character: There is no . ("2E) in font nullfont!
Missing character: There is no n ("6E) in font nullfont!
Missing character: There is no o ("6F) in font nullfont!
Missing character: There is no r ("72) in font nullfont!
Missing character: There is no t ("74) in font nullfont!
Missing character: There is no h ("68) in font nullfont!
Missing character: There is no ) ("29) in font nullfont!
Missing character: There is no ; ("3B) in font nullfont!

! LaTeX Error: \begin{document} ended by \end{tikzpicture}.

See the LaTeX manual or LaTeX Companion for explanation.
Type  H <return>  for immediate help.
 ...                                              
                                                  
l.298 ^^I^^I\end{tikzpicture}
                             
Your command was ignored.
Type  I <command> <return>  to replace it with another command,
or  <return>  to continue without it.


! LaTeX Error: \caption outside float.

See the LaTeX manual or LaTeX Companion for explanation.
Type  H <return>  for immediate help.
 ...                                              
                                                  
l.300 ^^I\caption
                 {评估子系统整体结构与三层架构设计图}
You're in trouble here.  Try typing  <return>  to proceed.
If that doesn't work, type  X <return>  to quit.

Missing character: There is no 评 ("8BC4) in font nullfont!
Missing character: There is no 估 ("4F30) in font nullfont!
Missing character: There is no 子 ("5B50) in font nullfont!
Missing character: There is no 系 ("7CFB) in font nullfont!
Missing character: There is no 统 ("7EDF) in font nullfont!
Missing character: There is no 整 ("6574) in font nullfont!
Missing character: There is no 体 ("4F53) in font nullfont!
Missing character: There is no 结 ("7ED3) in font nullfont!
Missing character: There is no 构 ("6784) in font nullfont!
Missing character: There is no 与 ("4E0E) in font nullfont!
Missing character: There is no 三 ("4E09) in font nullfont!
Missing character: There is no 层 ("5C42) in font nullfont!
Missing character: There is no 架 ("67B6) in font nullfont!
Missing character: There is no 构 ("6784) in font nullfont!
Missing character: There is no 设 ("8BBE) in font nullfont!
Missing character: There is no 计 ("8BA1) in font nullfont!
Missing character: There is no 图 ("56FE) in font nullfont!

! LaTeX Error: \begin{document} ended by \end{figure}.

See the LaTeX manual or LaTeX Companion for explanation.
Type  H <return>  for immediate help.
 ...                                              
                                                  
l.302 \end{figure}
                  
Your command was ignored.
Type  I <command> <return>  to replace it with another command,
or  <return>  to continue without it.

! Undefined control sequence.
l.308 \section
              {平台实现}
The control sequence at the end of the top line
of your error message was never \def'ed. If you have
misspelled it (e.g., `\hobx'), type `I' and the correct
spelling (e.g., `I\hbox'). Otherwise just continue,
and I'll forget about whatever was undefined.

Missing character: There is no 平 ("5E73) in font nullfont!
Missing character: There is no 台 ("53F0) in font nullfont!
Missing character: There is no 实 ("5B9E) in font nullfont!
Missing character: There is no 现 ("73B0) in font nullfont!

Overfull \hbox (20.0pt too wide) in paragraph at lines 308--309
[] 
 []

! Undefined control sequence.
l.312 \subsection
                 {面向DSP的YARPGen实现}
The control sequence at the end of the top line
of your error message was never \def'ed. If you have
misspelled it (e.g., `\hobx'), type `I' and the correct
spelling (e.g., `I\hbox'). Otherwise just continue,
and I'll forget about whatever was undefined.

Missing character: There is no 面 ("9762) in font nullfont!
Missing character: There is no 向 ("5411) in font nullfont!
Missing character: There is no D ("44) in font nullfont!
Missing character: There is no S ("53) in font nullfont!
Missing character: There is no P ("50) in font nullfont!
Missing character: There is no 的 ("7684) in font nullfont!
Missing character: There is no Y ("59) in font nullfont!
Missing character: There is no A ("41) in font nullfont!
Missing character: There is no R ("52) in font nullfont!
Missing character: There is no P ("50) in font nullfont!
Missing character: There is no G ("47) in font nullfont!
Missing character: There is no e ("65) in font nullfont!
Missing character: There is no n ("6E) in font nullfont!
Missing character: There is no 实 ("5B9E) in font nullfont!
Missing character: There is no 现 ("73B0) in font nullfont!
Missing character: There is no Y ("59) in font nullfont!
Missing character: There is no A ("41) in font nullfont!
Missing character: There is no R ("52) in font nullfont!
Missing character: There is no P ("50) in font nullfont!
Missing character: There is no G ("47) in font nullfont!
Missing character: There is no e ("65) in font nullfont!
Missing character: There is no n ("6E) in font nullfont!
Missing character: There is no 是 ("662F) in font nullfont!
Missing character: There is no 通 ("901A) in font nullfont!
Missing character: There is no 用 ("7528) in font nullfont!
Missing character: There is no 的 ("7684) in font nullfont!
Missing character: There is no 编 ("7F16) in font nullfont!
Missing character: There is no 译 ("8BD1) in font nullfont!
Missing character: There is no 器 ("5668) in font nullfont!
Missing character: There is no 测 ("6D4B) in font nullfont!
Missing character: There is no 试 ("8BD5) in font nullfont!
Missing character: There is no 用 ("7528) in font nullfont!
Missing character: There is no 例 ("4F8B) in font nullfont!
Missing character: There is no 生 ("751F) in font nullfont!
Missing character: There is no 成 ("6210) in font nullfont!
Missing character: There is no 工 ("5DE5) in font nullfont!
Missing character: There is no 具 ("5177) in font nullfont!
Missing character: There is no ， ("FF0C) in font nullfont!
Missing character: There is no 其 ("5176) in font nullfont!
Missing character: There is no 默 ("9ED8) in font nullfont!
Missing character: There is no 认 ("8BA4) in font nullfont!
Missing character: There is no 设 ("8BBE) in font nullfont!
Missing character: There is no 计 ("8BA1) in font nullfont!
Missing character: There is no 面 ("9762) in font nullfont!
Missing character: There is no 向 ("5411) in font nullfont!
Missing character: There is no 通 ("901A) in font nullfont!
Missing character: There is no 用 ("7528) in font nullfont!
Missing character: There is no C ("43) in font nullfont!
Missing character: There is no P ("50) in font nullfont!
Missing character: There is no U ("55) in font nullfont!
Missing character: There is no 架 ("67B6) in font nullfont!
Missing character: There is no 构 ("6784) in font nullfont!
Missing character: There is no 及 ("53CA) in font nullfont!
Missing character: There is no 具 ("5177) in font nullfont!
Missing character: There is no 备 ("5907) in font nullfont!
Missing character: There is no 标 ("6807) in font nullfont!
Missing character: There is no 准 ("51C6) in font nullfont!
Missing character: There is no 运 ("8FD0) in font nullfont!
Missing character: There is no 行 ("884C) in font nullfont!
Missing character: There is no 时 ("65F6) in font nullfont!
Missing character: There is no 环 ("73AF) in font nullfont!
Missing character: There is no 境 ("5883) in font nullfont!
Missing character: There is no 的 ("7684) in font nullfont!
Missing character: There is no C ("43) in font nullfont!
Missing character: There is no / ("2F) in font nullfont!
Missing character: There is no C ("43) in font nullfont!
Missing character: There is no + ("2B) in font nullfont!
Missing character: There is no + ("2B) in font nullfont!
Missing character: There is no 程 ("7A0B) in font nullfont!
Missing character: There is no 序 ("5E8F) in font nullfont!
Missing character: There is no 。 ("3002) in font nullfont!
Missing character: There is no 它 ("5B83) in font nullfont!
Missing character: There is no 假 ("5047) in font nullfont!
Missing character: There is no 定 ("5B9A) in font nullfont!
Missing character: There is no 目 ("76EE) in font nullfont!
Missing character: There is no 标 ("6807) in font nullfont!
Missing character: There is no 平 ("5E73) in font nullfont!
Missing character: There is no 台 ("53F0) in font nullfont!
Missing character: There is no 具 ("5177) in font nullfont!
Missing character: There is no 备 ("5907) in font nullfont!
Missing character: There is no 标 ("6807) in font nullfont!
Missing character: There is no 准 ("51C6) in font nullfont!
Missing character: There is no 库 ("5E93) in font nullfont!
Missing character: There is no 的 ("7684) in font nullfont!
Missing character: There is no 支 ("652F) in font nullfont!
Missing character: There is no 持 ("6301) in font nullfont!
Missing character: There is no ， ("FF0C) in font nullfont!
Missing character: There is no 并 ("5E76) in font nullfont!
Missing character: There is no 可 ("53EF) in font nullfont!
Missing character: There is no 依 ("4F9D) in font nullfont!
Missing character: There is no 赖 ("8D56) in font nullfont!
Missing character: There is no s ("73) in font nullfont!
Missing character: There is no t ("74) in font nullfont!
Missing character: There is no d ("64) in font nullfont!
Missing character: There is no i ("69) in font nullfont!
Missing character: There is no o ("6F) in font nullfont!
Missing character: There is no 等 ("7B49) in font nullfont!
Missing character: There is no 通 ("901A) in font nullfont!
Missing character: There is no 用 ("7528) in font nullfont!
Missing character: There is no 接 ("63A5) in font nullfont!
Missing character: There is no 口 ("53E3) in font nullfont!
Missing character: There is no 完 ("5B8C) in font nullfont!
Missing character: There is no 成 ("6210) in font nullfont!
Missing character: There is no 程 ("7A0B) in font nullfont!
Missing character: There is no 序 ("5E8F) in font nullfont!
Missing character: There is no 结 ("7ED3) in font nullfont!
Missing character: There is no 果 ("679C) in font nullfont!
Missing character: There is no 的 ("7684) in font nullfont!
Missing character: There is no 输 ("8F93) in font nullfont!
Missing character: There is no 出 ("51FA) in font nullfont!
Missing character: There is no 与 ("4E0E) in font nullfont!
Missing character: There is no 验 ("9A8C) in font nullfont!
Missing character: There is no 证 ("8BC1) in font nullfont!
Missing character: There is no 。 ("3002) in font nullfont!
Missing character: There is no 但 ("4F46) in font nullfont!
Missing character: There is no D ("44) in font nullfont!
Missing character: There is no S ("53) in font nullfont!
Missing character: There is no P ("50) in font nullfont!
Missing character: There is no 平 ("5E73) in font nullfont!
Missing character: There is no 台 ("53F0) in font nullfont!
Missing character: There is no 在 ("5728) in font nullfont!
Missing character: There is no 硬 ("786C) in font nullfont!
Missing character: There is no 件 ("4EF6) in font nullfont!
Missing character: There is no 特 ("7279) in font nullfont!
Missing character: There is no 性 ("6027) in font nullfont!
Missing character: There is no 、 ("3001) in font nullfont!
Missing character: There is no 调 ("8C03) in font nullfont!
Missing character: There is no 试 ("8BD5) in font nullfont!
Missing character: There is no 机 ("673A) in font nullfont!
Missing character: There is no 制 ("5236) in font nullfont!
Missing character: There is no 以 ("4EE5) in font nullfont!
Missing character: There is no 及 ("53CA) in font nullfont!
Missing character: There is no 运 ("8FD0) in font nullfont!
Missing character: There is no 行 ("884C) in font nullfont!
Missing character: There is no 环 ("73AF) in font nullfont!
Missing character: There is no 境 ("5883) in font nullfont!
Missing character: There is no 方 ("65B9) in font nullfont!
Missing character: There is no 面 ("9762) in font nullfont!
Missing character: There is no 均 ("5747) in font nullfont!
Missing character: There is no 与 ("4E0E) in font nullfont!
Missing character: There is no 通 ("901A) in font nullfont!
Missing character: There is no 用 ("7528) in font nullfont!
Missing character: There is no 处 ("5904) in font nullfont!
Missing character: There is no 理 ("7406) in font nullfont!
Missing character: There is no 器 ("5668) in font nullfont!
Missing character: There is no 存 ("5B58) in font nullfont!
Missing character: There is no 在 ("5728) in font nullfont!
Missing character: There is no 显 ("663E) in font nullfont!
Missing character: There is no 著 ("8457) in font nullfont!
Missing character: There is no 差 ("5DEE) in font nullfont!
Missing character: There is no 异 ("5F02) in font nullfont!
Missing character: There is no ， ("FF0C) in font nullfont!
Missing character: There is no 这 ("8FD9) in font nullfont!
Missing character: There is no 使 ("4F7F) in font nullfont!
Missing character: There is no 得 ("5F97) in font nullfont!
Missing character: There is no 原 ("539F) in font nullfont!
Missing character: There is no 生 ("751F) in font nullfont!
Missing character: There is no Y ("59) in font nullfont!
Missing character: There is no A ("41) in font nullfont!
Missing character: There is no R ("52) in font nullfont!
Missing character: There is no P ("50) in font nullfont!
Missing character: There is no G ("47) in font nullfont!
Missing character: There is no e ("65) in font nullfont!
Missing character: There is no n ("6E) in font nullfont!
Missing character: There is no 难 ("96BE) in font nullfont!
Missing character: There is no 以 ("4EE5) in font nullfont!
Missing character: There is no 直 ("76F4) in font nullfont!
Missing character: There is no 接 ("63A5) in font nullfont!
Missing character: There is no 应 ("5E94) in font nullfont!
Missing character: There is no 用 ("7528) in font nullfont!
Missing character: There is no 于 ("4E8E) in font nullfont!
Missing character: There is no D ("44) in font nullfont!
Missing character: There is no S ("53) in font nullfont!
Missing character: There is no P ("50) in font nullfont!
Missing character: There is no 编 ("7F16) in font nullfont!
Missing character: There is no 译 ("8BD1) in font nullfont!
Missing character: There is no 器 ("5668) in font nullfont!
Missing character: There is no 流 ("6D41) in font nullfont!
Missing character: There is no 水 ("6C34) in font nullfont!
Missing character: There is no 线 ("7EBF) in font nullfont!
Missing character: There is no 的 ("7684) in font nullfont!
Missing character: There is no 自 ("81EA) in font nullfont!
Missing character: There is no 动 ("52A8) in font nullfont!
Missing character: There is no 化 ("5316) in font nullfont!
Missing character: There is no 验 ("9A8C) in font nullfont!
Missing character: There is no 证 ("8BC1) in font nullfont!
Missing character: There is no 。 ("3002) in font nullfont!

Overfull \hbox (20.0pt too wide) in paragraph at lines 312--314
[]
 []

Missing character: There is no 为 ("4E3A) in font nullfont!
Missing character: There is no 了 ("4E86) in font nullfont!
Missing character: There is no 使 ("4F7F) in font nullfont!
Missing character: There is no 随 ("968F) in font nullfont!
Missing character: There is no 机 ("673A) in font nullfont!
Missing character: There is no 测 ("6D4B) in font nullfont!
Missing character: There is no 试 ("8BD5) in font nullfont!
Missing character: There is no 生 ("751F) in font nullfont!
Missing character: There is no 成 ("6210) in font nullfont!
Missing character: There is no 机 ("673A) in font nullfont!
Missing character: There is no 制 ("5236) in font nullfont!
Missing character: There is no 能 ("80FD) in font nullfont!
Missing character: There is no 够 ("591F) in font nullfont!
Missing character: There is no 适 ("9002) in font nullfont!
Missing character: There is no 配 ("914D) in font nullfont!
Missing character: There is no 到 ("5230) in font nullfont!
Missing character: There is no D ("44) in font nullfont!
Missing character: There is no S ("53) in font nullfont!
Missing character: There is no P ("50) in font nullfont!
Missing character: There is no 编 ("7F16) in font nullfont!
Missing character: There is no 译 ("8BD1) in font nullfont!
Missing character: There is no 器 ("5668) in font nullfont!
Missing character: There is no 后 ("540E) in font nullfont!
Missing character: There is no 端 ("7AEF) in font nullfont!
Missing character: There is no ， ("FF0C) in font nullfont!
Missing character: There is no 本 ("672C) in font nullfont!
Missing character: There is no 节 ("8282) in font nullfont!
Missing character: There is no 对 ("5BF9) in font nullfont!
Missing character: There is no Y ("59) in font nullfont!
Missing character: There is no A ("41) in font nullfont!
Missing character: There is no R ("52) in font nullfont!
Missing character: There is no P ("50) in font nullfont!
Missing character: There is no G ("47) in font nullfont!
Missing character: There is no e ("65) in font nullfont!
Missing character: There is no n ("6E) in font nullfont!
Missing character: There is no 进 ("8FDB) in font nullfont!
Missing character: There is no 行 ("884C) in font nullfont!
Missing character: There is no 了 ("4E86) in font nullfont!
Missing character: There is no 面 ("9762) in font nullfont!
Missing character: There is no 向 ("5411) in font nullfont!
Missing character: There is no D ("44) in font nullfont!
Missing character: There is no S ("53) in font nullfont!
Missing character: There is no P ("50) in font nullfont!
Missing character: There is no 架 ("67B6) in font nullfont!
Missing character: There is no 构 ("6784) in font nullfont!
Missing character: There is no 的 ("7684) in font nullfont!
Missing character: There is no 定 ("5B9A) in font nullfont!
Missing character: There is no 制 ("5236) in font nullfont!
Missing character: There is no 化 ("5316) in font nullfont!
Missing character: There is no 扩 ("6269) in font nullfont!
Missing character: There is no 展 ("5C55) in font nullfont!
Missing character: There is no 。 ("3002) in font nullfont!
Missing character: There is no 整 ("6574) in font nullfont!
Missing character: There is no 体 ("4F53) in font nullfont!
Missing character: There is no 修 ("4FEE) in font nullfont!
Missing character: There is no 改 ("6539) in font nullfont!
Missing character: There is no 遵 ("9075) in font nullfont!
Missing character: There is no 循 ("5FAA) in font nullfont!
Missing character: There is no 可 ("53EF) in font nullfont!
Missing character: There is no 复 ("590D) in font nullfont!
Missing character: There is no 用 ("7528) in font nullfont!
Missing character: There is no 和 ("548C) in font nullfont!
Missing character: There is no 可 ("53EF) in font nullfont!
Missing character: There is no 扩 ("6269) in font nullfont!
Missing character: There is no 展 ("5C55) in font nullfont!
Missing character: There is no 的 ("7684) in font nullfont!
Missing character: There is no 设 ("8BBE) in font nullfont!
Missing character: There is no 计 ("8BA1) in font nullfont!
Missing character: There is no 原 ("539F) in font nullfont!
Missing character: There is no 则 ("5219) in font nullfont!
Missing character: There is no ， ("FF0C) in font nullfont!
Missing character: There is no 在 ("5728) in font nullfont!
Missing character: There is no 保 ("4FDD) in font nullfont!
Missing character: There is no 留 ("7559) in font nullfont!
Missing character: There is no Y ("59) in font nullfont!
Missing character: There is no A ("41) in font nullfont!
Missing character: There is no R ("52) in font nullfont!
Missing character: There is no P ("50) in font nullfont!
Missing character: There is no G ("47) in font nullfont!
Missing character: There is no e ("65) in font nullfont!
Missing character: There is no n ("6E) in font nullfont!
Missing character: There is no 原 ("539F) in font nullfont!
Missing character: There is no 有 ("6709) in font nullfont!
Missing character: There is no 随 ("968F) in font nullfont!
Missing character: There is no 机 ("673A) in font nullfont!
Missing character: There is no 生 ("751F) in font nullfont!
Missing character: There is no 成 ("6210) in font nullfont!
Missing character: There is no 能 ("80FD) in font nullfont!
Missing character: There is no 力 ("529B) in font nullfont!
Missing character: There is no 的 ("7684) in font nullfont!
Missing character: There is no 基 ("57FA) in font nullfont!
Missing character: There is no 础 ("7840) in font nullfont!
Missing character: There is no 上 ("4E0A) in font nullfont!
Missing character: There is no ， ("FF0C) in font nullfont!
Missing character: There is no 新 ("65B0) in font nullfont!
Missing character: There is no 增 ("589E) in font nullfont!
Missing character: There is no 了 ("4E86) in font nullfont!
Missing character: There is no 对 ("5BF9) in font nullfont!
Missing character: There is no D ("44) in font nullfont!
Missing character: There is no S ("53) in font nullfont!
Missing character: There is no P ("50) in font nullfont!
Missing character: There is no 平 ("5E73) in font nullfont!
Missing character: There is no 台 ("53F0) in font nullfont!
Missing character: There is no 特 ("7279) in font nullfont!
Missing character: There is no 有 ("6709) in font nullfont!
Missing character: There is no 硬 ("786C) in font nullfont!
Missing character: There is no 件 ("4EF6) in font nullfont!
Missing character: There is no 约 ("7EA6) in font nullfont!
Missing character: There is no 束 ("675F) in font nullfont!
Missing character: There is no 与 ("4E0E) in font nullfont!
Missing character: There is no 运 ("8FD0) in font nullfont!
Missing character: There is no 行 ("884C) in font nullfont!
Missing character: There is no 时 ("65F6) in font nullfont!
Missing character: There is no 环 ("73AF) in font nullfont!
Missing character: There is no 境 ("5883) in font nullfont!
Missing character: There is no 的 ("7684) in font nullfont!
Missing character: There is no 支 ("652F) in font nullfont!
Missing character: There is no 持 ("6301) in font nullfont!
Missing character: There is no 。 ("3002) in font nullfont!
Missing character: There is no 具 ("5177) in font nullfont!
Missing character: There is no 体 ("4F53) in font nullfont!
Missing character: There is no 改 ("6539) in font nullfont!
Missing character: There is no 动 ("52A8) in font nullfont!
Missing character: There is no 体 ("4F53) in font nullfont!
Missing character: There is no 现 ("73B0) in font nullfont!
Missing character: There is no 在 ("5728) in font nullfont!
Missing character: There is no 以 ("4EE5) in font nullfont!
Missing character: There is no 下 ("4E0B) in font nullfont!
Missing character: There is no 几 ("51E0) in font nullfont!
Missing character: There is no 个 ("4E2A) in font nullfont!
Missing character: There is no 方 ("65B9) in font nullfont!
Missing character: There is no 面 ("9762) in font nullfont!
Missing character: There is no 。 ("3002) in font nullfont!

Overfull \hbox (20.0pt too wide) in paragraph at lines 317--318
[] 
 []

! Undefined control sequence.
l.320 \subsubsection
                    {1.引入DSP专用调试头文件}
The control sequence at the end of the top line
of your error message was never \def'ed. If you have
misspelled it (e.g., `\hobx'), type `I' and the correct
spelling (e.g., `I\hbox'). Otherwise just continue,
and I'll forget about whatever was undefined.

Missing character: There is no 1 ("31) in font nullfont!
Missing character: There is no . ("2E) in font nullfont!
Missing character: There is no 引 ("5F15) in font nullfont!
Missing character: There is no 入 ("5165) in font nullfont!
Missing character: There is no D ("44) in font nullfont!
Missing character: There is no S ("53) in font nullfont!
Missing character: There is no P ("50) in font nullfont!
Missing character: There is no 专 ("4E13) in font nullfont!
Missing character: There is no 用 ("7528) in font nullfont!
Missing character: There is no 调 ("8C03) in font nullfont!
Missing character: There is no 试 ("8BD5) in font nullfont!
Missing character: There is no 头 ("5934) in font nullfont!
Missing character: There is no 文 ("6587) in font nullfont!
Missing character: There is no 件 ("4EF6) in font nullfont!
Missing character: There is no D ("44) in font nullfont!
Missing character: There is no S ("53) in font nullfont!
Missing character: There is no P ("50) in font nullfont!
Missing character: There is no 编 ("7F16) in font nullfont!
Missing character: There is no 译 ("8BD1) in font nullfont!
Missing character: There is no 器 ("5668) in font nullfont!
Missing character: There is no 的 ("7684) in font nullfont!
Missing character: There is no 测 ("6D4B) in font nullfont!
Missing character: There is no 试 ("8BD5) in font nullfont!
Missing character: There is no 与 ("4E0E) in font nullfont!
Missing character: There is no 验 ("9A8C) in font nullfont!
Missing character: There is no 证 ("8BC1) in font nullfont!
Missing character: There is no 依 ("4F9D) in font nullfont!
Missing character: There is no 赖 ("8D56) in font nullfont!
Missing character: There is no 架 ("67B6) in font nullfont!
Missing character: There is no 构 ("6784) in font nullfont!
Missing character: There is no 专 ("4E13) in font nullfont!
Missing character: There is no 用 ("7528) in font nullfont!
Missing character: There is no 的 ("7684) in font nullfont!
Missing character: There is no 调 ("8C03) in font nullfont!
Missing character: There is no 试 ("8BD5) in font nullfont!
Missing character: There is no 与 ("4E0E) in font nullfont!
Missing character: There is no 输 ("8F93) in font nullfont!
Missing character: There is no 出 ("51FA) in font nullfont!
Missing character: There is no 接 ("63A5) in font nullfont!
Missing character: There is no 口 ("53E3) in font nullfont!
Missing character: There is no ， ("FF0C) in font nullfont!
Missing character: There is no 而 ("800C) in font nullfont!
Missing character: There is no 非 ("975E) in font nullfont!
Missing character: There is no 标 ("6807) in font nullfont!
Missing character: There is no 准 ("51C6) in font nullfont!
Missing character: There is no 的 ("7684) in font nullfont!
Missing character: There is no s ("73) in font nullfont!
Missing character: There is no t ("74) in font nullfont!
Missing character: There is no d ("64) in font nullfont!
Missing character: There is no i ("69) in font nullfont!
Missing character: There is no o ("6F) in font nullfont!
Missing character: There is no 输 ("8F93) in font nullfont!
Missing character: There is no 出 ("51FA) in font nullfont!
Missing character: There is no 机 ("673A) in font nullfont!
Missing character: There is no 制 ("5236) in font nullfont!
Missing character: There is no 。 ("3002) in font nullfont!
Missing character: There is no 为 ("4E3A) in font nullfont!
Missing character: There is no 保 ("4FDD) in font nullfont!
Missing character: There is no 证 ("8BC1) in font nullfont!
Missing character: There is no 生 ("751F) in font nullfont!
Missing character: There is no 成 ("6210) in font nullfont!
Missing character: There is no 的 ("7684) in font nullfont!
Missing character: There is no 随 ("968F) in font nullfont!
Missing character: There is no 机 ("673A) in font nullfont!
Missing character: There is no 测 ("6D4B) in font nullfont!
Missing character: There is no 试 ("8BD5) in font nullfont!
Missing character: There is no 程 ("7A0B) in font nullfont!
Missing character: There is no 序 ("5E8F) in font nullfont!
Missing character: There is no 能 ("80FD) in font nullfont!
Missing character: There is no 够 ("591F) in font nullfont!
Missing character: There is no 在 ("5728) in font nullfont!
Missing character: There is no D ("44) in font nullfont!
Missing character: There is no S ("53) in font nullfont!
Missing character: There is no P ("50) in font nullfont!
Missing character: There is no 环 ("73AF) in font nullfont!
Missing character: There is no 境 ("5883) in font nullfont!
Missing character: There is no 中 ("4E2D) in font nullfont!
Missing character: There is no 正 ("6B63) in font nullfont!
Missing character: There is no 确 ("786E) in font nullfont!
Missing character: There is no 输 ("8F93) in font nullfont!
Missing character: There is no 出 ("51FA) in font nullfont!
Missing character: There is no 运 ("8FD0) in font nullfont!
Missing character: There is no 行 ("884C) in font nullfont!
Missing character: There is no 结 ("7ED3) in font nullfont!
Missing character: There is no 果 ("679C) in font nullfont!
Missing character: There is no ， ("FF0C) in font nullfont!
Missing character: There is no 需 ("9700) in font nullfont!
Missing character: There is no 在 ("5728) in font nullfont!
Missing character: There is no 测 ("6D4B) in font nullfont!
Missing character: There is no 试 ("8BD5) in font nullfont!
Missing character: There is no 用 ("7528) in font nullfont!
Missing character: There is no 例 ("4F8B) in font nullfont!
Missing character: There is no 中 ("4E2D) in font nullfont!
Missing character: There is no 引 ("5F15) in font nullfont!
Missing character: There is no 入 ("5165) in font nullfont!
Missing character: There is no 特 ("7279) in font nullfont!
Missing character: There is no 定 ("5B9A) in font nullfont!
Missing character: There is no 头 ("5934) in font nullfont!
Missing character: There is no 文 ("6587) in font nullfont!
Missing character: There is no 件 ("4EF6) in font nullfont!
Missing character: There is no 以 ("4EE5) in font nullfont!
Missing character: There is no 支 ("652F) in font nullfont!
Missing character: There is no 持 ("6301) in font nullfont!
Missing character: There is no 调 ("8C03) in font nullfont!
Missing character: There is no 试 ("8BD5) in font nullfont!
Missing character: There is no 输 ("8F93) in font nullfont!
Missing character: There is no 出 ("51FA) in font nullfont!
Missing character: There is no 和 ("548C) in font nullfont!
Missing character: There is no 结 ("7ED3) in font nullfont!
Missing character: There is no 果 ("679C) in font nullfont!
Missing character: There is no 对 ("5BF9) in font nullfont!
Missing character: There is no 比 ("6BD4) in font nullfont!
Missing character: There is no 。 ("3002) in font nullfont!
Missing character: There is no 在 ("5728) in font nullfont!
Missing character: There is no Y ("59) in font nullfont!
Missing character: There is no A ("41) in font nullfont!
Missing character: There is no R ("52) in font nullfont!
Missing character: There is no P ("50) in font nullfont!
Missing character: There is no G ("47) in font nullfont!
Missing character: There is no e ("65) in font nullfont!
Missing character: There is no n ("6E) in font nullfont!
Missing character: There is no 的 ("7684) in font nullfont!
Missing character: There is no e ("65) in font nullfont!
Missing character: There is no m ("6D) in font nullfont!
Missing character: There is no i ("69) in font nullfont!
Missing character: There is no t ("74) in font nullfont!
Missing character: There is no C ("43) in font nullfont!
Missing character: There is no h ("68) in font nullfont!
Missing character: There is no e ("65) in font nullfont!
Missing character: There is no c ("63) in font nullfont!
Missing character: There is no k ("6B) in font nullfont!
Missing character: There is no F ("46) in font nullfont!
Missing character: There is no u ("75) in font nullfont!
Missing character: There is no n ("6E) in font nullfont!
Missing character: There is no c ("63) in font nullfont!
Missing character: There is no 阶 ("9636) in font nullfont!
Missing character: There is no 段 ("6BB5) in font nullfont!
Missing character: There is no ， ("FF0C) in font nullfont!
Missing character: There is no 通 ("901A) in font nullfont!
Missing character: There is no 过 ("8FC7) in font nullfont!
Missing character: There is no 条 ("6761) in font nullfont!
Missing character: There is no 件 ("4EF6) in font nullfont!
Missing character: There is no 编 ("7F16) in font nullfont!
Missing character: There is no 译 ("8BD1) in font nullfont!
Missing character: There is no 区 ("533A) in font nullfont!
Missing character: There is no 分 ("5206) in font nullfont!
Missing character: There is no 通 ("901A) in font nullfont!
Missing character: There is no 用 ("7528) in font nullfont!
Missing character: There is no 平 ("5E73) in font nullfont!
Missing character: There is no 台 ("53F0) in font nullfont!
Missing character: There is no 和 ("548C) in font nullfont!
Missing character: There is no D ("44) in font nullfont!
Missing character: There is no S ("53) in font nullfont!
Missing character: There is no P ("50) in font nullfont!
Missing character: There is no 平 ("5E73) in font nullfont!
Missing character: There is no 台 ("53F0) in font nullfont!
Missing character: There is no ， ("FF0C) in font nullfont!
Missing character: There is no 为 ("4E3A) in font nullfont!
Missing character: There is no D ("44) in font nullfont!
Missing character: There is no S ("53) in font nullfont!
Missing character: There is no P ("50) in font nullfont!
Missing character: There is no 环 ("73AF) in font nullfont!
Missing character: There is no 境 ("5883) in font nullfont!
Missing character: There is no 添 ("6DFB) in font nullfont!
Missing character: There is no 加 ("52A0) in font nullfont!
Missing character: There is no 专 ("4E13) in font nullfont!
Missing character: There is no 用 ("7528) in font nullfont!
Missing character: There is no 调 ("8C03) in font nullfont!
Missing character: There is no 试 ("8BD5) in font nullfont!
Missing character: There is no 头 ("5934) in font nullfont!
Missing character: There is no 文 ("6587) in font nullfont!
Missing character: There is no 件 ("4EF6) in font nullfont!
Missing character: There is no ， ("FF0C) in font nullfont!
Missing character: There is no 并 ("5E76) in font nullfont!
Missing character: There is no 声 ("58F0) in font nullfont!
Missing character: There is no 明 ("660E) in font nullfont!
Missing character: There is no 调 ("8C03) in font nullfont!
Missing character: There is no 试 ("8BD5) in font nullfont!
Missing character: There is no 输 ("8F93) in font nullfont!
Missing character: There is no 出 ("51FA) in font nullfont!
Missing character: There is no 相 ("76F8) in font nullfont!
Missing character: There is no 关 ("5173) in font nullfont!
Missing character: There is no 的 ("7684) in font nullfont!
Missing character: There is no 函 ("51FD) in font nullfont!
Missing character: There is no 数 ("6570) in font nullfont!
Missing character: There is no 接 ("63A5) in font nullfont!
Missing character: There is no 口 ("53E3) in font nullfont!
Missing character: There is no ， ("FF0C) in font nullfont!
Missing character: There is no 对 ("5BF9) in font nullfont!
Missing character: There is no 应 ("5E94) in font nullfont!
Missing character: There is no 函 ("51FD) in font nullfont!
Missing character: There is no 数 ("6570) in font nullfont!
Missing character: There is no 如 ("5982) in font nullfont!
Missing character: There is no 下 ("4E0B) in font nullfont!
Missing character: There is no 所 ("6240) in font nullfont!
Missing character: There is no 示 ("793A) in font nullfont!
Missing character: There is no 。 ("3002) in font nullfont!

Overfull \hbox (20.0pt too wide) in paragraph at lines 320--322
[]
 []

! Undefined control sequence.
l.323 \lstset
             {language=c++}
The control sequence at the end of the top line
of your error message was never \def'ed. If you have
misspelled it (e.g., `\hobx'), type `I' and the correct
spelling (e.g., `I\hbox'). Otherwise just continue,
and I'll forget about whatever was undefined.

Missing character: There is no l ("6C) in font nullfont!
Missing character: There is no a ("61) in font nullfont!
Missing character: There is no n ("6E) in font nullfont!
Missing character: There is no g ("67) in font nullfont!
Missing character: There is no u ("75) in font nullfont!
Missing character: There is no a ("61) in font nullfont!
Missing character: There is no g ("67) in font nullfont!
Missing character: There is no e ("65) in font nullfont!
Missing character: There is no = ("3D) in font nullfont!
Missing character: There is no c ("63) in font nullfont!
Missing character: There is no + ("2B) in font nullfont!
Missing character: There is no + ("2B) in font nullfont!

! LaTeX Error: Environment lstlisting undefined.

See the LaTeX manual or LaTeX Companion for explanation.
Type  H <return>  for immediate help.
 ...                                              
                                                  
l.324 \begin{lstlisting}
                        [language=C++]
Your command was ignored.
Type  I <command> <return>  to replace it with another command,
or  <return>  to continue without it.

Missing character: There is no [ ("5B) in font nullfont!
Missing character: There is no l ("6C) in font nullfont!
Missing character: There is no a ("61) in font nullfont!
Missing character: There is no n ("6E) in font nullfont!
Missing character: There is no g ("67) in font nullfont!
Missing character: There is no u ("75) in font nullfont!
Missing character: There is no a ("61) in font nullfont!
Missing character: There is no g ("67) in font nullfont!
Missing character: There is no e ("65) in font nullfont!
Missing character: There is no = ("3D) in font nullfont!
Missing character: There is no C ("43) in font nullfont!
Missing character: There is no + ("2B) in font nullfont!
Missing character: There is no + ("2B) in font nullfont!
Missing character: There is no ] ("5D) in font nullfont!
Missing character: There is no v ("76) in font nullfont!
Missing character: There is no o ("6F) in font nullfont!
Missing character: There is no i ("69) in font nullfont!
Missing character: There is no d ("64) in font nullfont!
Missing character: There is no e ("65) in font nullfont!
Missing character: There is no m ("6D) in font nullfont!
Missing character: There is no i ("69) in font nullfont!
Missing character: There is no t ("74) in font nullfont!
Missing character: There is no C ("43) in font nullfont!
Missing character: There is no h ("68) in font nullfont!
Missing character: There is no e ("65) in font nullfont!
Missing character: There is no c ("63) in font nullfont!
Missing character: There is no k ("6B) in font nullfont!
Missing character: There is no F ("46) in font nullfont!
Missing character: There is no u ("75) in font nullfont!
Missing character: There is no n ("6E) in font nullfont!
Missing character: There is no c ("63) in font nullfont!
Missing character: There is no ( ("28) in font nullfont!
Missing character: There is no s ("73) in font nullfont!
Missing character: There is no t ("74) in font nullfont!
Missing character: There is no d ("64) in font nullfont!
Missing character: There is no : ("3A) in font nullfont!
Missing character: There is no : ("3A) in font nullfont!
Missing character: There is no o ("6F) in font nullfont!
Missing character: There is no s ("73) in font nullfont!
Missing character: There is no t ("74) in font nullfont!
Missing character: There is no r ("72) in font nullfont!
Missing character: There is no e ("65) in font nullfont!
Missing character: There is no a ("61) in font nullfont!
Missing character: There is no m ("6D) in font nullfont!
! Misplaced alignment tab character &.
l.325 void emitCheckFunc(std::ostream &
                                       stream) {
I can't figure out why you would want to use a tab mark
here. If you just want an ampersand, the remedy is
simple: Just type `I\&' now. But if some right brace
up above has ended a previous alignment prematurely,
you're probably due for more error messages, and you
might try typing `S' now just to see what is salvageable.

Missing character: There is no s ("73) in font nullfont!
Missing character: There is no t ("74) in font nullfont!
Missing character: There is no r ("72) in font nullfont!
Missing character: There is no e ("65) in font nullfont!
Missing character: There is no a ("61) in font nullfont!
Missing character: There is no m ("6D) in font nullfont!
Missing character: There is no ) ("29) in font nullfont!
Missing character: There is no s ("73) in font nullfont!
Missing character: There is no t ("74) in font nullfont!
Missing character: There is no d ("64) in font nullfont!
Missing character: There is no : ("3A) in font nullfont!
Missing character: There is no : ("3A) in font nullfont!
Missing character: There is no o ("6F) in font nullfont!
Missing character: There is no s ("73) in font nullfont!
Missing character: There is no t ("74) in font nullfont!
Missing character: There is no r ("72) in font nullfont!
Missing character: There is no e ("65) in font nullfont!
Missing character: There is no a ("61) in font nullfont!
Missing character: There is no m ("6D) in font nullfont!
! Misplaced alignment tab character &.
l.326 ^^Istd::ostream &
                       out_file = stream;
I can't figure out why you would want to use a tab mark
here. If you just want an ampersand, the remedy is
simple: Just type `I\&' now. But if some right brace
up above has ended a previous alignment prematurely,
you're probably due for more error messages, and you
might try typing `S' now just to see what is salvageable.

Missing character: There is no o ("6F) in font nullfont!
Missing character: There is no u ("75) in font nullfont!
Missing character: There is no t ("74) in font nullfont!
! Missing $ inserted.
<inserted text> 
                $
l.326 ^^Istd::ostream &out_
                           file = stream;
I've inserted a begin-math/end-math symbol since I think
you left one out. Proceed, with fingers crossed.

! You can't use `macro parameter character #' in math mode.
l.327 ^^Iout_file << "#
                       ifdef DSP_VALIDATION\n";
Sorry, but I'm not programmed to handle this case;
I'll just pretend that you didn't ask for it.
If you're in the wrong mode, you might be able to
return to the right one by typing `I}' or `I$' or `I\par'.

! Undefined control sequence.
l.327 ^^Iout_file << "#ifdef DSP_VALIDATION\n
                                             ";
The control sequence at the end of the top line
of your error message was never \def'ed. If you have
misspelled it (e.g., `\hobx'), type `I' and the correct
spelling (e.g., `I\hbox'). Otherwise just continue,
and I'll forget about whatever was undefined.

! You can't use `macro parameter character #' in math mode.
l.328 ^^Iout_file << "#
                       include <swift_debug.h>\n";
Sorry, but I'm not programmed to handle this case;
I'll just pretend that you didn't ask for it.
If you're in the wrong mode, you might be able to
return to the right one by typing `I}' or `I$' or `I\par'.

! Undefined control sequence.
l.328 ^^Iout_file << "#include <swift_debug.h>\n
                                                ";
The control sequence at the end of the top line
of your error message was never \def'ed. If you have
misspelled it (e.g., `\hobx'), type `I' and the correct
spelling (e.g., `I\hbox'). Otherwise just continue,
and I'll forget about whatever was undefined.

! You can't use `macro parameter character #' in math mode.
l.329 ^^Iout_file << "#
                       else\n";
Sorry, but I'm not programmed to handle this case;
I'll just pretend that you didn't ask for it.
If you're in the wrong mode, you might be able to
return to the right one by typing `I}' or `I$' or `I\par'.

! Undefined control sequence.
l.329 ^^Iout_file << "#else\n
                             ";
The control sequence at the end of the top line
of your error message was never \def'ed. If you have
misspelled it (e.g., `\hobx'), type `I' and the correct
spelling (e.g., `I\hbox'). Otherwise just continue,
and I'll forget about whatever was undefined.

! You can't use `macro parameter character #' in math mode.
l.330 ^^Iout_file << "#
                       include <stdio.h>\n\n";
Sorry, but I'm not programmed to handle this case;
I'll just pretend that you didn't ask for it.
If you're in the wrong mode, you might be able to
return to the right one by typing `I}' or `I$' or `I\par'.

! Undefined control sequence.
l.330 ^^Iout_file << "#include <stdio.h>\n
                                          \n";
The control sequence at the end of the top line
of your error message was never \def'ed. If you have
misspelled it (e.g., `\hobx'), type `I' and the correct
spelling (e.g., `I\hbox'). Otherwise just continue,
and I'll forget about whatever was undefined.

! Undefined control sequence.
l.330 ^^Iout_file << "#include <stdio.h>\n\n
                                            ";
The control sequence at the end of the top line
of your error message was never \def'ed. If you have
misspelled it (e.g., `\hobx'), type `I' and the correct
spelling (e.g., `I\hbox'). Otherwise just continue,
and I'll forget about whatever was undefined.

! You can't use `macro parameter character #' in math mode.
l.331 ^^Iout_file << "#
                       endif\n";
Sorry, but I'm not programmed to handle this case;
I'll just pretend that you didn't ask for it.
If you're in the wrong mode, you might be able to
return to the right one by typing `I}' or `I$' or `I\par'.

! Undefined control sequence.
l.331 ^^Iout_file << "#endif\n
                              ";
The control sequence at the end of the top line
of your error message was never \def'ed. If you have
misspelled it (e.g., `\hobx'), type `I' and the correct
spelling (e.g., `I\hbox'). Otherwise just continue,
and I'll forget about whatever was undefined.

! Extra }, or forgotten $.
l.332 ^^I...... }
                 
I've deleted a group-closing symbol because it seems to be
spurious, as in `$x}$'. But perhaps the } is legitimate and
you forgot something else, as in `\hbox{$x}'. In such cases
the way to recover is to insert both the forgotten and the
deleted material, e.g., by typing `I$}'.


! LaTeX Error: \begin{document} ended by \end{lstlisting}.

See the LaTeX manual or LaTeX Companion for explanation.
Type  H <return>  for immediate help.
 ...                                              
                                                  
l.333 \end{lstlisting}
                      
Your command was ignored.
Type  I <command> <return>  to replace it with another command,
or  <return>  to continue without it.

! Missing $ inserted.
<inserted text> 
                $
l.333 \end{lstlisting}
                      
I've inserted something that you may have forgotten.
(See the <inserted text> above.)
With luck, this will get me unwedged. But if you
really didn't forget anything, try typing `2' now; then
my insertion and my current dilemma will both disappear.

! Missing } inserted.
<inserted text> 
                }
l.333 \end{lstlisting}
                      
I've inserted something that you may have forgotten.
(See the <inserted text> above.)
With luck, this will get me unwedged. But if you
really didn't forget anything, try typing `2' now; then
my insertion and my current dilemma will both disappear.


Overfull \hbox (20.0pt too wide) in paragraph at lines 323--334
[]
 []


Overfull \hbox (27.02156pt too wide) in paragraph at lines 323--334
[]\OML/cmm/m/it/10 ile \OT1/cmr/m/n/10 =
 []


Overfull \hbox (85.23697pt too wide) in paragraph at lines 323--334
\OML/cmm/m/it/10 stream\OT1/cmr/m/n/10 ; \OML/cmm/m/it/10 out[]ile <<
 []


Overfull \hbox (182.29417pt too wide) in paragraph at lines 323--334
\OT1/cmr/m/n/10 "\OML/cmm/m/it/10 ifdefDSP[]ALIDATION\OT1/cmr/m/n/10 "; \OML/cm
m/m/it/10 out[]ile <<
 []


Overfull \hbox (48.09685pt too wide) in paragraph at lines 323--334
\OT1/cmr/m/n/10 "\OML/cmm/m/it/10 include <
 []


Overfull \hbox (68.70297pt too wide) in paragraph at lines 323--334
\OML/cmm/m/it/10 swift[]ebug:h >
 []


Overfull \hbox (58.42671pt too wide) in paragraph at lines 323--334
\OT1/cmr/m/n/10 "; \OML/cmm/m/it/10 out[]ile <<
 []


Overfull \hbox (80.60733pt too wide) in paragraph at lines 323--334
\OT1/cmr/m/n/10 "\OML/cmm/m/it/10 else\OT1/cmr/m/n/10 "; \OML/cmm/m/it/10 out[]
ile <<
 []


Overfull \hbox (48.09685pt too wide) in paragraph at lines 323--334
\OT1/cmr/m/n/10 "\OML/cmm/m/it/10 include <
 []


Overfull \hbox (40.89072pt too wide) in paragraph at lines 323--334
\OML/cmm/m/it/10 stdio:h >
 []


Overfull \hbox (58.42671pt too wide) in paragraph at lines 323--334
\OT1/cmr/m/n/10 "; \OML/cmm/m/it/10 out[]ile <<
 []


Overfull \hbox (56.39203pt too wide) in paragraph at lines 323--334
\OT1/cmr/m/n/10 "\OML/cmm/m/it/10 endif\OT1/cmr/m/n/10 "; \OML/cmm/m/it/10 ::::
::$ 
 []

Missing character: There is no 其 ("5176) in font nullfont!
Missing character: There is no 中 ("4E2D) in font nullfont!
Missing character: There is no ， ("FF0C) in font nullfont!
Missing character: There is no D ("44) in font nullfont!
Missing character: There is no S ("53) in font nullfont!
Missing character: There is no P ("50) in font nullfont!
Missing character: There is no V ("56) in font nullfont!
Missing character: There is no A ("41) in font nullfont!
Missing character: There is no L ("4C) in font nullfont!
Missing character: There is no I ("49) in font nullfont!
Missing character: There is no D ("44) in font nullfont!
Missing character: There is no A ("41) in font nullfont!
Missing character: There is no T ("54) in font nullfont!
Missing character: There is no I ("49) in font nullfont!
Missing character: There is no O ("4F) in font nullfont!
Missing character: There is no N ("4E) in font nullfont!
Missing character: There is no 用 ("7528) in font nullfont!
Missing character: There is no 于 ("4E8E) in font nullfont!
Missing character: There is no 标 ("6807) in font nullfont!
Missing character: There is no 识 ("8BC6) in font nullfont!
Missing character: There is no 当 ("5F53) in font nullfont!
Missing character: There is no 前 ("524D) in font nullfont!
Missing character: There is no 测 ("6D4B) in font nullfont!
Missing character: There is no 试 ("8BD5) in font nullfont!
Missing character: There is no 是 ("662F) in font nullfont!
Missing character: There is no 否 ("5426) in font nullfont!
Missing character: There is no 运 ("8FD0) in font nullfont!
Missing character: There is no 行 ("884C) in font nullfont!
Missing character: There is no 于 ("4E8E) in font nullfont!
Missing character: There is no D ("44) in font nullfont!
Missing character: There is no S ("53) in font nullfont!
Missing character: There is no P ("50) in font nullfont!
Missing character: There is no 验 ("9A8C) in font nullfont!
Missing character: There is no 证 ("8BC1) in font nullfont!
Missing character: There is no 环 ("73AF) in font nullfont!
Missing character: There is no 境 ("5883) in font nullfont!
Missing character: There is no 。 ("3002) in font nullfont!
Missing character: There is no 该 ("8BE5) in font nullfont!
Missing character: There is no 宏 ("5B8F) in font nullfont!
Missing character: There is no 由 ("7531) in font nullfont!
Missing character: There is no 测 ("6D4B) in font nullfont!
Missing character: There is no 试 ("8BD5) in font nullfont!
Missing character: There is no 流 ("6D41) in font nullfont!
Missing character: There is no 水 ("6C34) in font nullfont!
Missing character: There is no 线 ("7EBF) in font nullfont!
Missing character: There is no 在 ("5728) in font nullfont!
Missing character: There is no 编 ("7F16) in font nullfont!
Missing character: There is no 译 ("8BD1) in font nullfont!
Missing character: There is no 阶 ("9636) in font nullfont!
Missing character: There is no 段 ("6BB5) in font nullfont!
Missing character: There is no 统 ("7EDF) in font nullfont!
Missing character: There is no 一 ("4E00) in font nullfont!
Missing character: There is no 注 ("6CE8) in font nullfont!
Missing character: There is no 入 ("5165) in font nullfont!
Missing character: There is no ， ("FF0C) in font nullfont!
Missing character: There is no 从 ("4ECE) in font nullfont!
Missing character: There is no 而 ("800C) in font nullfont!
Missing character: There is no 保 ("4FDD) in font nullfont!
Missing character: There is no 证 ("8BC1) in font nullfont!
Missing character: There is no 同 ("540C) in font nullfont!
Missing character: There is no 一 ("4E00) in font nullfont!
Missing character: There is no 套 ("5957) in font nullfont!
Missing character: There is no 测 ("6D4B) in font nullfont!
Missing character: There is no 试 ("8BD5) in font nullfont!
Missing character: There is no 生 ("751F) in font nullfont!
Missing character: There is no 成 ("6210) in font nullfont!
Missing character: There is no 逻 ("903B) in font nullfont!
Missing character: There is no 辑 ("8F91) in font nullfont!
Missing character: There is no 可 ("53EF) in font nullfont!
Missing character: There is no 同 ("540C) in font nullfont!
Missing character: There is no 时 ("65F6) in font nullfont!
Missing character: There is no 服 ("670D) in font nullfont!
Missing character: There is no 务 ("52A1) in font nullfont!
Missing character: There is no 于 ("4E8E) in font nullfont!
Missing character: There is no 通 ("901A) in font nullfont!
Missing character: There is no 用 ("7528) in font nullfont!
Missing character: There is no 平 ("5E73) in font nullfont!
Missing character: There is no 台 ("53F0) in font nullfont!
Missing character: There is no 与 ("4E0E) in font nullfont!
Missing character: There is no D ("44) in font nullfont!
Missing character: There is no S ("53) in font nullfont!
Missing character: There is no P ("50) in font nullfont!
Missing character: There is no 平 ("5E73) in font nullfont!
Missing character: There is no 台 ("53F0) in font nullfont!
Missing character: There is no ， ("FF0C) in font nullfont!
Missing character: There is no 避 ("907F) in font nullfont!
Missing character: There is no 免 ("514D) in font nullfont!
Missing character: There is no 代 ("4EE3) in font nullfont!
Missing character: There is no 码 ("7801) in font nullfont!
Missing character: There is no 分 ("5206) in font nullfont!
Missing character: There is no 叉 ("53C9) in font nullfont!
Missing character: There is no 维 ("7EF4) in font nullfont!
Missing character: There is no 护 ("62A4) in font nullfont!
Missing character: There is no 。 ("3002) in font nullfont!
Missing character: There is no 通 ("901A) in font nullfont!
Missing character: There is no 过 ("8FC7) in font nullfont!
Missing character: There is no 该 ("8BE5) in font nullfont!
Missing character: There is no 方 ("65B9) in font nullfont!
Missing character: There is no 式 ("5F0F) in font nullfont!
Missing character: There is no ， ("FF0C) in font nullfont!
Missing character: There is no Y ("59) in font nullfont!
Missing character: There is no A ("41) in font nullfont!
Missing character: There is no R ("52) in font nullfont!
Missing character: There is no P ("50) in font nullfont!
Missing character: There is no G ("47) in font nullfont!
Missing character: There is no e ("65) in font nullfont!
Missing character: There is no n ("6E) in font nullfont!
Missing character: There is no 在 ("5728) in font nullfont!
Missing character: There is no D ("44) in font nullfont!
Missing character: There is no S ("53) in font nullfont!
Missing character: There is no P ("50) in font nullfont!
Missing character: There is no 模 ("6A21) in font nullfont!
Missing character: There is no 式 ("5F0F) in font nullfont!
Missing character: There is no 下 ("4E0B) in font nullfont!
Missing character: There is no 能 ("80FD) in font nullfont!
Missing character: There is no 够 ("591F) in font nullfont!
Missing character: There is no 调 ("8C03) in font nullfont!
Missing character: There is no 用 ("7528) in font nullfont!
Missing character: There is no 调 ("8C03) in font nullfont!
Missing character: There is no 试 ("8BD5) in font nullfont!
Missing character: There is no 头 ("5934) in font nullfont!
Missing character: There is no 文 ("6587) in font nullfont!
Missing character: There is no 件 ("4EF6) in font nullfont!
Missing character: There is no 中 ("4E2D) in font nullfont!
Missing character: There is no 提 ("63D0) in font nullfont!
Missing character: There is no 供 ("4F9B) in font nullfont!
Missing character: There is no 的 ("7684) in font nullfont!
Missing character: There is no 调 ("8C03) in font nullfont!
Missing character: There is no 试 ("8BD5) in font nullfont!
Missing character: There is no 输 ("8F93) in font nullfont!
Missing character: There is no 出 ("51FA) in font nullfont!
Missing character: There is no 接 ("63A5) in font nullfont!
Missing character: There is no 口 ("53E3) in font nullfont!
Missing character: There is no ， ("FF0C) in font nullfont!
Missing character: There is no 实 ("5B9E) in font nullfont!
Missing character: There is no 现 ("73B0) in font nullfont!
Missing character: There is no 与 ("4E0E) in font nullfont!
Missing character: There is no D ("44) in font nullfont!
Missing character: There is no S ("53) in font nullfont!
Missing character: There is no P ("50) in font nullfont!
Missing character: There is no 仿 ("4EFF) in font nullfont!
Missing character: There is no 真 ("771F) in font nullfont!
Missing character: There is no 器 ("5668) in font nullfont!
Missing character: There is no 或 ("6216) in font nullfont!
Missing character: There is no 硬 ("786C) in font nullfont!
Missing character: There is no 件 ("4EF6) in font nullfont!
Missing character: There is no 调 ("8C03) in font nullfont!
Missing character: There is no 试 ("8BD5) in font nullfont!
Missing character: There is no 环 ("73AF) in font nullfont!
Missing character: There is no 境 ("5883) in font nullfont!
Missing character: There is no 的 ("7684) in font nullfont!
Missing character: There is no 对 ("5BF9) in font nullfont!
Missing character: There is no 接 ("63A5) in font nullfont!
Missing character: There is no 。 ("3002) in font nullfont!

Overfull \hbox (20.0pt too wide) in paragraph at lines 335--336
[][] 
 []

! Undefined control sequence.
l.338 \subsubsection
                    {2.添加DSP专用调试输出逻辑}
The control sequence at the end of the top line
of your error message was never \def'ed. If you have
misspelled it (e.g., `\hobx'), type `I' and the correct
spelling (e.g., `I\hbox'). Otherwise just continue,
and I'll forget about whatever was undefined.

Missing character: There is no 2 ("32) in font nullfont!
Missing character: There is no . ("2E) in font nullfont!
Missing character: There is no 添 ("6DFB) in font nullfont!
Missing character: There is no 加 ("52A0) in font nullfont!
Missing character: There is no D ("44) in font nullfont!
Missing character: There is no S ("53) in font nullfont!
Missing character: There is no P ("50) in font nullfont!
Missing character: There is no 专 ("4E13) in font nullfont!
Missing character: There is no 用 ("7528) in font nullfont!
Missing character: There is no 调 ("8C03) in font nullfont!
Missing character: There is no 试 ("8BD5) in font nullfont!
Missing character: There is no 输 ("8F93) in font nullfont!
Missing character: There is no 出 ("51FA) in font nullfont!
Missing character: There is no 逻 ("903B) in font nullfont!
Missing character: There is no 辑 ("8F91) in font nullfont!
Missing character: There is no 在 ("5728) in font nullfont!
Missing character: There is no 通 ("901A) in font nullfont!
Missing character: There is no 用 ("7528) in font nullfont!
Missing character: There is no 平 ("5E73) in font nullfont!
Missing character: There is no 台 ("53F0) in font nullfont!
Missing character: There is no 中 ("4E2D) in font nullfont!
Missing character: There is no ， ("FF0C) in font nullfont!
Missing character: There is no Y ("59) in font nullfont!
Missing character: There is no A ("41) in font nullfont!
Missing character: There is no R ("52) in font nullfont!
Missing character: There is no P ("50) in font nullfont!
Missing character: There is no G ("47) in font nullfont!
Missing character: There is no e ("65) in font nullfont!
Missing character: There is no n ("6E) in font nullfont!
Missing character: There is no 通 ("901A) in font nullfont!
Missing character: There is no 过 ("8FC7) in font nullfont!
Missing character: There is no 标 ("6807) in font nullfont!
Missing character: There is no 准 ("51C6) in font nullfont!
Missing character: There is no 输 ("8F93) in font nullfont!
Missing character: There is no 出 ("51FA) in font nullfont!
Missing character: There is no 对 ("5BF9) in font nullfont!
Missing character: There is no 程 ("7A0B) in font nullfont!
Missing character: There is no 序 ("5E8F) in font nullfont!
Missing character: There is no 执 ("6267) in font nullfont!
Missing character: There is no 行 ("884C) in font nullfont!
Missing character: There is no 结 ("7ED3) in font nullfont!
Missing character: There is no 果 ("679C) in font nullfont!
Missing character: There is no 进 ("8FDB) in font nullfont!
Missing character: There is no 行 ("884C) in font nullfont!
Missing character: There is no 校 ("6821) in font nullfont!
Missing character: There is no 验 ("9A8C) in font nullfont!
Missing character: There is no ； ("FF1B) in font nullfont!
Missing character: There is no 而 ("800C) in font nullfont!
Missing character: There is no 在 ("5728) in font nullfont!
Missing character: There is no D ("44) in font nullfont!
Missing character: There is no S ("53) in font nullfont!
Missing character: There is no P ("50) in font nullfont!
Missing character: There is no 平 ("5E73) in font nullfont!
Missing character: There is no 台 ("53F0) in font nullfont!
Missing character: There is no 上 ("4E0A) in font nullfont!
Missing character: There is no ， ("FF0C) in font nullfont!
Missing character: There is no 测 ("6D4B) in font nullfont!
Missing character: There is no 试 ("8BD5) in font nullfont!
Missing character: There is no 结 ("7ED3) in font nullfont!
Missing character: There is no 果 ("679C) in font nullfont!
Missing character: There is no 需 ("9700) in font nullfont!
Missing character: There is no 要 ("8981) in font nullfont!
Missing character: There is no 通 ("901A) in font nullfont!
Missing character: There is no 过 ("8FC7) in font nullfont!
Missing character: There is no 专 ("4E13) in font nullfont!
Missing character: There is no 用 ("7528) in font nullfont!
Missing character: There is no 调 ("8C03) in font nullfont!
Missing character: There is no 试 ("8BD5) in font nullfont!
Missing character: There is no 通 ("901A) in font nullfont!
Missing character: There is no 道 ("9053) in font nullfont!
Missing character: There is no 输 ("8F93) in font nullfont!
Missing character: There is no 出 ("51FA) in font nullfont!
Missing character: There is no ， ("FF0C) in font nullfont!
Missing character: There is no 以 ("4EE5) in font nullfont!
Missing character: There is no 便 ("4FBF) in font nullfont!
Missing character: There is no 测 ("6D4B) in font nullfont!
Missing character: There is no 试 ("8BD5) in font nullfont!
Missing character: There is no 框 ("6846) in font nullfont!
Missing character: There is no 架 ("67B6) in font nullfont!
Missing character: There is no 进 ("8FDB) in font nullfont!
Missing character: There is no 行 ("884C) in font nullfont!
Missing character: There is no 采 ("91C7) in font nullfont!
Missing character: There is no 集 ("96C6) in font nullfont!
Missing character: There is no 与 ("4E0E) in font nullfont!
Missing character: There is no 比 ("6BD4) in font nullfont!
Missing character: There is no 对 ("5BF9) in font nullfont!
Missing character: There is no 。 ("3002) in font nullfont!
Missing character: There is no 为 ("4E3A) in font nullfont!
Missing character: There is no 此 ("6B64) in font nullfont!
Missing character: There is no ， ("FF0C) in font nullfont!
Missing character: There is no 在 ("5728) in font nullfont!
Missing character: There is no Y ("59) in font nullfont!
Missing character: There is no A ("41) in font nullfont!
Missing character: There is no R ("52) in font nullfont!
Missing character: There is no P ("50) in font nullfont!
Missing character: There is no G ("47) in font nullfont!
Missing character: There is no e ("65) in font nullfont!
Missing character: There is no n ("6E) in font nullfont!
Missing character: There is no 的 ("7684) in font nullfont!
Missing character: There is no e ("65) in font nullfont!
Missing character: There is no m ("6D) in font nullfont!
Missing character: There is no i ("69) in font nullfont!
Missing character: There is no t ("74) in font nullfont!
Missing character: There is no M ("4D) in font nullfont!
Missing character: There is no a ("61) in font nullfont!
Missing character: There is no i ("69) in font nullfont!
Missing character: There is no n ("6E) in font nullfont!
Missing character: There is no 阶 ("9636) in font nullfont!
Missing character: There is no 段 ("6BB5) in font nullfont!
Missing character: There is no 中 ("4E2D) in font nullfont!
Missing character: There is no ， ("FF0C) in font nullfont!
Missing character: There is no 通 ("901A) in font nullfont!
Missing character: There is no 过 ("8FC7) in font nullfont!
Missing character: There is no 条 ("6761) in font nullfont!
Missing character: There is no 件 ("4EF6) in font nullfont!
Missing character: There is no 编 ("7F16) in font nullfont!
Missing character: There is no 译 ("8BD1) in font nullfont!
Missing character: There is no 为 ("4E3A) in font nullfont!
Missing character: There is no D ("44) in font nullfont!
Missing character: There is no S ("53) in font nullfont!
Missing character: There is no P ("50) in font nullfont!
Missing character: There is no 环 ("73AF) in font nullfont!
Missing character: There is no 境 ("5883) in font nullfont!
Missing character: There is no 下 ("4E0B) in font nullfont!
Missing character: There is no 添 ("6DFB) in font nullfont!
Missing character: There is no 加 ("52A0) in font nullfont!
Missing character: There is no 调 ("8C03) in font nullfont!
Missing character: There is no 试 ("8BD5) in font nullfont!
Missing character: There is no 函 ("51FD) in font nullfont!
Missing character: There is no 数 ("6570) in font nullfont!
Missing character: There is no 调 ("8C03) in font nullfont!
Missing character: There is no 用 ("7528) in font nullfont!
Missing character: There is no ， ("FF0C) in font nullfont!
Missing character: There is no 用 ("7528) in font nullfont!
Missing character: There is no 于 ("4E8E) in font nullfont!
Missing character: There is no 输 ("8F93) in font nullfont!
Missing character: There is no 出 ("51FA) in font nullfont!
Missing character: There is no 校 ("6821) in font nullfont!
Missing character: There is no 验 ("9A8C) in font nullfont!
Missing character: There is no 结 ("7ED3) in font nullfont!
Missing character: There is no 果 ("679C) in font nullfont!
Missing character: There is no 。 ("3002) in font nullfont!

Overfull \hbox (20.0pt too wide) in paragraph at lines 338--340
[]
 []

! Undefined control sequence.
l.342 \subsubsection
                    {3.引入目标架构选项与条件编译参数}
The control sequence at the end of the top line
of your error message was never \def'ed. If you have
misspelled it (e.g., `\hobx'), type `I' and the correct
spelling (e.g., `I\hbox'). Otherwise just continue,
and I'll forget about whatever was undefined.

Missing character: There is no 3 ("33) in font nullfont!
Missing character: There is no . ("2E) in font nullfont!
Missing character: There is no 引 ("5F15) in font nullfont!
Missing character: There is no 入 ("5165) in font nullfont!
Missing character: There is no 目 ("76EE) in font nullfont!
Missing character: There is no 标 ("6807) in font nullfont!
Missing character: There is no 架 ("67B6) in font nullfont!
Missing character: There is no 构 ("6784) in font nullfont!
Missing character: There is no 选 ("9009) in font nullfont!
Missing character: There is no 项 ("9879) in font nullfont!
Missing character: There is no 与 ("4E0E) in font nullfont!
Missing character: There is no 条 ("6761) in font nullfont!
Missing character: There is no 件 ("4EF6) in font nullfont!
Missing character: There is no 编 ("7F16) in font nullfont!
Missing character: There is no 译 ("8BD1) in font nullfont!
Missing character: There is no 参 ("53C2) in font nullfont!
Missing character: There is no 数 ("6570) in font nullfont!
Missing character: There is no Y ("59) in font nullfont!
Missing character: There is no A ("41) in font nullfont!
Missing character: There is no R ("52) in font nullfont!
Missing character: There is no P ("50) in font nullfont!
Missing character: There is no G ("47) in font nullfont!
Missing character: There is no e ("65) in font nullfont!
Missing character: There is no n ("6E) in font nullfont!
Missing character: There is no 的 ("7684) in font nullfont!
Missing character: There is no 原 ("539F) in font nullfont!
Missing character: There is no 生 ("751F) in font nullfont!
Missing character: There is no 版 ("7248) in font nullfont!
Missing character: There is no 本 ("672C) in font nullfont!
Missing character: There is no 仅 ("4EC5) in font nullfont!
Missing character: There is no 区 ("533A) in font nullfont!
Missing character: There is no 分 ("5206) in font nullfont!
Missing character: There is no 生 ("751F) in font nullfont!
Missing character: There is no 成 ("6210) in font nullfont!
Missing character: There is no 语 ("8BED) in font nullfont!
Missing character: There is no 言 ("8A00) in font nullfont!
Missing character: There is no ， ("FF0C) in font nullfont!
Missing character: There is no 而 ("800C) in font nullfont!
Missing character: There is no 不 ("4E0D) in font nullfont!
Missing character: There is no 会 ("4F1A) in font nullfont!
Missing character: There is no 区 ("533A) in font nullfont!
Missing character: There is no 分 ("5206) in font nullfont!
Missing character: There is no 目 ("76EE) in font nullfont!
Missing character: There is no 标 ("6807) in font nullfont!
Missing character: There is no 后 ("540E) in font nullfont!
Missing character: There is no 端 ("7AEF) in font nullfont!
Missing character: There is no 架 ("67B6) in font nullfont!
Missing character: There is no 构 ("6784) in font nullfont!
Missing character: There is no 。 ("3002) in font nullfont!
Missing character: There is no 为 ("4E3A) in font nullfont!
Missing character: There is no 了 ("4E86) in font nullfont!
Missing character: There is no 支 ("652F) in font nullfont!
Missing character: There is no 持 ("6301) in font nullfont!
Missing character: There is no D ("44) in font nullfont!
Missing character: There is no S ("53) in font nullfont!
Missing character: There is no P ("50) in font nullfont!
Missing character: There is no 架 ("67B6) in font nullfont!
Missing character: There is no 构 ("6784) in font nullfont!
Missing character: There is no 的 ("7684) in font nullfont!
Missing character: There is no 相 ("76F8) in font nullfont!
Missing character: There is no 关 ("5173) in font nullfont!
Missing character: There is no 逻 ("903B) in font nullfont!
Missing character: There is no 辑 ("8F91) in font nullfont!
Missing character: There is no ， ("FF0C) in font nullfont!
Missing character: There is no 本 ("672C) in font nullfont!
Missing character: There is no 文 ("6587) in font nullfont!
Missing character: There is no 在 ("5728) in font nullfont!
Missing character: There is no Y ("59) in font nullfont!
Missing character: There is no A ("41) in font nullfont!
Missing character: There is no R ("52) in font nullfont!
Missing character: There is no P ("50) in font nullfont!
Missing character: There is no G ("47) in font nullfont!
Missing character: There is no e ("65) in font nullfont!
Missing character: There is no n ("6E) in font nullfont!
Missing character: There is no 中 ("4E2D) in font nullfont!
Missing character: There is no 引 ("5F15) in font nullfont!
Missing character: There is no 入 ("5165) in font nullfont!
Missing character: There is no 了 ("4E86) in font nullfont!
Missing character: There is no 目 ("76EE) in font nullfont!
Missing character: There is no 标 ("6807) in font nullfont!
Missing character: There is no 架 ("67B6) in font nullfont!
Missing character: There is no 构 ("6784) in font nullfont!
Missing character: There is no 选 ("9009) in font nullfont!
Missing character: There is no 项 ("9879) in font nullfont!
Missing character: There is no ， ("FF0C) in font nullfont!
Missing character: There is no 并 ("5E76) in font nullfont!
Missing character: There is no 通 ("901A) in font nullfont!
Missing character: There is no 过 ("8FC7) in font nullfont!
Missing character: There is no 条 ("6761) in font nullfont!
Missing character: There is no 件 ("4EF6) in font nullfont!
Missing character: There is no 编 ("7F16) in font nullfont!
Missing character: There is no 译 ("8BD1) in font nullfont!
Missing character: There is no 参 ("53C2) in font nullfont!
Missing character: There is no 数 ("6570) in font nullfont!
Missing character: There is no 来 ("6765) in font nullfont!
Missing character: There is no 控 ("63A7) in font nullfont!
Missing character: There is no 制 ("5236) in font nullfont!
Missing character: There is no 测 ("6D4B) in font nullfont!
Missing character: There is no 试 ("8BD5) in font nullfont!
Missing character: There is no 生 ("751F) in font nullfont!
Missing character: There is no 成 ("6210) in font nullfont!
Missing character: There is no 与 ("4E0E) in font nullfont!
Missing character: There is no 代 ("4EE3) in font nullfont!
Missing character: There is no 码 ("7801) in font nullfont!
Missing character: There is no 发 ("53D1) in font nullfont!
Missing character: There is no 射 ("5C04) in font nullfont!
Missing character: There is no 阶 ("9636) in font nullfont!
Missing character: There is no 段 ("6BB5) in font nullfont!
Missing character: There is no 的 ("7684) in font nullfont!
Missing character: There is no 具 ("5177) in font nullfont!
Missing character: There is no 体 ("4F53) in font nullfont!
Missing character: There is no 行 ("884C) in font nullfont!
Missing character: There is no 为 ("4E3A) in font nullfont!
Missing character: There is no 。 ("3002) in font nullfont!
Missing character: There is no 这 ("8FD9) in font nullfont!
Missing character: There is no 一 ("4E00) in font nullfont!
Missing character: There is no 改 ("6539) in font nullfont!
Missing character: There is no 动 ("52A8) in font nullfont!
Missing character: There is no 为 ("4E3A) in font nullfont!
Missing character: There is no 后 ("540E) in font nullfont!
Missing character: There is no 续 ("7EED) in font nullfont!
Missing character: There is no 引 ("5F15) in font nullfont!
Missing character: There is no 入 ("5165) in font nullfont!
Missing character: There is no D ("44) in font nullfont!
Missing character: There is no S ("53) in font nullfont!
Missing character: There is no P ("50) in font nullfont!
Missing character: There is no 架 ("67B6) in font nullfont!
Missing character: There is no 构 ("6784) in font nullfont!
Missing character: There is no 的 ("7684) in font nullfont!
Missing character: There is no I ("49) in font nullfont!
Missing character: There is no n ("6E) in font nullfont!
Missing character: There is no t ("74) in font nullfont!
Missing character: There is no r ("72) in font nullfont!
Missing character: There is no i ("69) in font nullfont!
Missing character: There is no n ("6E) in font nullfont!
Missing character: There is no s ("73) in font nullfont!
Missing character: There is no i ("69) in font nullfont!
Missing character: There is no c ("63) in font nullfont!
Missing character: There is no 集 ("96C6) in font nullfont!
Missing character: There is no 提 ("63D0) in font nullfont!
Missing character: There is no 供 ("4F9B) in font nullfont!
Missing character: There is no 了 ("4E86) in font nullfont!
Missing character: There is no 基 ("57FA) in font nullfont!
Missing character: There is no 础 ("7840) in font nullfont!
Missing character: There is no 设 ("8BBE) in font nullfont!
Missing character: There is no 施 ("65BD) in font nullfont!
Missing character: There is no 支 ("652F) in font nullfont!
Missing character: There is no 持 ("6301) in font nullfont!
Missing character: There is no 。 ("3002) in font nullfont!

Overfull \hbox (20.0pt too wide) in paragraph at lines 342--344
[]
 []

! Undefined control sequence.
l.346 \subsubsection
                    {4.添加DSP架构的Intrinsic}
The control sequence at the end of the top line
of your error message was never \def'ed. If you have
misspelled it (e.g., `\hobx'), type `I' and the correct
spelling (e.g., `I\hbox'). Otherwise just continue,
and I'll forget about whatever was undefined.

Missing character: There is no 4 ("34) in font nullfont!
Missing character: There is no . ("2E) in font nullfont!
Missing character: There is no 添 ("6DFB) in font nullfont!
Missing character: There is no 加 ("52A0) in font nullfont!
Missing character: There is no D ("44) in font nullfont!
Missing character: There is no S ("53) in font nullfont!
Missing character: There is no P ("50) in font nullfont!
Missing character: There is no 架 ("67B6) in font nullfont!
Missing character: There is no 构 ("6784) in font nullfont!
Missing character: There is no 的 ("7684) in font nullfont!
Missing character: There is no I ("49) in font nullfont!
Missing character: There is no n ("6E) in font nullfont!
Missing character: There is no t ("74) in font nullfont!
Missing character: There is no r ("72) in font nullfont!
Missing character: There is no i ("69) in font nullfont!
Missing character: There is no n ("6E) in font nullfont!
Missing character: There is no s ("73) in font nullfont!
Missing character: There is no i ("69) in font nullfont!
Missing character: There is no c ("63) in font nullfont!
Missing character: There is no 为 ("4E3A) in font nullfont!
Missing character: There is no 高 ("9AD8) in font nullfont!
Missing character: There is no 效 ("6548) in font nullfont!
Missing character: There is no 测 ("6D4B) in font nullfont!
Missing character: There is no 试 ("8BD5) in font nullfont!
Missing character: There is no D ("44) in font nullfont!
Missing character: There is no S ("53) in font nullfont!
Missing character: There is no P ("50) in font nullfont!
Missing character: There is no 编 ("7F16) in font nullfont!
Missing character: There is no 译 ("8BD1) in font nullfont!
Missing character: There is no 器 ("5668) in font nullfont!
Missing character: There is no 的 ("7684) in font nullfont!
Missing character: There is no 行 ("884C) in font nullfont!
Missing character: There is no 为 ("4E3A) in font nullfont!
Missing character: There is no ， ("FF0C) in font nullfont!
Missing character: There is no 尤 ("5C24) in font nullfont!
Missing character: There is no 其 ("5176) in font nullfont!
Missing character: There is no 是 ("662F) in font nullfont!
Missing character: There is no 指 ("6307) in font nullfont!
Missing character: There is no 令 ("4EE4) in font nullfont!
Missing character: There is no 选 ("9009) in font nullfont!
Missing character: There is no 择 ("62E9) in font nullfont!
Missing character: There is no 阶 ("9636) in font nullfont!
Missing character: There is no 段 ("6BB5) in font nullfont!
Missing character: There is no 对 ("5BF9) in font nullfont!
Missing character: There is no I ("49) in font nullfont!
Missing character: There is no n ("6E) in font nullfont!
Missing character: There is no t ("74) in font nullfont!
Missing character: There is no r ("72) in font nullfont!
Missing character: There is no i ("69) in font nullfont!
Missing character: There is no n ("6E) in font nullfont!
Missing character: There is no s ("73) in font nullfont!
Missing character: There is no i ("69) in font nullfont!
Missing character: There is no c ("63) in font nullfont!
Missing character: There is no 的 ("7684) in font nullfont!
Missing character: There is no 处 ("5904) in font nullfont!
Missing character: There is no 理 ("7406) in font nullfont!
Missing character: There is no ， ("FF0C) in font nullfont!
Missing character: There is no 本 ("672C) in font nullfont!
Missing character: There is no 文 ("6587) in font nullfont!
Missing character: There is no 在 ("5728) in font nullfont!
Missing character: There is no Y ("59) in font nullfont!
Missing character: There is no A ("41) in font nullfont!
Missing character: There is no R ("52) in font nullfont!
Missing character: There is no P ("50) in font nullfont!
Missing character: There is no G ("47) in font nullfont!
Missing character: There is no e ("65) in font nullfont!
Missing character: There is no n ("6E) in font nullfont!
Missing character: There is no 中 ("4E2D) in font nullfont!
Missing character: There is no 引 ("5F15) in font nullfont!
Missing character: There is no 入 ("5165) in font nullfont!
Missing character: There is no 了 ("4E86) in font nullfont!
Missing character: There is no D ("44) in font nullfont!
Missing character: There is no S ("53) in font nullfont!
Missing character: There is no P ("50) in font nullfont!
Missing character: There is no 架 ("67B6) in font nullfont!
Missing character: There is no 构 ("6784) in font nullfont!
Missing character: There is no 的 ("7684) in font nullfont!
Missing character: There is no I ("49) in font nullfont!
Missing character: There is no n ("6E) in font nullfont!
Missing character: There is no t ("74) in font nullfont!
Missing character: There is no r ("72) in font nullfont!
Missing character: There is no i ("69) in font nullfont!
Missing character: There is no n ("6E) in font nullfont!
Missing character: There is no s ("73) in font nullfont!
Missing character: There is no i ("69) in font nullfont!
Missing character: There is no c ("63) in font nullfont!
Missing character: There is no 集 ("96C6) in font nullfont!
Missing character: There is no ， ("FF0C) in font nullfont!
Missing character: There is no 并 ("5E76) in font nullfont!
Missing character: There is no 将 ("5C06) in font nullfont!
Missing character: There is no 其 ("5176) in font nullfont!
Missing character: There is no 纳 ("7EB3) in font nullfont!
Missing character: There is no 入 ("5165) in font nullfont!
Missing character: There is no 随 ("968F) in font nullfont!
Missing character: There is no 机 ("673A) in font nullfont!
Missing character: There is no 测 ("6D4B) in font nullfont!
Missing character: There is no 试 ("8BD5) in font nullfont!
Missing character: There is no 生 ("751F) in font nullfont!
Missing character: There is no 成 ("6210) in font nullfont!
Missing character: There is no 范 ("8303) in font nullfont!
Missing character: There is no 围 ("56F4) in font nullfont!
Missing character: There is no 。 ("3002) in font nullfont!
Missing character: There is no 由 ("7531) in font nullfont!
Missing character: There is no 于 ("4E8E) in font nullfont!
Missing character: There is no Y ("59) in font nullfont!
Missing character: There is no A ("41) in font nullfont!
Missing character: There is no R ("52) in font nullfont!
Missing character: There is no P ("50) in font nullfont!
Missing character: There is no G ("47) in font nullfont!
Missing character: There is no e ("65) in font nullfont!
Missing character: There is no n ("6E) in font nullfont!
Missing character: There is no 原 ("539F) in font nullfont!
Missing character: There is no 生 ("751F) in font nullfont!
Missing character: There is no 不 ("4E0D) in font nullfont!
Missing character: There is no 支 ("652F) in font nullfont!
Missing character: There is no 持 ("6301) in font nullfont!
Missing character: There is no I ("49) in font nullfont!
Missing character: There is no n ("6E) in font nullfont!
Missing character: There is no t ("74) in font nullfont!
Missing character: There is no r ("72) in font nullfont!
Missing character: There is no i ("69) in font nullfont!
Missing character: There is no n ("6E) in font nullfont!
Missing character: There is no s ("73) in font nullfont!
Missing character: There is no i ("69) in font nullfont!
Missing character: There is no c ("63) in font nullfont!
Missing character: There is no ， ("FF0C) in font nullfont!
Missing character: There is no 于 ("4E8E) in font nullfont!
Missing character: There is no 是 ("662F) in font nullfont!
Missing character: There is no 需 ("9700) in font nullfont!
Missing character: There is no 要 ("8981) in font nullfont!
Missing character: There is no 拓 ("62D3) in font nullfont!
Missing character: There is no 展 ("5C55) in font nullfont!
Missing character: There is no 其 ("5176) in font nullfont!
Missing character: There is no 功 ("529F) in font nullfont!
Missing character: There is no 能 ("80FD) in font nullfont!
Missing character: There is no ， ("FF0C) in font nullfont!
Missing character: There is no 在 ("5728) in font nullfont!
Missing character: There is no I ("49) in font nullfont!
Missing character: There is no R ("52) in font nullfont!
Missing character: There is no N ("4E) in font nullfont!
Missing character: There is no o ("6F) in font nullfont!
Missing character: There is no d ("64) in font nullfont!
Missing character: There is no e ("65) in font nullfont!
Missing character: There is no 中 ("4E2D) in font nullfont!
Missing character: There is no 引 ("5F15) in font nullfont!
Missing character: There is no 入 ("5165) in font nullfont!
Missing character: There is no 新 ("65B0) in font nullfont!
Missing character: There is no 的 ("7684) in font nullfont!
Missing character: There is no I ("49) in font nullfont!
Missing character: There is no n ("6E) in font nullfont!
Missing character: There is no t ("74) in font nullfont!
Missing character: There is no r ("72) in font nullfont!
Missing character: There is no i ("69) in font nullfont!
Missing character: There is no n ("6E) in font nullfont!
Missing character: There is no s ("73) in font nullfont!
Missing character: There is no i ("69) in font nullfont!
Missing character: There is no c ("63) in font nullfont!
Missing character: There is no 选 ("9009) in font nullfont!
Missing character: There is no 项 ("9879) in font nullfont!
Missing character: There is no ， ("FF0C) in font nullfont!
Missing character: There is no 并 ("5E76) in font nullfont!
Missing character: There is no 根 ("6839) in font nullfont!
Missing character: There is no 据 ("636E) in font nullfont!
Missing character: There is no 操 ("64CD) in font nullfont!
Missing character: There is no 作 ("4F5C) in font nullfont!
Missing character: There is no 数 ("6570) in font nullfont!
Missing character: There is no 数 ("6570) in font nullfont!
Missing character: There is no 量 ("91CF) in font nullfont!
Missing character: There is no 进 ("8FDB) in font nullfont!
Missing character: There is no 行 ("884C) in font nullfont!
Missing character: There is no 分 ("5206) in font nullfont!
Missing character: There is no 类 ("7C7B) in font nullfont!
Missing character: There is no ， ("FF0C) in font nullfont!
Missing character: There is no 如 ("5982) in font nullfont!
Missing character: There is no 图 ("56FE) in font nullfont!
! Undefined control sequence.
<write> ...e `fig:irnode_struct' on page \thepage 
                                                  \space undefined\on@line .^^J
l.347 ...选项，并根据操作数数量进行分类，如图\ref{fig:irnode_struct}
                                                  所示。以SIN函数为例，对YARPGen的IRNod...
The control sequence at the end of the top line
of your error message was never \def'ed. If you have
misspelled it (e.g., `\hobx'), type `I' and the correct
spelling (e.g., `I\hbox'). Otherwise just continue,
and I'll forget about whatever was undefined.


LaTeX Warning: Reference `fig:irnode_struct' on page  undefined on input line 3
47.

Missing character: There is no 所 ("6240) in font nullfont!
Missing character: There is no 示 ("793A) in font nullfont!
Missing character: There is no 。 ("3002) in font nullfont!
Missing character: There is no 以 ("4EE5) in font nullfont!
Missing character: There is no S ("53) in font nullfont!
Missing character: There is no I ("49) in font nullfont!
Missing character: There is no N ("4E) in font nullfont!
Missing character: There is no 函 ("51FD) in font nullfont!
Missing character: There is no 数 ("6570) in font nullfont!
Missing character: There is no 为 ("4E3A) in font nullfont!
Missing character: There is no 例 ("4F8B) in font nullfont!
Missing character: There is no ， ("FF0C) in font nullfont!
Missing character: There is no 对 ("5BF9) in font nullfont!
Missing character: There is no Y ("59) in font nullfont!
Missing character: There is no A ("41) in font nullfont!
Missing character: There is no R ("52) in font nullfont!
Missing character: There is no P ("50) in font nullfont!
Missing character: There is no G ("47) in font nullfont!
Missing character: There is no e ("65) in font nullfont!
Missing character: There is no n ("6E) in font nullfont!
Missing character: There is no 的 ("7684) in font nullfont!
Missing character: There is no I ("49) in font nullfont!
Missing character: There is no R ("52) in font nullfont!
Missing character: There is no N ("4E) in font nullfont!
Missing character: There is no o ("6F) in font nullfont!
Missing character: There is no d ("64) in font nullfont!
Missing character: There is no e ("65) in font nullfont!
Missing character: There is no 生 ("751F) in font nullfont!
Missing character: There is no 成 ("6210) in font nullfont!
Missing character: There is no 逻 ("903B) in font nullfont!
Missing character: There is no 辑 ("8F91) in font nullfont!
Missing character: There is no 进 ("8FDB) in font nullfont!
Missing character: There is no 行 ("884C) in font nullfont!
Missing character: There is no 了 ("4E86) in font nullfont!
Missing character: There is no 扩 ("6269) in font nullfont!
Missing character: There is no 展 ("5C55) in font nullfont!
Missing character: There is no 。 ("3002) in font nullfont!

Overfull \hbox (20.0pt too wide) in paragraph at lines 346--348
[]
 []


Overfull \hbox (10.86pt too wide) in paragraph at lines 346--348
[] 
 []


Overfull \hbox (20.0pt too wide) in paragraph at lines 349--349
[] 
 []

Missing character: There is no c ("63) in font nullfont!
Missing character: There is no r ("72) in font nullfont!
Missing character: There is no e ("65) in font nullfont!
Missing character: There is no a ("61) in font nullfont!
Missing character: There is no t ("74) in font nullfont!
Missing character: There is no e ("65) in font nullfont!
Missing character: There is no H ("48) in font nullfont!
Missing character: There is no e ("65) in font nullfont!
Missing character: There is no l ("6C) in font nullfont!
Missing character: There is no p ("70) in font nullfont!
Missing character: There is no e ("65) in font nullfont!
Missing character: There is no r ("72) in font nullfont!
Missing character: There is no ： ("FF1A) in font nullfont!
Missing character: There is no 核 ("6838) in font nullfont!
Missing character: There is no 心 ("5FC3) in font nullfont!
Missing character: There is no 作 ("4F5C) in font nullfont!
Missing character: There is no 用 ("7528) in font nullfont!
Missing character: There is no 是 ("662F) in font nullfont!
Missing character: There is no 创 ("521B) in font nullfont!
Missing character: There is no 建 ("5EFA) in font nullfont!
Missing character: There is no S ("53) in font nullfont!
Missing character: There is no I ("49) in font nullfont!
Missing character: There is no N ("4E) in font nullfont!
Missing character: There is no 函 ("51FD) in font nullfont!
Missing character: There is no 数 ("6570) in font nullfont!
Missing character: There is no 调 ("8C03) in font nullfont!
Missing character: There is no 用 ("7528) in font nullfont!
Missing character: There is no 表 ("8868) in font nullfont!
Missing character: There is no 达 ("8FBE) in font nullfont!
Missing character: There is no 式 ("5F0F) in font nullfont!
Missing character: There is no ， ("FF0C) in font nullfont!
Missing character: There is no 具 ("5177) in font nullfont!
Missing character: There is no 体 ("4F53) in font nullfont!
Missing character: There is no 包 ("5305) in font nullfont!
Missing character: There is no 括 ("62EC) in font nullfont!
Missing character: There is no 生 ("751F) in font nullfont!
Missing character: There is no 成 ("6210) in font nullfont!
Missing character: There is no 算 ("7B97) in font nullfont!
Missing character: There is no 术 ("672F) in font nullfont!
Missing character: There is no 表 ("8868) in font nullfont!
Missing character: There is no 达 ("8FBE) in font nullfont!
Missing character: There is no 式 ("5F0F) in font nullfont!
Missing character: There is no 参 ("53C2) in font nullfont!
Missing character: There is no 数 ("6570) in font nullfont!
Missing character: There is no 、 ("3001) in font nullfont!
Missing character: There is no 处 ("5904) in font nullfont!
Missing character: There is no 理 ("7406) in font nullfont!
Missing character: There is no 布 ("5E03) in font nullfont!
Missing character: There is no 尔 ("5C14) in font nullfont!
Missing character: There is no 类 ("7C7B) in font nullfont!
Missing character: There is no 型 ("578B) in font nullfont!
Missing character: There is no 转 ("8F6C) in font nullfont!
Missing character: There is no 换 ("6362) in font nullfont!
Missing character: There is no ， ("FF0C) in font nullfont!
Missing character: There is no 最 ("6700) in font nullfont!
Missing character: There is no 终 ("7EC8) in font nullfont!
Missing character: There is no 返 ("8FD4) in font nullfont!
Missing character: There is no 回 ("56DE) in font nullfont!
Missing character: There is no 封 ("5C01) in font nullfont!
Missing character: There is no 装 ("88C5) in font nullfont!
Missing character: There is no 后 ("540E) in font nullfont!
Missing character: There is no 的 ("7684) in font nullfont!
Missing character: There is no I ("49) in font nullfont!
Missing character: There is no n ("6E) in font nullfont!
Missing character: There is no t ("74) in font nullfont!
Missing character: There is no r ("72) in font nullfont!
Missing character: There is no i ("69) in font nullfont!
Missing character: There is no n ("6E) in font nullfont!
Missing character: There is no s ("73) in font nullfont!
Missing character: There is no i ("69) in font nullfont!
Missing character: There is no c ("63) in font nullfont!
Missing character: There is no E ("45) in font nullfont!
Missing character: There is no x ("78) in font nullfont!
Missing character: There is no p ("70) in font nullfont!
Missing character: There is no r ("72) in font nullfont!
Missing character: There is no 指 ("6307) in font nullfont!
Missing character: There is no 针 ("9488) in font nullfont!
Missing character: There is no 。 ("3002) in font nullfont!
Missing character: There is no 该 ("8BE5) in font nullfont!
Missing character: There is no 函 ("51FD) in font nullfont!
Missing character: There is no 数 ("6570) in font nullfont!
Missing character: There is no 是 ("662F) in font nullfont!
Missing character: There is no Y ("59) in font nullfont!
Missing character: There is no A ("41) in font nullfont!
Missing character: There is no R ("52) in font nullfont!
Missing character: There is no P ("50) in font nullfont!
Missing character: There is no G ("47) in font nullfont!
Missing character: There is no e ("65) in font nullfont!
Missing character: There is no n ("6E) in font nullfont!
Missing character: There is no 中 ("4E2D) in font nullfont!
Missing character: There is no 表 ("8868) in font nullfont!
Missing character: There is no 达 ("8FBE) in font nullfont!
Missing character: There is no 式 ("5F0F) in font nullfont!
Missing character: There is no 生 ("751F) in font nullfont!
Missing character: There is no 成 ("6210) in font nullfont!
Missing character: There is no 逻 ("903B) in font nullfont!
Missing character: There is no 辑 ("8F91) in font nullfont!
Missing character: There is no 的 ("7684) in font nullfont!
Missing character: There is no 核 ("6838) in font nullfont!
Missing character: There is no 心 ("5FC3) in font nullfont!
Missing character: There is no 组 ("7EC4) in font nullfont!
Missing character: There is no 件 ("4EF6) in font nullfont!
Missing character: There is no ， ("FF0C) in font nullfont!
Missing character: There is no 主 ("4E3B) in font nullfont!
Missing character: There is no 要 ("8981) in font nullfont!
Missing character: There is no 用 ("7528) in font nullfont!
Missing character: There is no 于 ("4E8E) in font nullfont!
Missing character: There is no 随 ("968F) in font nullfont!
Missing character: There is no 机 ("673A) in font nullfont!
Missing character: There is no 生 ("751F) in font nullfont!
Missing character: There is no 成 ("6210) in font nullfont!
Missing character: There is no 包 ("5305) in font nullfont!
Missing character: There is no 含 ("542B) in font nullfont!
Missing character: There is no S ("53) in font nullfont!
Missing character: There is no I ("49) in font nullfont!
Missing character: There is no N ("4E) in font nullfont!
Missing character: There is no 函 ("51FD) in font nullfont!
Missing character: There is no 数 ("6570) in font nullfont!
Missing character: There is no 调 ("8C03) in font nullfont!
Missing character: There is no 用 ("7528) in font nullfont!
Missing character: There is no 的 ("7684) in font nullfont!
Missing character: There is no 测 ("6D4B) in font nullfont!
Missing character: There is no 试 ("8BD5) in font nullfont!
Missing character: There is no 用 ("7528) in font nullfont!
Missing character: There is no 例 ("4F8B) in font nullfont!
Missing character: There is no 。 ("3002) in font nullfont!
Missing character: There is no p ("70) in font nullfont!
Missing character: There is no r ("72) in font nullfont!
Missing character: There is no o ("6F) in font nullfont!
Missing character: There is no p ("70) in font nullfont!
Missing character: There is no a ("61) in font nullfont!
Missing character: There is no g ("67) in font nullfont!
Missing character: There is no a ("61) in font nullfont!
Missing character: There is no t ("74) in font nullfont!
Missing character: There is no e ("65) in font nullfont!
Missing character: There is no T ("54) in font nullfont!
Missing character: There is no y ("79) in font nullfont!
Missing character: There is no p ("70) in font nullfont!
Missing character: There is no e ("65) in font nullfont!
Missing character: There is no ： ("FF1A) in font nullfont!
Missing character: There is no 核 ("6838) in font nullfont!
Missing character: There is no 心 ("5FC3) in font nullfont!
Missing character: There is no 作 ("4F5C) in font nullfont!
Missing character: There is no 用 ("7528) in font nullfont!
Missing character: There is no 是 ("662F) in font nullfont!
Missing character: There is no 对 ("5BF9) in font nullfont!
Missing character: There is no S ("53) in font nullfont!
Missing character: There is no I ("49) in font nullfont!
Missing character: There is no N ("4E) in font nullfont!
Missing character: There is no 函 ("51FD) in font nullfont!
Missing character: There is no 数 ("6570) in font nullfont!
Missing character: There is no 的 ("7684) in font nullfont!
Missing character: There is no 两 ("4E24) in font nullfont!
Missing character: There is no 个 ("4E2A) in font nullfont!
Missing character: There is no 参 ("53C2) in font nullfont!
Missing character: There is no 数 ("6570) in font nullfont!
Missing character: There is no 表 ("8868) in font nullfont!
Missing character: There is no 达 ("8FBE) in font nullfont!
Missing character: There is no 式 ("5F0F) in font nullfont!
Missing character: There is no 进 ("8FDB) in font nullfont!
Missing character: There is no 行 ("884C) in font nullfont!
Missing character: There is no 类 ("7C7B) in font nullfont!
Missing character: There is no 型 ("578B) in font nullfont!
Missing character: There is no 推 ("63A8) in font nullfont!
Missing character: There is no 导 ("5BFC) in font nullfont!
Missing character: There is no 、 ("3001) in font nullfont!
Missing character: There is no 类 ("7C7B) in font nullfont!
Missing character: There is no 型 ("578B) in font nullfont!
Missing character: There is no 提 ("63D0) in font nullfont!
Missing character: There is no 升 ("5347) in font nullfont!
Missing character: There is no 和 ("548C) in font nullfont!
Missing character: There is no 类 ("7C7B) in font nullfont!
Missing character: There is no 型 ("578B) in font nullfont!
Missing character: There is no 统 ("7EDF) in font nullfont!
Missing character: There is no 一 ("4E00) in font nullfont!
Missing character: There is no ， ("FF0C) in font nullfont!
Missing character: There is no 最 ("6700) in font nullfont!
Missing character: There is no 终 ("7EC8) in font nullfont!
Missing character: There is no 确 ("786E) in font nullfont!
Missing character: There is no 定 ("5B9A) in font nullfont!
Missing character: There is no S ("53) in font nullfont!
Missing character: There is no I ("49) in font nullfont!
Missing character: There is no N ("4E) in font nullfont!
Missing character: There is no 函 ("51FD) in font nullfont!
Missing character: There is no 数 ("6570) in font nullfont!
Missing character: There is no 调 ("8C03) in font nullfont!
Missing character: There is no 用 ("7528) in font nullfont!
Missing character: There is no 表 ("8868) in font nullfont!
Missing character: There is no 达 ("8FBE) in font nullfont!
Missing character: There is no 式 ("5F0F) in font nullfont!
Missing character: There is no 的 ("7684) in font nullfont!
Missing character: There is no 返 ("8FD4) in font nullfont!
Missing character: There is no 回 ("56DE) in font nullfont!
Missing character: There is no 值 ("503C) in font nullfont!
Missing character: There is no 类 ("7C7B) in font nullfont!
Missing character: There is no 型 ("578B) in font nullfont!
Missing character: There is no 。 ("3002) in font nullfont!
Missing character: There is no e ("65) in font nullfont!
Missing character: There is no v ("76) in font nullfont!
Missing character: There is no a ("61) in font nullfont!
Missing character: There is no l ("6C) in font nullfont!
Missing character: There is no u ("75) in font nullfont!
Missing character: There is no a ("61) in font nullfont!
Missing character: There is no t ("74) in font nullfont!
Missing character: There is no e ("65) in font nullfont!
Missing character: There is no ： ("FF1A) in font nullfont!
Missing character: There is no 在 ("5728) in font nullfont!
Missing character: There is no 测 ("6D4B) in font nullfont!
Missing character: There is no 试 ("8BD5) in font nullfont!
Missing character: There is no 生 ("751F) in font nullfont!
Missing character: There is no 成 ("6210) in font nullfont!
Missing character: There is no 或 ("6216) in font nullfont!
Missing character: There is no 运 ("8FD0) in font nullfont!
Missing character: There is no 行 ("884C) in font nullfont!
Missing character: There is no 时 ("65F6) in font nullfont!
Missing character: There is no 阶 ("9636) in font nullfont!
Missing character: There is no 段 ("6BB5) in font nullfont!
Missing character: There is no 计 ("8BA1) in font nullfont!
Missing character: There is no 算 ("7B97) in font nullfont!
Missing character: There is no S ("53) in font nullfont!
Missing character: There is no I ("49) in font nullfont!
Missing character: There is no N ("4E) in font nullfont!
Missing character: There is no 函 ("51FD) in font nullfont!
Missing character: There is no 数 ("6570) in font nullfont!
Missing character: There is no 调 ("8C03) in font nullfont!
Missing character: There is no 用 ("7528) in font nullfont!
Missing character: There is no 的 ("7684) in font nullfont!
Missing character: There is no 结 ("7ED3) in font nullfont!
Missing character: There is no 果 ("679C) in font nullfont!
Missing character: There is no ， ("FF0C) in font nullfont!
Missing character: There is no 具 ("5177) in font nullfont!
Missing character: There is no 体 ("4F53) in font nullfont!
Missing character: There is no 包 ("5305) in font nullfont!
Missing character: There is no 括 ("62EC) in font nullfont!
Missing character: There is no 处 ("5904) in font nullfont!
Missing character: There is no 理 ("7406) in font nullfont!
Missing character: There is no 参 ("53C2) in font nullfont!
Missing character: There is no 数 ("6570) in font nullfont!
Missing character: There is no 的 ("7684) in font nullfont!
Missing character: There is no 类 ("7C7B) in font nullfont!
Missing character: There is no 型 ("578B) in font nullfont!
Missing character: There is no 转 ("8F6C) in font nullfont!
Missing character: There is no 换 ("6362) in font nullfont!
Missing character: There is no 、 ("3001) in font nullfont!
Missing character: There is no 未 ("672A) in font nullfont!
Missing character: There is no 定 ("5B9A) in font nullfont!
Missing character: There is no 义 ("4E49) in font nullfont!
Missing character: There is no 行 ("884C) in font nullfont!
Missing character: There is no 为 ("4E3A) in font nullfont!
Missing character: There is no 判 ("5224) in font nullfont!
Missing character: There is no 断 ("65AD) in font nullfont!
Missing character: There is no ， ("FF0C) in font nullfont!
Missing character: There is no 以 ("4EE5) in font nullfont!
Missing character: There is no 及 ("53CA) in font nullfont!
Missing character: There is no 最 ("6700) in font nullfont!
Missing character: There is no 终 ("7EC8) in font nullfont!
Missing character: There is no 返 ("8FD4) in font nullfont!
Missing character: There is no 回 ("56DE) in font nullfont!
Missing character: There is no 计 ("8BA1) in font nullfont!
Missing character: There is no 算 ("7B97) in font nullfont!
Missing character: There is no 后 ("540E) in font nullfont!
Missing character: There is no 的 ("7684) in font nullfont!
Missing character: There is no 标 ("6807) in font nullfont!
Missing character: There is no 量 ("91CF) in font nullfont!
Missing character: There is no 值 ("503C) in font nullfont!
Missing character: There is no 。 ("3002) in font nullfont!
Missing character: There is no 该 ("8BE5) in font nullfont!
Missing character: There is no 函 ("51FD) in font nullfont!
Missing character: There is no 数 ("6570) in font nullfont!
Missing character: There is no 是 ("662F) in font nullfont!
Missing character: There is no Y ("59) in font nullfont!
Missing character: There is no A ("41) in font nullfont!
Missing character: There is no R ("52) in font nullfont!
Missing character: There is no P ("50) in font nullfont!
Missing character: There is no G ("47) in font nullfont!
Missing character: There is no e ("65) in font nullfont!
Missing character: There is no n ("6E) in font nullfont!
Missing character: There is no 中 ("4E2D) in font nullfont!
Missing character: There is no 表 ("8868) in font nullfont!
Missing character: There is no 达 ("8FBE) in font nullfont!
Missing character: There is no 式 ("5F0F) in font nullfont!
Missing character: There is no 求 ("6C42) in font nullfont!
Missing character: There is no 值 ("503C) in font nullfont!
Missing character: There is no 逻 ("903B) in font nullfont!
Missing character: There is no 辑 ("8F91) in font nullfont!
Missing character: There is no 的 ("7684) in font nullfont!
Missing character: There is no 核 ("6838) in font nullfont!
Missing character: There is no 心 ("5FC3) in font nullfont!
Missing character: There is no 组 ("7EC4) in font nullfont!
Missing character: There is no 件 ("4EF6) in font nullfont!
Missing character: There is no ， ("FF0C) in font nullfont!
Missing character: There is no 主 ("4E3B) in font nullfont!
Missing character: There is no 要 ("8981) in font nullfont!
Missing character: There is no 用 ("7528) in font nullfont!
Missing character: There is no 于 ("4E8E) in font nullfont!
Missing character: There is no 确 ("786E) in font nullfont!
Missing character: There is no 定 ("5B9A) in font nullfont!
Missing character: There is no S ("53) in font nullfont!
Missing character: There is no I ("49) in font nullfont!
Missing character: There is no N ("4E) in font nullfont!
Missing character: There is no 函 ("51FD) in font nullfont!
Missing character: There is no 数 ("6570) in font nullfont!
Missing character: There is no 调 ("8C03) in font nullfont!
Missing character: There is no 用 ("7528) in font nullfont!
Missing character: There is no 的 ("7684) in font nullfont!
Missing character: There is no 实 ("5B9E) in font nullfont!
Missing character: There is no 际 ("9645) in font nullfont!
Missing character: There is no 结 ("7ED3) in font nullfont!
Missing character: There is no 果 ("679C) in font nullfont!
Missing character: There is no 值 ("503C) in font nullfont!
Missing character: There is no 。 ("3002) in font nullfont!
Missing character: There is no e ("65) in font nullfont!
Missing character: There is no m ("6D) in font nullfont!
Missing character: There is no i ("69) in font nullfont!
Missing character: There is no t ("74) in font nullfont!
Missing character: There is no C ("43) in font nullfont!
Missing character: There is no D ("44) in font nullfont!
Missing character: There is no e ("65) in font nullfont!
Missing character: There is no f ("66) in font nullfont!
Missing character: There is no i ("69) in font nullfont!
Missing character: There is no n ("6E) in font nullfont!
Missing character: There is no i ("69) in font nullfont!
Missing character: There is no t ("74) in font nullfont!
Missing character: There is no i ("69) in font nullfont!
Missing character: There is no o ("6F) in font nullfont!
Missing character: There is no n ("6E) in font nullfont!
Missing character: There is no I ("49) in font nullfont!
Missing character: There is no m ("6D) in font nullfont!
Missing character: There is no p ("70) in font nullfont!
Missing character: There is no l ("6C) in font nullfont!
Missing character: There is no ： ("FF1A) in font nullfont!
Missing character: There is no 核 ("6838) in font nullfont!
Missing character: There is no 心 ("5FC3) in font nullfont!
Missing character: There is no 作 ("4F5C) in font nullfont!
Missing character: There is no 用 ("7528) in font nullfont!
Missing character: There is no 是 ("662F) in font nullfont!
Missing character: There is no 为 ("4E3A) in font nullfont!
Missing character: There is no C ("43) in font nullfont!
Missing character: There is no 语 ("8BED) in font nullfont!
Missing character: There is no 言 ("8A00) in font nullfont!
Missing character: There is no 环 ("73AF) in font nullfont!
Missing character: There is no 境 ("5883) in font nullfont!
Missing character: There is no 生 ("751F) in font nullfont!
Missing character: There is no 成 ("6210) in font nullfont!
Missing character: There is no S ("53) in font nullfont!
Missing character: There is no I ("49) in font nullfont!
Missing character: There is no N ("4E) in font nullfont!
Missing character: There is no 函 ("51FD) in font nullfont!
Missing character: There is no 数 ("6570) in font nullfont!
Missing character: There is no 的 ("7684) in font nullfont!
Missing character: There is no 宏 ("5B8F) in font nullfont!
Missing character: There is no 定 ("5B9A) in font nullfont!
Missing character: There is no 义 ("4E49) in font nullfont!
Missing character: There is no 实 ("5B9E) in font nullfont!
Missing character: There is no 现 ("73B0) in font nullfont!
Missing character: There is no 。 ("3002) in font nullfont!
Missing character: There is no 因 ("56E0) in font nullfont!
Missing character: There is no 为 ("4E3A) in font nullfont!
Missing character: There is no C ("43) in font nullfont!
Missing character: There is no 语 ("8BED) in font nullfont!
Missing character: There is no 言 ("8A00) in font nullfont!
Missing character: There is no 标 ("6807) in font nullfont!
Missing character: There is no 准 ("51C6) in font nullfont!
Missing character: There is no 库 ("5E93) in font nullfont!
Missing character: There is no 中 ("4E2D) in font nullfont!
Missing character: There is no 没 ("6CA1) in font nullfont!
Missing character: There is no 有 ("6709) in font nullfont!
Missing character: There is no 通 ("901A) in font nullfont!
Missing character: There is no 用 ("7528) in font nullfont!
Missing character: There is no 的 ("7684) in font nullfont!
Missing character: There is no S ("53) in font nullfont!
Missing character: There is no I ("49) in font nullfont!
Missing character: There is no N ("4E) in font nullfont!
Missing character: There is no 函 ("51FD) in font nullfont!
Missing character: There is no 数 ("6570) in font nullfont!
Missing character: There is no ， ("FF0C) in font nullfont!
Missing character: There is no 该 ("8BE5) in font nullfont!
Missing character: There is no 方 ("65B9) in font nullfont!
Missing character: There is no 法 ("6CD5) in font nullfont!
Missing character: There is no 通 ("901A) in font nullfont!
Missing character: There is no 过 ("8FC7) in font nullfont!
Missing character: There is no 输 ("8F93) in font nullfont!
Missing character: There is no 出 ("51FA) in font nullfont!
Missing character: There is no C ("43) in font nullfont!
Missing character: There is no 语 ("8BED) in font nullfont!
Missing character: There is no 言 ("8A00) in font nullfont!
Missing character: There is no 的 ("7684) in font nullfont!
Missing character: There is no 语 ("8BED) in font nullfont!
Missing character: There is no 句 ("53E5) in font nullfont!
Missing character: There is no 表 ("8868) in font nullfont!
Missing character: There is no 达 ("8FBE) in font nullfont!
Missing character: There is no 式 ("5F0F) in font nullfont!
Missing character: There is no 宏 ("5B8F) in font nullfont!
Missing character: There is no ， ("FF0C) in font nullfont!
Missing character: There is no 为 ("4E3A) in font nullfont!
Missing character: There is no S ("53) in font nullfont!
Missing character: There is no I ("49) in font nullfont!
Missing character: There is no N ("4E) in font nullfont!
Missing character: There is no 提 ("63D0) in font nullfont!
Missing character: There is no 供 ("4F9B) in font nullfont!
Missing character: There is no 兼 ("517C) in font nullfont!
Missing character: There is no 容 ("5BB9) in font nullfont!
Missing character: There is no C ("43) in font nullfont!
Missing character: There is no 语 ("8BED) in font nullfont!
Missing character: There is no 言 ("8A00) in font nullfont!
Missing character: There is no 的 ("7684) in font nullfont!
Missing character: There is no 实 ("5B9E) in font nullfont!
Missing character: There is no 现 ("73B0) in font nullfont!
Missing character: There is no ， ("FF0C) in font nullfont!
Missing character: There is no 保 ("4FDD) in font nullfont!
Missing character: There is no 证 ("8BC1) in font nullfont!
Missing character: There is no 生 ("751F) in font nullfont!
Missing character: There is no 成 ("6210) in font nullfont!
Missing character: There is no 的 ("7684) in font nullfont!
Missing character: There is no 测 ("6D4B) in font nullfont!
Missing character: There is no 试 ("8BD5) in font nullfont!
Missing character: There is no 用 ("7528) in font nullfont!
Missing character: There is no 例 ("4F8B) in font nullfont!
Missing character: There is no 在 ("5728) in font nullfont!
Missing character: There is no C ("43) in font nullfont!
Missing character: There is no 环 ("73AF) in font nullfont!
Missing character: There is no 境 ("5883) in font nullfont!
Missing character: There is no 下 ("4E0B) in font nullfont!
Missing character: There is no 能 ("80FD) in font nullfont!
Missing character: There is no 正 ("6B63) in font nullfont!
Missing character: There is no 常 ("5E38) in font nullfont!
Missing character: There is no 编 ("7F16) in font nullfont!
Missing character: There is no 译 ("8BD1) in font nullfont!
Missing character: There is no 运 ("8FD0) in font nullfont!
Missing character: There is no 行 ("884C) in font nullfont!
Missing character: There is no 。 ("3002) in font nullfont!
Missing character: There is no 通 ("901A) in font nullfont!
Missing character: There is no 过 ("8FC7) in font nullfont!
Missing character: There is no 上 ("4E0A) in font nullfont!
Missing character: There is no 述 ("8FF0) in font nullfont!
Missing character: There is no 的 ("7684) in font nullfont!
Missing character: There is no 定 ("5B9A) in font nullfont!
Missing character: There is no 制 ("5236) in font nullfont!
Missing character: There is no 化 ("5316) in font nullfont!
Missing character: There is no 扩 ("6269) in font nullfont!
Missing character: There is no 展 ("5C55) in font nullfont!
Missing character: There is no ， ("FF0C) in font nullfont!
Missing character: There is no Y ("59) in font nullfont!
Missing character: There is no A ("41) in font nullfont!
Missing character: There is no R ("52) in font nullfont!
Missing character: There is no P ("50) in font nullfont!
Missing character: There is no G ("47) in font nullfont!
Missing character: There is no e ("65) in font nullfont!
Missing character: There is no n ("6E) in font nullfont!
Missing character: There is no 被 ("88AB) in font nullfont!
Missing character: There is no 成 ("6210) in font nullfont!
Missing character: There is no 功 ("529F) in font nullfont!
Missing character: There is no 适 ("9002) in font nullfont!
Missing character: There is no 配 ("914D) in font nullfont!
Missing character: There is no 到 ("5230) in font nullfont!
Missing character: There is no D ("44) in font nullfont!
Missing character: There is no S ("53) in font nullfont!
Missing character: There is no P ("50) in font nullfont!
Missing character: There is no 编 ("7F16) in font nullfont!
Missing character: There is no 译 ("8BD1) in font nullfont!
Missing character: There is no 器 ("5668) in font nullfont!
Missing character: There is no 的 ("7684) in font nullfont!
Missing character: There is no 流 ("6D41) in font nullfont!
Missing character: There is no 水 ("6C34) in font nullfont!
Missing character: There is no 线 ("7EBF) in font nullfont!
Missing character: There is no 测 ("6D4B) in font nullfont!
Missing character: There is no 试 ("8BD5) in font nullfont!
Missing character: There is no 场 ("573A) in font nullfont!
Missing character: There is no 景 ("666F) in font nullfont!
Missing character: There is no 中 ("4E2D) in font nullfont!
Missing character: There is no 。 ("3002) in font nullfont!
Missing character: There is no 基 ("57FA) in font nullfont!
Missing character: There is no 于 ("4E8E) in font nullfont!
Missing character: There is no 条 ("6761) in font nullfont!
Missing character: There is no 件 ("4EF6) in font nullfont!
Missing character: There is no 编 ("7F16) in font nullfont!
Missing character: There is no 译 ("8BD1) in font nullfont!
Missing character: There is no 的 ("7684) in font nullfont!
Missing character: There is no 设 ("8BBE) in font nullfont!
Missing character: There is no 计 ("8BA1) in font nullfont!
Missing character: There is no 使 ("4F7F) in font nullfont!
Missing character: There is no 得 ("5F97) in font nullfont!
Missing character: There is no ： ("FF1A) in font nullfont!
Missing character: There is no 同 ("540C) in font nullfont!
Missing character: There is no 一 ("4E00) in font nullfont!
Missing character: There is no 套 ("5957) in font nullfont!
Missing character: There is no 随 ("968F) in font nullfont!
Missing character: There is no 机 ("673A) in font nullfont!
Missing character: There is no 测 ("6D4B) in font nullfont!
Missing character: There is no 试 ("8BD5) in font nullfont!
Missing character: There is no 生 ("751F) in font nullfont!
Missing character: There is no 成 ("6210) in font nullfont!
Missing character: There is no 逻 ("903B) in font nullfont!
Missing character: There is no 辑 ("8F91) in font nullfont!
Missing character: There is no 可 ("53EF) in font nullfont!
Missing character: There is no 同 ("540C) in font nullfont!
Missing character: There is no 时 ("65F6) in font nullfont!
Missing character: There is no 服 ("670D) in font nullfont!
Missing character: There is no 务 ("52A1) in font nullfont!
Missing character: There is no 于 ("4E8E) in font nullfont!
Missing character: There is no 通 ("901A) in font nullfont!
Missing character: There is no 用 ("7528) in font nullfont!
Missing character: There is no 平 ("5E73) in font nullfont!
Missing character: There is no 台 ("53F0) in font nullfont!
Missing character: There is no 与 ("4E0E) in font nullfont!
Missing character: There is no D ("44) in font nullfont!
Missing character: There is no S ("53) in font nullfont!
Missing character: There is no P ("50) in font nullfont!
Missing character: There is no 平 ("5E73) in font nullfont!
Missing character: There is no 台 ("53F0) in font nullfont!
Missing character: There is no ； ("FF1B) in font nullfont!
Missing character: There is no D ("44) in font nullfont!
Missing character: There is no S ("53) in font nullfont!
Missing character: There is no P ("50) in font nullfont!
Missing character: There is no 专 ("4E13) in font nullfont!
Missing character: There is no 用 ("7528) in font nullfont!
Missing character: There is no I ("49) in font nullfont!
Missing character: There is no n ("6E) in font nullfont!
Missing character: There is no t ("74) in font nullfont!
Missing character: There is no r ("72) in font nullfont!
Missing character: There is no i ("69) in font nullfont!
Missing character: There is no n ("6E) in font nullfont!
Missing character: There is no s ("73) in font nullfont!
Missing character: There is no i ("69) in font nullfont!
Missing character: There is no c ("63) in font nullfont!
Missing character: There is no 能 ("80FD) in font nullfont!
Missing character: There is no 够 ("591F) in font nullfont!
Missing character: There is no 被 ("88AB) in font nullfont!
Missing character: There is no 系 ("7CFB) in font nullfont!
Missing character: There is no 统 ("7EDF) in font nullfont!
Missing character: There is no 性 ("6027) in font nullfont!
Missing character: There is no 纳 ("7EB3) in font nullfont!
Missing character: There is no 入 ("5165) in font nullfont!
Missing character: There is no 随 ("968F) in font nullfont!
Missing character: There is no 机 ("673A) in font nullfont!
Missing character: There is no 测 ("6D4B) in font nullfont!
Missing character: There is no 试 ("8BD5) in font nullfont!
Missing character: There is no 覆 ("8986) in font nullfont!
Missing character: There is no 盖 ("76D6) in font nullfont!
Missing character: There is no 范 ("8303) in font nullfont!
Missing character: There is no 围 ("56F4) in font nullfont!
Missing character: There is no 。 ("3002) in font nullfont!

! LaTeX Error: Environment figure undefined.

See the LaTeX manual or LaTeX Companion for explanation.
Type  H <return>  for immediate help.
 ...                                              
                                                  
l.365 \begin{figure}
                    [htbp]
Your command was ignored.
Type  I <command> <return>  to replace it with another command,
or  <return>  to continue without it.

Missing character: There is no [ ("5B) in font nullfont!
Missing character: There is no h ("68) in font nullfont!
Missing character: There is no t ("74) in font nullfont!
Missing character: There is no b ("62) in font nullfont!
Missing character: There is no p ("70) in font nullfont!
Missing character: There is no ] ("5D) in font nullfont!
! Undefined control sequence.
l.367 ^^I\includegraphics
                         [width=0.8\textwidth]{pics/irnode_struct.png}
The control sequence at the end of the top line
of your error message was never \def'ed. If you have
misspelled it (e.g., `\hobx'), type `I' and the correct
spelling (e.g., `I\hbox'). Otherwise just continue,
and I'll forget about whatever was undefined.

Missing character: There is no [ ("5B) in font nullfont!
Missing character: There is no w ("77) in font nullfont!
Missing character: There is no i ("69) in font nullfont!
Missing character: There is no d ("64) in font nullfont!
Missing character: There is no t ("74) in font nullfont!
Missing character: There is no h ("68) in font nullfont!
Missing character: There is no = ("3D) in font nullfont!
Missing character: There is no 0 ("30) in font nullfont!
Missing character: There is no . ("2E) in font nullfont!
Missing character: There is no 8 ("38) in font nullfont!
! Missing number, treated as zero.
<to be read again> 
                   ]
l.367 ^^I\includegraphics[width=0.8\textwidth]
                                              {pics/irnode_struct.png}
A number should have been here; I inserted `0'.
(If you can't figure out why I needed to see a number,
look up `weird error' in the index to The TeXbook.)

! Illegal unit of measure (pt inserted).
<to be read again> 
                   ]
l.367 ^^I\includegraphics[width=0.8\textwidth]
                                              {pics/irnode_struct.png}
Dimensions can be in units of em, ex, in, pt, pc,
cm, mm, dd, cc, bp, or sp; but yours is a new one!
I'll assume that you meant to say pt, for printer's points.
To recover gracefully from this error, it's best to
delete the erroneous units; e.g., type `2' to delete
two letters. (See Chapter 27 of The TeXbook.)

Missing character: There is no ] ("5D) in font nullfont!
Missing character: There is no p ("70) in font nullfont!
Missing character: There is no i ("69) in font nullfont!
Missing character: There is no c ("63) in font nullfont!
Missing character: There is no s ("73) in font nullfont!
Missing character: There is no / ("2F) in font nullfont!
Missing character: There is no i ("69) in font nullfont!
Missing character: There is no r ("72) in font nullfont!
Missing character: There is no n ("6E) in font nullfont!
Missing character: There is no o ("6F) in font nullfont!
Missing character: There is no d ("64) in font nullfont!
Missing character: There is no e ("65) in font nullfont!
! Missing $ inserted.
<inserted text> 
                $
l.367 ...raphics[width=0.8\textwidth]{pics/irnode_
                                                  struct.png}
I've inserted a begin-math/end-math symbol since I think
you left one out. Proceed, with fingers crossed.

! Extra }, or forgotten $.
l.367 ...th=0.8\textwidth]{pics/irnode_struct.png}
                                                  
I've deleted a group-closing symbol because it seems to be
spurious, as in `$x}$'. But perhaps the } is legitimate and
you forgot something else, as in `\hbox{$x}'. In such cases
the way to recover is to insert both the forgotten and the
deleted material, e.g., by typing `I$}'.


! LaTeX Error: \caption outside float.

See the LaTeX manual or LaTeX Companion for explanation.
Type  H <return>  for immediate help.
 ...                                              
                                                  
l.368 ^^I\caption
                 {拓展后的IRNode结构图}
You're in trouble here.  Try typing  <return>  to proceed.
If that doesn't work, type  X <return>  to quit.


! LaTeX Error: \begin{document} ended by \end{figure}.

See the LaTeX manual or LaTeX Companion for explanation.
Type  H <return>  for immediate help.
 ...                                              
                                                  
l.370 \end{figure}
                  
Your command was ignored.
Type  I <command> <return>  to replace it with another command,
or  <return>  to continue without it.

! Missing $ inserted.
<inserted text> 
                $
l.370 \end{figure}
                  
I've inserted something that you may have forgotten.
(See the <inserted text> above.)
With luck, this will get me unwedged. But if you
really didn't forget anything, try typing `2' now; then
my insertion and my current dilemma will both disappear.

Missing character: There is no 拓 ("62D3) in font cmr10!
Missing character: There is no 展 ("5C55) in font cmr10!
Missing character: There is no 后 ("540E) in font cmr10!
Missing character: There is no 的 ("7684) in font cmr10!
Missing character: There is no 结 ("7ED3) in font cmr10!
Missing character: There is no 构 ("6784) in font cmr10!
Missing character: There is no 图 ("56FE) in font cmr10!
! Missing } inserted.
<inserted text> 
                }
l.370 \end{figure}
                  
I've inserted something that you may have forgotten.
(See the <inserted text> above.)
With luck, this will get me unwedged. But if you
really didn't forget anything, try typing `2' now; then
my insertion and my current dilemma will both disappear.


Overfull \hbox (20.0pt too wide) in paragraph at lines 365--371
[]
 []


Overfull \hbox (81.96193pt too wide) in paragraph at lines 365--371
[]\OML/cmm/m/it/10 truct:png[][]$ 
 []

Missing character: There is no 对 ("5BF9) in font nullfont!
Missing character: There is no 应 ("5E94) in font nullfont!
Missing character: There is no 的 ("7684) in font nullfont!
Missing character: There is no 类 ("7C7B) in font nullfont!
Missing character: There is no 层 ("5C42) in font nullfont!
Missing character: There is no 次 ("6B21) in font nullfont!
Missing character: There is no 结 ("7ED3) in font nullfont!
Missing character: There is no 构 ("6784) in font nullfont!
Missing character: There is no 如 ("5982) in font nullfont!
Missing character: There is no 图 ("56FE) in font nullfont!
! Undefined control sequence.
<write> ...e `fig:yarpgen_class' on page \thepage 
                                                  \space undefined\on@line .^^J
l.372 对应的类层次结构如图\ref{fig:yarpgen_class}
                                       所示。
The control sequence at the end of the top line
of your error message was never \def'ed. If you have
misspelled it (e.g., `\hobx'), type `I' and the correct
spelling (e.g., `I\hbox'). Otherwise just continue,
and I'll forget about whatever was undefined.


LaTeX Warning: Reference `fig:yarpgen_class' on page  undefined on input line 3
72.

Missing character: There is no 所 ("6240) in font nullfont!
Missing character: There is no 示 ("793A) in font nullfont!
Missing character: There is no 。 ("3002) in font nullfont!

Overfull \hbox (30.86pt too wide) in paragraph at lines 372--373
[][] 
 []


! LaTeX Error: Environment figure undefined.

See the LaTeX manual or LaTeX Companion for explanation.
Type  H <return>  for immediate help.
 ...                                              
                                                  
l.374 \begin{figure}
                    [htbp]
Your command was ignored.
Type  I <command> <return>  to replace it with another command,
or  <return>  to continue without it.

Missing character: There is no [ ("5B) in font nullfont!
Missing character: There is no h ("68) in font nullfont!
Missing character: There is no t ("74) in font nullfont!
Missing character: There is no b ("62) in font nullfont!
Missing character: There is no p ("70) in font nullfont!
Missing character: There is no ] ("5D) in font nullfont!
! Undefined control sequence.
l.376 ^^I\includegraphics
                         [width=1\textwidth]{pics/yarpgen_class.png}
The control sequence at the end of the top line
of your error message was never \def'ed. If you have
misspelled it (e.g., `\hobx'), type `I' and the correct
spelling (e.g., `I\hbox'). Otherwise just continue,
and I'll forget about whatever was undefined.

Missing character: There is no [ ("5B) in font nullfont!
Missing character: There is no w ("77) in font nullfont!
Missing character: There is no i ("69) in font nullfont!
Missing character: There is no d ("64) in font nullfont!
Missing character: There is no t ("74) in font nullfont!
Missing character: There is no h ("68) in font nullfont!
Missing character: There is no = ("3D) in font nullfont!
Missing character: There is no 1 ("31) in font nullfont!
! Missing number, treated as zero.
<to be read again> 
                   ]
l.376 ^^I\includegraphics[width=1\textwidth]
                                            {pics/yarpgen_class.png}
A number should have been here; I inserted `0'.
(If you can't figure out why I needed to see a number,
look up `weird error' in the index to The TeXbook.)

! Illegal unit of measure (pt inserted).
<to be read again> 
                   ]
l.376 ^^I\includegraphics[width=1\textwidth]
                                            {pics/yarpgen_class.png}
Dimensions can be in units of em, ex, in, pt, pc,
cm, mm, dd, cc, bp, or sp; but yours is a new one!
I'll assume that you meant to say pt, for printer's points.
To recover gracefully from this error, it's best to
delete the erroneous units; e.g., type `2' to delete
two letters. (See Chapter 27 of The TeXbook.)

Missing character: There is no ] ("5D) in font nullfont!
Missing character: There is no p ("70) in font nullfont!
Missing character: There is no i ("69) in font nullfont!
Missing character: There is no c ("63) in font nullfont!
Missing character: There is no s ("73) in font nullfont!
Missing character: There is no / ("2F) in font nullfont!
Missing character: There is no y ("79) in font nullfont!
Missing character: There is no a ("61) in font nullfont!
Missing character: There is no r ("72) in font nullfont!
Missing character: There is no p ("70) in font nullfont!
Missing character: There is no g ("67) in font nullfont!
Missing character: There is no e ("65) in font nullfont!
Missing character: There is no n ("6E) in font nullfont!
! Missing $ inserted.
<inserted text> 
                $
l.376 ...graphics[width=1\textwidth]{pics/yarpgen_
                                                  class.png}
I've inserted a begin-math/end-math symbol since I think
you left one out. Proceed, with fingers crossed.

! Extra }, or forgotten $.
l.376 ...idth=1\textwidth]{pics/yarpgen_class.png}
                                                  
I've deleted a group-closing symbol because it seems to be
spurious, as in `$x}$'. But perhaps the } is legitimate and
you forgot something else, as in `\hbox{$x}'. In such cases
the way to recover is to insert both the forgotten and the
deleted material, e.g., by typing `I$}'.


! LaTeX Error: \caption outside float.

See the LaTeX manual or LaTeX Companion for explanation.
Type  H <return>  for immediate help.
 ...                                              
                                                  
l.377 ^^I\caption
                 {扩展后的类结构}
You're in trouble here.  Try typing  <return>  to proceed.
If that doesn't work, type  X <return>  to quit.


! LaTeX Error: \begin{document} ended by \end{figure}.

See the LaTeX manual or LaTeX Companion for explanation.
Type  H <return>  for immediate help.
 ...                                              
                                                  
l.379 \end{figure}
                  
Your command was ignored.
Type  I <command> <return>  to replace it with another command,
or  <return>  to continue without it.

! Missing $ inserted.
<inserted text> 
                $
l.379 \end{figure}
                  
I've inserted something that you may have forgotten.
(See the <inserted text> above.)
With luck, this will get me unwedged. But if you
really didn't forget anything, try typing `2' now; then
my insertion and my current dilemma will both disappear.

Missing character: There is no 扩 ("6269) in font cmr10!
Missing character: There is no 展 ("5C55) in font cmr10!
Missing character: There is no 后 ("540E) in font cmr10!
Missing character: There is no 的 ("7684) in font cmr10!
Missing character: There is no 类 ("7C7B) in font cmr10!
Missing character: There is no 结 ("7ED3) in font cmr10!
Missing character: There is no 构 ("6784) in font cmr10!
! Missing } inserted.
<inserted text> 
                }
l.379 \end{figure}
                  
I've inserted something that you may have forgotten.
(See the <inserted text> above.)
With luck, this will get me unwedged. But if you
really didn't forget anything, try typing `2' now; then
my insertion and my current dilemma will both disappear.


Overfull \hbox (20.0pt too wide) in paragraph at lines 374--380
[]
 []


Overfull \hbox (40.85506pt too wide) in paragraph at lines 374--380
[]\OML/cmm/m/it/10 lass:png[][]$ 
 []

! Undefined control sequence.
l.383 \subsection
                 {测试子系统实现}
The control sequence at the end of the top line
of your error message was never \def'ed. If you have
misspelled it (e.g., `\hobx'), type `I' and the correct
spelling (e.g., `I\hbox'). Otherwise just continue,
and I'll forget about whatever was undefined.

Missing character: There is no 测 ("6D4B) in font nullfont!
Missing character: There is no 试 ("8BD5) in font nullfont!
Missing character: There is no 子 ("5B50) in font nullfont!
Missing character: There is no 系 ("7CFB) in font nullfont!
Missing character: There is no 统 ("7EDF) in font nullfont!
Missing character: There is no 实 ("5B9E) in font nullfont!
Missing character: There is no 现 ("73B0) in font nullfont!
Missing character: There is no 测 ("6D4B) in font nullfont!
Missing character: There is no 试 ("8BD5) in font nullfont!
Missing character: There is no 子 ("5B50) in font nullfont!
Missing character: There is no 系 ("7CFB) in font nullfont!
Missing character: There is no 统 ("7EDF) in font nullfont!
Missing character: There is no 在 ("5728) in font nullfont!
Missing character: There is no 保 ("4FDD) in font nullfont!
Missing character: There is no 留 ("7559) in font nullfont!
Missing character: There is no 原 ("539F) in font nullfont!
Missing character: There is no 有 ("6709) in font nullfont!
Missing character: There is no 功 ("529F) in font nullfont!
Missing character: There is no 能 ("80FD) in font nullfont!
Missing character: There is no 的 ("7684) in font nullfont!
Missing character: There is no 基 ("57FA) in font nullfont!
Missing character: There is no 础 ("7840) in font nullfont!
Missing character: There is no 上 ("4E0A) in font nullfont!
Missing character: There is no ， ("FF0C) in font nullfont!
Missing character: There is no 主 ("4E3B) in font nullfont!
Missing character: There is no 要 ("8981) in font nullfont!
Missing character: There is no 实 ("5B9E) in font nullfont!
Missing character: There is no 现 ("73B0) in font nullfont!
Missing character: There is no 了 ("4E86) in font nullfont!
Missing character: There is no 两 ("4E24) in font nullfont!
Missing character: There is no 方 ("65B9) in font nullfont!
Missing character: There is no 面 ("9762) in font nullfont!
Missing character: There is no 的 ("7684) in font nullfont!
Missing character: There is no 扩 ("6269) in font nullfont!
Missing character: There is no 展 ("5C55) in font nullfont!
Missing character: There is no ： ("FF1A) in font nullfont!
Missing character: There is no 一 ("4E00) in font nullfont!
Missing character: There is no 是 ("662F) in font nullfont!
Missing character: There is no 引 ("5F15) in font nullfont!
Missing character: There is no 入 ("5165) in font nullfont!
Missing character: There is no 对 ("5BF9) in font nullfont!
Missing character: There is no 编 ("7F16) in font nullfont!
Missing character: There is no 译 ("8BD1) in font nullfont!
Missing character: There is no 器 ("5668) in font nullfont!
Missing character: There is no 性 ("6027) in font nullfont!
Missing character: There is no 能 ("80FD) in font nullfont!
Missing character: There is no 指 ("6307) in font nullfont!
Missing character: There is no 标 ("6807) in font nullfont!
Missing character: There is no 的 ("7684) in font nullfont!
Missing character: There is no 自 ("81EA) in font nullfont!
Missing character: There is no 动 ("52A8) in font nullfont!
Missing character: There is no 化 ("5316) in font nullfont!
Missing character: There is no 采 ("91C7) in font nullfont!
Missing character: There is no 集 ("96C6) in font nullfont!
Missing character: There is no 能 ("80FD) in font nullfont!
Missing character: There is no 力 ("529B) in font nullfont!
Missing character: There is no ； ("FF1B) in font nullfont!
Missing character: There is no 二 ("4E8C) in font nullfont!
Missing character: There is no 是 ("662F) in font nullfont!
Missing character: There is no 集 ("96C6) in font nullfont!
Missing character: There is no 成 ("6210) in font nullfont!
Missing character: There is no 面 ("9762) in font nullfont!
Missing character: There is no 向 ("5411) in font nullfont!
Missing character: There is no D ("44) in font nullfont!
Missing character: There is no S ("53) in font nullfont!
Missing character: There is no P ("50) in font nullfont!
Missing character: There is no 架 ("67B6) in font nullfont!
Missing character: There is no 构 ("6784) in font nullfont!
Missing character: There is no 定 ("5B9A) in font nullfont!
Missing character: There is no 制 ("5236) in font nullfont!
Missing character: There is no 的 ("7684) in font nullfont!
Missing character: There is no Y ("59) in font nullfont!
Missing character: There is no A ("41) in font nullfont!
Missing character: There is no R ("52) in font nullfont!
Missing character: There is no P ("50) in font nullfont!
Missing character: There is no G ("47) in font nullfont!
Missing character: There is no e ("65) in font nullfont!
Missing character: There is no n ("6E) in font nullfont!
Missing character: There is no ， ("FF0C) in font nullfont!
Missing character: There is no 并 ("5E76) in font nullfont!
Missing character: There is no 将 ("5C06) in font nullfont!
Missing character: There is no 完 ("5B8C) in font nullfont!
Missing character: There is no 整 ("6574) in font nullfont!
Missing character: There is no 的 ("7684) in font nullfont!
Missing character: There is no 测 ("6D4B) in font nullfont!
Missing character: There is no 试 ("8BD5) in font nullfont!
Missing character: There is no 流 ("6D41) in font nullfont!
Missing character: There is no 程 ("7A0B) in font nullfont!
Missing character: There is no 纳 ("7EB3) in font nullfont!
Missing character: There is no 入 ("5165) in font nullfont!
Missing character: There is no C ("43) in font nullfont!
Missing character: There is no I ("49) in font nullfont!
Missing character: There is no 。 ("3002) in font nullfont!
Missing character: There is no 相 ("76F8) in font nullfont!
Missing character: There is no 应 ("5E94) in font nullfont!
Missing character: There is no 地 ("5730) in font nullfont!
Missing character: There is no ， ("FF0C) in font nullfont!
Missing character: There is no 系 ("7CFB) in font nullfont!
Missing character: There is no 统 ("7EDF) in font nullfont!
Missing character: There is no 实 ("5B9E) in font nullfont!
Missing character: There is no 现 ("73B0) in font nullfont!
Missing character: There is no 主 ("4E3B) in font nullfont!
Missing character: There is no 要 ("8981) in font nullfont!
Missing character: There is no 包 ("5305) in font nullfont!
Missing character: There is no 括 ("62EC) in font nullfont!
Missing character: There is no 性 ("6027) in font nullfont!
Missing character: There is no 能 ("80FD) in font nullfont!
Missing character: There is no 指 ("6307) in font nullfont!
Missing character: There is no 标 ("6807) in font nullfont!
Missing character: There is no 测 ("6D4B) in font nullfont!
Missing character: There is no 量 ("91CF) in font nullfont!
Missing character: There is no 支 ("652F) in font nullfont!
Missing character: There is no 持 ("6301) in font nullfont!
Missing character: There is no 的 ("7684) in font nullfont!
Missing character: There is no 引 ("5F15) in font nullfont!
Missing character: There is no 入 ("5165) in font nullfont!
Missing character: There is no 以 ("4EE5) in font nullfont!
Missing character: There is no 及 ("53CA) in font nullfont!
Missing character: There is no 测 ("6D4B) in font nullfont!
Missing character: There is no 试 ("8BD5) in font nullfont!
Missing character: There is no 脚 ("811A) in font nullfont!
Missing character: There is no 本 ("672C) in font nullfont!
Missing character: There is no 逻 ("903B) in font nullfont!
Missing character: There is no 辑 ("8F91) in font nullfont!
Missing character: There is no 的 ("7684) in font nullfont!
Missing character: There is no 重 ("91CD) in font nullfont!
Missing character: There is no 构 ("6784) in font nullfont!
Missing character: There is no 两 ("4E24) in font nullfont!
Missing character: There is no 个 ("4E2A) in font nullfont!
Missing character: There is no 方 ("65B9) in font nullfont!
Missing character: There is no 面 ("9762) in font nullfont!
Missing character: There is no 。 ("3002) in font nullfont!

Overfull \hbox (20.0pt too wide) in paragraph at lines 383--385
[]
 []

! Undefined control sequence.
l.387 \subsubsection
                    {1.添加测量性能指标的支持}
The control sequence at the end of the top line
of your error message was never \def'ed. If you have
misspelled it (e.g., `\hobx'), type `I' and the correct
spelling (e.g., `I\hbox'). Otherwise just continue,
and I'll forget about whatever was undefined.

Missing character: There is no 1 ("31) in font nullfont!
Missing character: There is no . ("2E) in font nullfont!
Missing character: There is no 添 ("6DFB) in font nullfont!
Missing character: There is no 加 ("52A0) in font nullfont!
Missing character: There is no 测 ("6D4B) in font nullfont!
Missing character: There is no 量 ("91CF) in font nullfont!
Missing character: There is no 性 ("6027) in font nullfont!
Missing character: There is no 能 ("80FD) in font nullfont!
Missing character: There is no 指 ("6307) in font nullfont!
Missing character: There is no 标 ("6807) in font nullfont!
Missing character: There is no 的 ("7684) in font nullfont!
Missing character: There is no 支 ("652F) in font nullfont!
Missing character: There is no 持 ("6301) in font nullfont!
Missing character: There is no 在 ("5728) in font nullfont!
Missing character: There is no 对 ("5BF9) in font nullfont!
Missing character: There is no V ("56) in font nullfont!
Missing character: There is no L ("4C) in font nullfont!
Missing character: There is no I ("49) in font nullfont!
Missing character: There is no W ("57) in font nullfont!
Missing character: There is no 架 ("67B6) in font nullfont!
Missing character: There is no 构 ("6784) in font nullfont!
Missing character: There is no D ("44) in font nullfont!
Missing character: There is no S ("53) in font nullfont!
Missing character: There is no P ("50) in font nullfont!
Missing character: There is no 编 ("7F16) in font nullfont!
Missing character: There is no 译 ("8BD1) in font nullfont!
Missing character: There is no 器 ("5668) in font nullfont!
Missing character: There is no 进 ("8FDB) in font nullfont!
Missing character: There is no 行 ("884C) in font nullfont!
Missing character: There is no 性 ("6027) in font nullfont!
Missing character: There is no 能 ("80FD) in font nullfont!
Missing character: There is no 评 ("8BC4) in font nullfont!
Missing character: There is no 估 ("4F30) in font nullfont!
Missing character: There is no 时 ("65F6) in font nullfont!
Missing character: There is no ， ("FF0C) in font nullfont!
Missing character: There is no 通 ("901A) in font nullfont!
Missing character: There is no 常 ("5E38) in font nullfont!
Missing character: There is no 关 ("5173) in font nullfont!
Missing character: There is no 注 ("6CE8) in font nullfont!
Missing character: There is no 以 ("4EE5) in font nullfont!
Missing character: There is no 下 ("4E0B) in font nullfont!
Missing character: There is no 几 ("51E0) in font nullfont!
Missing character: There is no 项 ("9879) in font nullfont!
Missing character: There is no 核 ("6838) in font nullfont!
Missing character: There is no 心 ("5FC3) in font nullfont!
Missing character: There is no 指 ("6307) in font nullfont!
Missing character: There is no 标 ("6807) in font nullfont!
Missing character: There is no ： ("FF1A) in font nullfont!
Missing character: There is no 程 ("7A0B) in font nullfont!
Missing character: There is no 序 ("5E8F) in font nullfont!
Missing character: There is no 运 ("8FD0) in font nullfont!
Missing character: There is no 行 ("884C) in font nullfont!
Missing character: There is no 周 ("5468) in font nullfont!
Missing character: There is no 期 ("671F) in font nullfont!
Missing character: There is no 数 ("6570) in font nullfont!
Missing character: There is no 、 ("3001) in font nullfont!
Missing character: There is no 生 ("751F) in font nullfont!
Missing character: There is no 成 ("6210) in font nullfont!
Missing character: There is no 代 ("4EE3) in font nullfont!
Missing character: There is no 码 ("7801) in font nullfont!
Missing character: There is no 体 ("4F53) in font nullfont!
Missing character: There is no 积 ("79EF) in font nullfont!
Missing character: There is no 、 ("3001) in font nullfont!
Missing character: There is no 汇 ("6C47) in font nullfont!
Missing character: There is no 编 ("7F16) in font nullfont!
Missing character: There is no 代 ("4EE3) in font nullfont!
Missing character: There is no 码 ("7801) in font nullfont!
Missing character: There is no 质 ("8D28) in font nullfont!
Missing character: There is no 量 ("91CF) in font nullfont!
Missing character: There is no 以 ("4EE5) in font nullfont!
Missing character: There is no 及 ("53CA) in font nullfont!
Missing character: There is no 指 ("6307) in font nullfont!
Missing character: There is no 令 ("4EE4) in font nullfont!
Missing character: There is no 打 ("6253) in font nullfont!
Missing character: There is no 包 ("5305) in font nullfont!
Missing character: There is no 效 ("6548) in font nullfont!
Missing character: There is no 率 ("7387) in font nullfont!
Missing character: There is no 。 ("3002) in font nullfont!
Missing character: There is no 这 ("8FD9) in font nullfont!
Missing character: There is no 些 ("4E9B) in font nullfont!
Missing character: There is no 指 ("6307) in font nullfont!
Missing character: There is no 标 ("6807) in font nullfont!
Missing character: There is no 分 ("5206) in font nullfont!
Missing character: There is no 别 ("522B) in font nullfont!
Missing character: There is no 从 ("4ECE) in font nullfont!
Missing character: There is no 执 ("6267) in font nullfont!
Missing character: There is no 行 ("884C) in font nullfont!
Missing character: There is no 效 ("6548) in font nullfont!
Missing character: There is no 率 ("7387) in font nullfont!
Missing character: There is no 、 ("3001) in font nullfont!
Missing character: There is no 存 ("5B58) in font nullfont!
Missing character: There is no 储 ("50A8) in font nullfont!
Missing character: There is no 占 ("5360) in font nullfont!
Missing character: There is no 用 ("7528) in font nullfont!
Missing character: There is no 、 ("3001) in font nullfont!
Missing character: There is no 代 ("4EE3) in font nullfont!
Missing character: There is no 码 ("7801) in font nullfont!
Missing character: There is no 可 ("53EF) in font nullfont!
Missing character: There is no 读 ("8BFB) in font nullfont!
Missing character: There is no 性 ("6027) in font nullfont!
Missing character: There is no 以 ("4EE5) in font nullfont!
Missing character: There is no 及 ("53CA) in font nullfont!
Missing character: There is no 指 ("6307) in font nullfont!
Missing character: There is no 令 ("4EE4) in font nullfont!
Missing character: There is no 级 ("7EA7) in font nullfont!
Missing character: There is no 并 ("5E76) in font nullfont!
Missing character: There is no 行 ("884C) in font nullfont!
Missing character: There is no 优 ("4F18) in font nullfont!
Missing character: There is no 化 ("5316) in font nullfont!
Missing character: There is no 能 ("80FD) in font nullfont!
Missing character: There is no 力 ("529B) in font nullfont!
Missing character: There is no 等 ("7B49) in font nullfont!
Missing character: There is no 维 ("7EF4) in font nullfont!
Missing character: There is no 度 ("5EA6) in font nullfont!
Missing character: There is no ， ("FF0C) in font nullfont!
Missing character: There is no 综 ("7EFC) in font nullfont!
Missing character: There is no 合 ("5408) in font nullfont!
Missing character: There is no 反 ("53CD) in font nullfont!
Missing character: There is no 映 ("6620) in font nullfont!
Missing character: There is no 了 ("4E86) in font nullfont!
Missing character: There is no 编 ("7F16) in font nullfont!
Missing character: There is no 译 ("8BD1) in font nullfont!
Missing character: There is no 器 ("5668) in font nullfont!
Missing character: There is no 后 ("540E) in font nullfont!
Missing character: There is no 端 ("7AEF) in font nullfont!
Missing character: There is no 在 ("5728) in font nullfont!
Missing character: There is no 目 ("76EE) in font nullfont!
Missing character: There is no 标 ("6807) in font nullfont!
Missing character: There is no 平 ("5E73) in font nullfont!
Missing character: There is no 台 ("53F0) in font nullfont!
Missing character: There is no 上 ("4E0A) in font nullfont!
Missing character: There is no 的 ("7684) in font nullfont!
Missing character: There is no 性 ("6027) in font nullfont!
Missing character: There is no 能 ("80FD) in font nullfont!
Missing character: There is no 表 ("8868) in font nullfont!
Missing character: There is no 现 ("73B0) in font nullfont!
Missing character: There is no 。 ("3002) in font nullfont!
Missing character: There is no 为 ("4E3A) in font nullfont!
Missing character: There is no 准 ("51C6) in font nullfont!
Missing character: There is no 确 ("786E) in font nullfont!
Missing character: There is no 获 ("83B7) in font nullfont!
Missing character: There is no 取 ("53D6) in font nullfont!
Missing character: There is no 上 ("4E0A) in font nullfont!
Missing character: There is no 述 ("8FF0) in font nullfont!
Missing character: There is no 不 ("4E0D) in font nullfont!
Missing character: There is no 同 ("540C) in font nullfont!
Missing character: There is no 维 ("7EF4) in font nullfont!
Missing character: There is no 度 ("5EA6) in font nullfont!
Missing character: There is no 的 ("7684) in font nullfont!
Missing character: There is no 性 ("6027) in font nullfont!
Missing character: There is no 能 ("80FD) in font nullfont!
Missing character: There is no 数 ("6570) in font nullfont!
Missing character: There is no 据 ("636E) in font nullfont!
Missing character: There is no ， ("FF0C) in font nullfont!
Missing character: There is no 系 ("7CFB) in font nullfont!
Missing character: There is no 统 ("7EDF) in font nullfont!
Missing character: There is no 采 ("91C7) in font nullfont!
Missing character: There is no 用 ("7528) in font nullfont!
Missing character: There is no 了 ("4E86) in font nullfont!
Missing character: There is no 差 ("5DEE) in font nullfont!
Missing character: There is no 异 ("5F02) in font nullfont!
Missing character: There is no 化 ("5316) in font nullfont!
Missing character: There is no 的 ("7684) in font nullfont!
Missing character: There is no 采 ("91C7) in font nullfont!
Missing character: There is no 集 ("96C6) in font nullfont!
Missing character: There is no 策 ("7B56) in font nullfont!
Missing character: There is no 略 ("7565) in font nullfont!
Missing character: There is no 。 ("3002) in font nullfont!

Overfull \hbox (20.0pt too wide) in paragraph at lines 387--389
[]
 []


Overfull \hbox (20.0pt too wide) in paragraph at lines 390--390
[] 
 []

Missing character: There is no 代 ("4EE3) in font nullfont!
Missing character: There is no 码 ("7801) in font nullfont!
Missing character: There is no 体 ("4F53) in font nullfont!
Missing character: There is no 积 ("79EF) in font nullfont!
Missing character: There is no 的 ("7684) in font nullfont!
Missing character: There is no 测 ("6D4B) in font nullfont!
Missing character: There is no 量 ("91CF) in font nullfont!
Missing character: There is no 通 ("901A) in font nullfont!
Missing character: There is no 过 ("8FC7) in font nullfont!
Missing character: There is no D ("44) in font nullfont!
Missing character: There is no S ("53) in font nullfont!
Missing character: There is no P ("50) in font nullfont!
Missing character: There is no 工 ("5DE5) in font nullfont!
Missing character: There is no 具 ("5177) in font nullfont!
Missing character: There is no 链 ("94FE) in font nullfont!
Missing character: There is no 中 ("4E2D) in font nullfont!
Missing character: There is no 的 ("7684) in font nullfont!
Missing character: There is no l ("6C) in font nullfont!
Missing character: There is no l ("6C) in font nullfont!
Missing character: There is no v ("76) in font nullfont!
Missing character: There is no m ("6D) in font nullfont!
Missing character: There is no - ("2D) in font nullfont!
Missing character: There is no s ("73) in font nullfont!
Missing character: There is no i ("69) in font nullfont!
Missing character: There is no z ("7A) in font nullfont!
Missing character: There is no e ("65) in font nullfont!
Missing character: There is no 完 ("5B8C) in font nullfont!
Missing character: There is no 成 ("6210) in font nullfont!
Missing character: There is no ， ("FF0C) in font nullfont!
Missing character: There is no 工 ("5DE5) in font nullfont!
Missing character: There is no 具 ("5177) in font nullfont!
Missing character: There is no 通 ("901A) in font nullfont!
Missing character: There is no 过 ("8FC7) in font nullfont!
Missing character: There is no 对 ("5BF9) in font nullfont!
Missing character: There is no 编 ("7F16) in font nullfont!
Missing character: There is no 译 ("8BD1) in font nullfont!
Missing character: There is no 完 ("5B8C) in font nullfont!
Missing character: There is no 成 ("6210) in font nullfont!
Missing character: There is no 后 ("540E) in font nullfont!
Missing character: There is no 的 ("7684) in font nullfont!
Missing character: There is no 目 ("76EE) in font nullfont!
Missing character: There is no 标 ("6807) in font nullfont!
Missing character: There is no 文 ("6587) in font nullfont!
Missing character: There is no 件 ("4EF6) in font nullfont!
Missing character: There is no 进 ("8FDB) in font nullfont!
Missing character: There is no 行 ("884C) in font nullfont!
Missing character: There is no 分 ("5206) in font nullfont!
Missing character: There is no 析 ("6790) in font nullfont!
Missing character: There is no ， ("FF0C) in font nullfont!
Missing character: There is no 来 ("6765) in font nullfont!
Missing character: There is no 自 ("81EA) in font nullfont!
Missing character: There is no 动 ("52A8) in font nullfont!
Missing character: There is no 统 ("7EDF) in font nullfont!
Missing character: There is no 计 ("8BA1) in font nullfont!
Missing character: There is no 生 ("751F) in font nullfont!
Missing character: There is no 成 ("6210) in font nullfont!
Missing character: There is no 代 ("4EE3) in font nullfont!
Missing character: There is no 码 ("7801) in font nullfont!
Missing character: There is no 所 ("6240) in font nullfont!
Missing character: There is no 占 ("5360) in font nullfont!
Missing character: There is no 用 ("7528) in font nullfont!
Missing character: There is no 的 ("7684) in font nullfont!
Missing character: There is no 存 ("5B58) in font nullfont!
Missing character: There is no 储 ("50A8) in font nullfont!
Missing character: There is no 空 ("7A7A) in font nullfont!
Missing character: There is no 间 ("95F4) in font nullfont!
Missing character: There is no 。 ("3002) in font nullfont!
Missing character: There is no 汇 ("6C47) in font nullfont!
Missing character: There is no 编 ("7F16) in font nullfont!
Missing character: There is no 代 ("4EE3) in font nullfont!
Missing character: There is no 码 ("7801) in font nullfont!
Missing character: There is no 的 ("7684) in font nullfont!
Missing character: There is no 获 ("83B7) in font nullfont!
Missing character: There is no 取 ("53D6) in font nullfont!
Missing character: There is no 则 ("5219) in font nullfont!
Missing character: There is no 依 ("4F9D) in font nullfont!
Missing character: There is no 赖 ("8D56) in font nullfont!
Missing character: There is no 于 ("4E8E) in font nullfont!
Missing character: There is no D ("44) in font nullfont!
Missing character: There is no S ("53) in font nullfont!
Missing character: There is no P ("50) in font nullfont!
Missing character: There is no 工 ("5DE5) in font nullfont!
Missing character: There is no 具 ("5177) in font nullfont!
Missing character: There is no 链 ("94FE) in font nullfont!
Missing character: There is no 中 ("4E2D) in font nullfont!
Missing character: There is no 的 ("7684) in font nullfont!
Missing character: There is no 反 ("53CD) in font nullfont!
Missing character: There is no 汇 ("6C47) in font nullfont!
Missing character: There is no 编 ("7F16) in font nullfont!
Missing character: There is no 器 ("5668) in font nullfont!
Missing character: There is no ， ("FF0C) in font nullfont!
Missing character: There is no 对 ("5BF9) in font nullfont!
Missing character: There is no 编 ("7F16) in font nullfont!
Missing character: There is no 译 ("8BD1) in font nullfont!
Missing character: There is no 完 ("5B8C) in font nullfont!
Missing character: There is no 成 ("6210) in font nullfont!
Missing character: There is no 后 ("540E) in font nullfont!
Missing character: There is no 的 ("7684) in font nullfont!
Missing character: There is no 目 ("76EE) in font nullfont!
Missing character: There is no 标 ("6807) in font nullfont!
Missing character: There is no 文 ("6587) in font nullfont!
Missing character: There is no 件 ("4EF6) in font nullfont!
Missing character: There is no 进 ("8FDB) in font nullfont!
Missing character: There is no 行 ("884C) in font nullfont!
Missing character: There is no 反 ("53CD) in font nullfont!
Missing character: There is no 汇 ("6C47) in font nullfont!
Missing character: There is no 编 ("7F16) in font nullfont!
Missing character: There is no ， ("FF0C) in font nullfont!
Missing character: There is no 生 ("751F) in font nullfont!
Missing character: There is no 成 ("6210) in font nullfont!
Missing character: There is no 对 ("5BF9) in font nullfont!
Missing character: There is no 应 ("5E94) in font nullfont!
Missing character: There is no 的 ("7684) in font nullfont!
Missing character: There is no 汇 ("6C47) in font nullfont!
Missing character: There is no 编 ("7F16) in font nullfont!
Missing character: There is no 输 ("8F93) in font nullfont!
Missing character: There is no 出 ("51FA) in font nullfont!
Missing character: There is no ， ("FF0C) in font nullfont!
Missing character: There is no 为 ("4E3A) in font nullfont!
Missing character: There is no 后 ("540E) in font nullfont!
Missing character: There is no 续 ("7EED) in font nullfont!
Missing character: There is no 的 ("7684) in font nullfont!
Missing character: There is no 指 ("6307) in font nullfont!
Missing character: There is no 令 ("4EE4) in font nullfont!
Missing character: There is no 级 ("7EA7) in font nullfont!
Missing character: There is no 分 ("5206) in font nullfont!
Missing character: There is no 析 ("6790) in font nullfont!
Missing character: There is no 提 ("63D0) in font nullfont!
Missing character: There is no 供 ("4F9B) in font nullfont!
Missing character: There is no 基 ("57FA) in font nullfont!
Missing character: There is no 础 ("7840) in font nullfont!
Missing character: There is no 数 ("6570) in font nullfont!
Missing character: There is no 据 ("636E) in font nullfont!
Missing character: There is no 。 ("3002) in font nullfont!
Missing character: There is no 指 ("6307) in font nullfont!
Missing character: There is no 令 ("4EE4) in font nullfont!
Missing character: There is no 打 ("6253) in font nullfont!
Missing character: There is no 包 ("5305) in font nullfont!
Missing character: There is no 效 ("6548) in font nullfont!
Missing character: There is no 率 ("7387) in font nullfont!
Missing character: There is no 由 ("7531) in font nullfont!
Missing character: There is no D ("44) in font nullfont!
Missing character: There is no S ("53) in font nullfont!
Missing character: There is no P ("50) in font nullfont!
Missing character: There is no 工 ("5DE5) in font nullfont!
Missing character: There is no 具 ("5177) in font nullfont!
Missing character: There is no 链 ("94FE) in font nullfont!
Missing character: There is no 的 ("7684) in font nullfont!
Missing character: There is no 模 ("6A21) in font nullfont!
Missing character: There is no 拟 ("62DF) in font nullfont!
Missing character: There is no 器 ("5668) in font nullfont!
Missing character: There is no 进 ("8FDB) in font nullfont!
Missing character: There is no 行 ("884C) in font nullfont!
Missing character: There is no 统 ("7EDF) in font nullfont!
Missing character: There is no 计 ("8BA1) in font nullfont!
Missing character: There is no ， ("FF0C) in font nullfont!
Missing character: There is no 模 ("6A21) in font nullfont!
Missing character: There is no 拟 ("62DF) in font nullfont!
Missing character: There is no 器 ("5668) in font nullfont!
Missing character: There is no 能 ("80FD) in font nullfont!
Missing character: There is no 够 ("591F) in font nullfont!
Missing character: There is no 在 ("5728) in font nullfont!
Missing character: There is no 程 ("7A0B) in font nullfont!
Missing character: There is no 序 ("5E8F) in font nullfont!
Missing character: There is no 执 ("6267) in font nullfont!
Missing character: There is no 行 ("884C) in font nullfont!
Missing character: There is no 过 ("8FC7) in font nullfont!
Missing character: There is no 程 ("7A0B) in font nullfont!
Missing character: There is no 中 ("4E2D) in font nullfont!
Missing character: There is no 收 ("6536) in font nullfont!
Missing character: There is no 集 ("96C6) in font nullfont!
Missing character: There is no 指 ("6307) in font nullfont!
Missing character: There is no 令 ("4EE4) in font nullfont!
Missing character: There is no 发 ("53D1) in font nullfont!
Missing character: There is no 射 ("5C04) in font nullfont!
Missing character: There is no 和 ("548C) in font nullfont!
Missing character: There is no 打 ("6253) in font nullfont!
Missing character: There is no 包 ("5305) in font nullfont!
Missing character: There is no 相 ("76F8) in font nullfont!
Missing character: There is no 关 ("5173) in font nullfont!
Missing character: There is no 信 ("4FE1) in font nullfont!
Missing character: There is no 息 ("606F) in font nullfont!
Missing character: There is no ， ("FF0C) in font nullfont!
Missing character: There is no 从 ("4ECE) in font nullfont!
Missing character: There is no 而 ("800C) in font nullfont!
Missing character: There is no 反 ("53CD) in font nullfont!
Missing character: There is no 映 ("6620) in font nullfont!
Missing character: There is no 编 ("7F16) in font nullfont!
Missing character: There is no 译 ("8BD1) in font nullfont!
Missing character: There is no 器 ("5668) in font nullfont!
Missing character: There is no 在 ("5728) in font nullfont!
Missing character: There is no 指 ("6307) in font nullfont!
Missing character: There is no 令 ("4EE4) in font nullfont!
Missing character: There is no 调 ("8C03) in font nullfont!
Missing character: There is no 度 ("5EA6) in font nullfont!
Missing character: There is no 与 ("4E0E) in font nullfont!
Missing character: There is no 并 ("5E76) in font nullfont!
Missing character: There is no 行 ("884C) in font nullfont!
Missing character: There is no 化 ("5316) in font nullfont!
Missing character: There is no 方 ("65B9) in font nullfont!
Missing character: There is no 面 ("9762) in font nullfont!
Missing character: There is no 的 ("7684) in font nullfont!
Missing character: There is no 优 ("4F18) in font nullfont!
Missing character: There is no 化 ("5316) in font nullfont!
Missing character: There is no 效 ("6548) in font nullfont!
Missing character: There is no 果 ("679C) in font nullfont!
Missing character: There is no 。 ("3002) in font nullfont!
Missing character: There is no 运 ("8FD0) in font nullfont!
Missing character: There is no 行 ("884C) in font nullfont!
Missing character: There is no 周 ("5468) in font nullfont!
Missing character: There is no 期 ("671F) in font nullfont!
Missing character: There is no 数 ("6570) in font nullfont!
Missing character: There is no 的 ("7684) in font nullfont!
Missing character: There is no 获 ("83B7) in font nullfont!
Missing character: There is no 取 ("53D6) in font nullfont!
Missing character: There is no 在 ("5728) in font nullfont!
Missing character: There is no 实 ("5B9E) in font nullfont!
Missing character: There is no 现 ("73B0) in font nullfont!
Missing character: There is no 上 ("4E0A) in font nullfont!
Missing character: There is no 具 ("5177) in font nullfont!
Missing character: There is no 有 ("6709) in font nullfont!
Missing character: There is no 一 ("4E00) in font nullfont!
Missing character: There is no 定 ("5B9A) in font nullfont!
Missing character: There is no 复 ("590D) in font nullfont!
Missing character: There is no 杂 ("6742) in font nullfont!
Missing character: There is no 性 ("6027) in font nullfont!
Missing character: There is no 。 ("3002) in font nullfont!
Missing character: There is no 在 ("5728) in font nullfont!
Missing character: There is no 模 ("6A21) in font nullfont!
Missing character: There is no 拟 ("62DF) in font nullfont!
Missing character: There is no 器 ("5668) in font nullfont!
Missing character: There is no 环 ("73AF) in font nullfont!
Missing character: There is no 境 ("5883) in font nullfont!
Missing character: There is no 中 ("4E2D) in font nullfont!
Missing character: There is no ， ("FF0C) in font nullfont!
Missing character: There is no 程 ("7A0B) in font nullfont!
Missing character: There is no 序 ("5E8F) in font nullfont!
Missing character: There is no 运 ("8FD0) in font nullfont!
Missing character: There is no 行 ("884C) in font nullfont!
Missing character: There is no 周 ("5468) in font nullfont!
Missing character: There is no 期 ("671F) in font nullfont!
Missing character: There is no 数 ("6570) in font nullfont!
Missing character: There is no 可 ("53EF) in font nullfont!
Missing character: There is no 直 ("76F4) in font nullfont!
Missing character: There is no 接 ("63A5) in font nullfont!
Missing character: There is no 由 ("7531) in font nullfont!
Missing character: There is no 模 ("6A21) in font nullfont!
Missing character: There is no 拟 ("62DF) in font nullfont!
Missing character: There is no 器 ("5668) in font nullfont!
Missing character: There is no 在 ("5728) in font nullfont!
Missing character: There is no 程 ("7A0B) in font nullfont!
Missing character: There is no 序 ("5E8F) in font nullfont!
Missing character: There is no 执 ("6267) in font nullfont!
Missing character: There is no 行 ("884C) in font nullfont!
Missing character: There is no 过 ("8FC7) in font nullfont!
Missing character: There is no 程 ("7A0B) in font nullfont!
Missing character: There is no 中 ("4E2D) in font nullfont!
Missing character: There is no 提 ("63D0) in font nullfont!
Missing character: There is no 供 ("4F9B) in font nullfont!
Missing character: There is no ； ("FF1B) in font nullfont!
Missing character: There is no 而 ("800C) in font nullfont!
Missing character: There is no 在 ("5728) in font nullfont!
Missing character: There is no 实 ("5B9E) in font nullfont!
Missing character: There is no 际 ("9645) in font nullfont!
Missing character: There is no D ("44) in font nullfont!
Missing character: There is no S ("53) in font nullfont!
Missing character: There is no P ("50) in font nullfont!
Missing character: There is no 芯 ("82AF) in font nullfont!
Missing character: There is no 片 ("7247) in font nullfont!
Missing character: There is no 上 ("4E0A) in font nullfont!
Missing character: There is no ， ("FF0C) in font nullfont!
Missing character: There is no 则 ("5219) in font nullfont!
Missing character: There is no 需 ("9700) in font nullfont!
Missing character: There is no 依 ("4F9D) in font nullfont!
Missing character: There is no 赖 ("8D56) in font nullfont!
Missing character: There is no 底 ("5E95) in font nullfont!
Missing character: There is no 层 ("5C42) in font nullfont!
Missing character: There is no 驱 ("9A71) in font nullfont!
Missing character: There is no 动 ("52A8) in font nullfont!
Missing character: There is no 库 ("5E93) in font nullfont!
Missing character: There is no 所 ("6240) in font nullfont!
Missing character: There is no 暴 ("66B4) in font nullfont!
Missing character: There is no 露 ("9732) in font nullfont!
Missing character: There is no 的 ("7684) in font nullfont!
Missing character: There is no 硬 ("786C) in font nullfont!
Missing character: There is no 件 ("4EF6) in font nullfont!
Missing character: There is no 计 ("8BA1) in font nullfont!
Missing character: There is no 数 ("6570) in font nullfont!
Missing character: There is no 器 ("5668) in font nullfont!
Missing character: There is no 接 ("63A5) in font nullfont!
Missing character: There is no 口 ("53E3) in font nullfont!
Missing character: There is no 进 ("8FDB) in font nullfont!
Missing character: There is no 行 ("884C) in font nullfont!
Missing character: There is no 测 ("6D4B) in font nullfont!
Missing character: There is no 量 ("91CF) in font nullfont!
Missing character: There is no 。 ("3002) in font nullfont!
Missing character: There is no 为 ("4E3A) in font nullfont!
Missing character: There is no 将 ("5C06) in font nullfont!
Missing character: There is no 周 ("5468) in font nullfont!
Missing character: There is no 期 ("671F) in font nullfont!
Missing character: There is no 数 ("6570) in font nullfont!
Missing character: There is no 测 ("6D4B) in font nullfont!
Missing character: There is no 量 ("91CF) in font nullfont!
Missing character: There is no 无 ("65E0) in font nullfont!
Missing character: There is no 缝 ("7F1D) in font nullfont!
Missing character: There is no 集 ("96C6) in font nullfont!
Missing character: There is no 成 ("6210) in font nullfont!
Missing character: There is no 至 ("81F3) in font nullfont!
Missing character: There is no 自 ("81EA) in font nullfont!
Missing character: There is no 动 ("52A8) in font nullfont!
Missing character: There is no 化 ("5316) in font nullfont!
Missing character: There is no 测 ("6D4B) in font nullfont!
Missing character: There is no 试 ("8BD5) in font nullfont!
Missing character: There is no 流 ("6D41) in font nullfont!
Missing character: There is no 水 ("6C34) in font nullfont!
Missing character: There is no 线 ("7EBF) in font nullfont!
Missing character: There is no ， ("FF0C) in font nullfont!
Missing character: There is no 平 ("5E73) in font nullfont!
Missing character: There is no 台 ("53F0) in font nullfont!
Missing character: There is no 对 ("5BF9) in font nullfont!
Missing character: There is no 原 ("539F) in font nullfont!
Missing character: There is no 有 ("6709) in font nullfont!
Missing character: There is no 驱 ("9A71) in font nullfont!
Missing character: There is no 动 ("52A8) in font nullfont!
Missing character: There is no 库 ("5E93) in font nullfont!
Missing character: There is no 进 ("8FDB) in font nullfont!
Missing character: There is no 行 ("884C) in font nullfont!
Missing character: There is no 了 ("4E86) in font nullfont!
Missing character: There is no 重 ("91CD) in font nullfont!
Missing character: There is no 构 ("6784) in font nullfont!
Missing character: There is no 与 ("4E0E) in font nullfont!
Missing character: There is no 精 ("7CBE) in font nullfont!
Missing character: There is no 简 ("7B80) in font nullfont!
Missing character: There is no ， ("FF0C) in font nullfont!
Missing character: There is no 将 ("5C06) in font nullfont!
Missing character: There is no 其 ("5176) in font nullfont!
Missing character: There is no 提 ("63D0) in font nullfont!
Missing character: There is no 取 ("53D6) in font nullfont!
Missing character: There is no 为 ("4E3A) in font nullfont!
Missing character: There is no 独 ("72EC) in font nullfont!
Missing character: There is no 立 ("7ACB) in font nullfont!
Missing character: There is no 、 ("3001) in font nullfont!
Missing character: There is no 可 ("53EF) in font nullfont!
Missing character: There is no 重 ("91CD) in font nullfont!
Missing character: There is no 定 ("5B9A) in font nullfont!
Missing character: There is no 向 ("5411) in font nullfont!
Missing character: There is no 的 ("7684) in font nullfont!
Missing character: There is no 模 ("6A21) in font nullfont!
Missing character: There is no 块 ("5757) in font nullfont!
Missing character: There is no ， ("FF0C) in font nullfont!
Missing character: There is no 仅 ("4EC5) in font nullfont!
Missing character: There is no 保 ("4FDD) in font nullfont!
Missing character: There is no 留 ("7559) in font nullfont!
Missing character: There is no 初 ("521D) in font nullfont!
Missing character: There is no 始 ("59CB) in font nullfont!
Missing character: There is no 化 ("5316) in font nullfont!
Missing character: There is no 与 ("4E0E) in font nullfont!
Missing character: There is no 时 ("65F6) in font nullfont!
Missing character: There is no 间 ("95F4) in font nullfont!
Missing character: There is no 戳 ("6233) in font nullfont!
Missing character: There is no 读 ("8BFB) in font nullfont!
Missing character: There is no 取 ("53D6) in font nullfont!
Missing character: There is no 两 ("4E24) in font nullfont!
Missing character: There is no 个 ("4E2A) in font nullfont!
Missing character: There is no 核 ("6838) in font nullfont!
Missing character: There is no 心 ("5FC3) in font nullfont!
Missing character: There is no 函 ("51FD) in font nullfont!
Missing character: There is no 数 ("6570) in font nullfont!
Missing character: There is no 。 ("3002) in font nullfont!
Missing character: There is no 在 ("5728) in font nullfont!
Missing character: There is no 测 ("6D4B) in font nullfont!
Missing character: There is no 试 ("8BD5) in font nullfont!
Missing character: There is no 程 ("7A0B) in font nullfont!
Missing character: There is no 序 ("5E8F) in font nullfont!
Missing character: There is no 的 ("7684) in font nullfont!
Missing character: There is no 链 ("94FE) in font nullfont!
Missing character: There is no 接 ("63A5) in font nullfont!
Missing character: There is no 阶 ("9636) in font nullfont!
Missing character: There is no 段 ("6BB5) in font nullfont!
Missing character: There is no ， ("FF0C) in font nullfont!
Missing character: There is no 该 ("8BE5) in font nullfont!
Missing character: There is no 模 ("6A21) in font nullfont!
Missing character: There is no 块 ("5757) in font nullfont!
Missing character: There is no 被 ("88AB) in font nullfont!
Missing character: There is no 统 ("7EDF) in font nullfont!
Missing character: There is no 一 ("4E00) in font nullfont!
Missing character: There is no 链 ("94FE) in font nullfont!
Missing character: There is no 接 ("63A5) in font nullfont!
Missing character: There is no 至 ("81F3) in font nullfont!
Missing character: There is no 主 ("4E3B) in font nullfont!
Missing character: There is no 函 ("51FD) in font nullfont!
Missing character: There is no 数 ("6570) in font nullfont!
Missing character: There is no 中 ("4E2D) in font nullfont!
Missing character: There is no ， ("FF0C) in font nullfont!
Missing character: There is no 从 ("4ECE) in font nullfont!
Missing character: There is no 而 ("800C) in font nullfont!
Missing character: There is no 实 ("5B9E) in font nullfont!
Missing character: There is no 现 ("73B0) in font nullfont!
Missing character: There is no 对 ("5BF9) in font nullfont!
Missing character: There is no 程 ("7A0B) in font nullfont!
Missing character: There is no 序 ("5E8F) in font nullfont!
Missing character: There is no 执 ("6267) in font nullfont!
Missing character: There is no 行 ("884C) in font nullfont!
Missing character: There is no 前 ("524D) in font nullfont!
Missing character: There is no 后 ("540E) in font nullfont!
Missing character: There is no 时 ("65F6) in font nullfont!
Missing character: There is no 间 ("95F4) in font nullfont!
Missing character: There is no 戳 ("6233) in font nullfont!
Missing character: There is no 的 ("7684) in font nullfont!
Missing character: There is no 自 ("81EA) in font nullfont!
Missing character: There is no 动 ("52A8) in font nullfont!
Missing character: There is no 采 ("91C7) in font nullfont!
Missing character: There is no 集 ("96C6) in font nullfont!
Missing character: There is no 与 ("4E0E) in font nullfont!
Missing character: There is no 周 ("5468) in font nullfont!
Missing character: There is no 期 ("671F) in font nullfont!
Missing character: There is no 数 ("6570) in font nullfont!
Missing character: There is no 计 ("8BA1) in font nullfont!
Missing character: There is no 算 ("7B97) in font nullfont!
Missing character: There is no 。 ("3002) in font nullfont!
Missing character: There is no 通 ("901A) in font nullfont!
Missing character: There is no 过 ("8FC7) in font nullfont!
Missing character: There is no 这 ("8FD9) in font nullfont!
Missing character: There is no 一 ("4E00) in font nullfont!
Missing character: There is no 方 ("65B9) in font nullfont!
Missing character: There is no 式 ("5F0F) in font nullfont!
Missing character: There is no ， ("FF0C) in font nullfont!
Missing character: There is no 芯 ("82AF) in font nullfont!
Missing character: There is no 片 ("7247) in font nullfont!
Missing character: There is no 上 ("4E0A) in font nullfont!
Missing character: There is no 的 ("7684) in font nullfont!
Missing character: There is no 运 ("8FD0) in font nullfont!
Missing character: There is no 行 ("884C) in font nullfont!
Missing character: There is no 周 ("5468) in font nullfont!
Missing character: There is no 期 ("671F) in font nullfont!
Missing character: There is no 数 ("6570) in font nullfont!
Missing character: There is no 测 ("6D4B) in font nullfont!
Missing character: There is no 量 ("91CF) in font nullfont!
Missing character: There is no 能 ("80FD) in font nullfont!
Missing character: There is no 够 ("591F) in font nullfont!
Missing character: There is no 与 ("4E0E) in font nullfont!
Missing character: There is no 编 ("7F16) in font nullfont!
Missing character: There is no 译 ("8BD1) in font nullfont!
Missing character: There is no 、 ("3001) in font nullfont!
Missing character: There is no 执 ("6267) in font nullfont!
Missing character: There is no 行 ("884C) in font nullfont!
Missing character: There is no 流 ("6D41) in font nullfont!
Missing character: There is no 程 ("7A0B) in font nullfont!
Missing character: There is no 紧 ("7D27) in font nullfont!
Missing character: There is no 密 ("5BC6) in font nullfont!
Missing character: There is no 结 ("7ED3) in font nullfont!
Missing character: There is no 合 ("5408) in font nullfont!
Missing character: There is no ， ("FF0C) in font nullfont!
Missing character: There is no 实 ("5B9E) in font nullfont!
Missing character: There is no 现 ("73B0) in font nullfont!
Missing character: There is no 流 ("6D41) in font nullfont!
Missing character: There is no 水 ("6C34) in font nullfont!
Missing character: There is no 线 ("7EBF) in font nullfont!
Missing character: There is no 化 ("5316) in font nullfont!
Missing character: There is no 和 ("548C) in font nullfont!
Missing character: There is no 自 ("81EA) in font nullfont!
Missing character: There is no 动 ("52A8) in font nullfont!
Missing character: There is no 化 ("5316) in font nullfont!
Missing character: There is no 。 ("3002) in font nullfont!
! Undefined control sequence.
l.406 \subsubsection
                    {2.重构测试脚本并添加YARPGen}
The control sequence at the end of the top line
of your error message was never \def'ed. If you have
misspelled it (e.g., `\hobx'), type `I' and the correct
spelling (e.g., `I\hbox'). Otherwise just continue,
and I'll forget about whatever was undefined.

Missing character: There is no 2 ("32) in font nullfont!
Missing character: There is no . ("2E) in font nullfont!
Missing character: There is no 重 ("91CD) in font nullfont!
Missing character: There is no 构 ("6784) in font nullfont!
Missing character: There is no 测 ("6D4B) in font nullfont!
Missing character: There is no 试 ("8BD5) in font nullfont!
Missing character: There is no 脚 ("811A) in font nullfont!
Missing character: There is no 本 ("672C) in font nullfont!
Missing character: There is no 并 ("5E76) in font nullfont!
Missing character: There is no 添 ("6DFB) in font nullfont!
Missing character: There is no 加 ("52A0) in font nullfont!
Missing character: There is no Y ("59) in font nullfont!
Missing character: There is no A ("41) in font nullfont!
Missing character: There is no R ("52) in font nullfont!
Missing character: There is no P ("50) in font nullfont!
Missing character: There is no G ("47) in font nullfont!
Missing character: There is no e ("65) in font nullfont!
Missing character: There is no n ("6E) in font nullfont!
Missing character: There is no 原 ("539F) in font nullfont!
Missing character: There is no 有 ("6709) in font nullfont!
Missing character: There is no 的 ("7684) in font nullfont!
Missing character: There is no 测 ("6D4B) in font nullfont!
Missing character: There is no 试 ("8BD5) in font nullfont!
Missing character: There is no 脚 ("811A) in font nullfont!
Missing character: There is no 本 ("672C) in font nullfont!
Missing character: There is no 逻 ("903B) in font nullfont!
Missing character: There is no 辑 ("8F91) in font nullfont!
Missing character: There is no 仅 ("4EC5) in font nullfont!
Missing character: There is no 关 ("5173) in font nullfont!
Missing character: There is no 注 ("6CE8) in font nullfont!
Missing character: There is no 测 ("6D4B) in font nullfont!
Missing character: There is no 试 ("8BD5) in font nullfont!
Missing character: There is no 样 ("6837) in font nullfont!
Missing character: There is no 例 ("4F8B) in font nullfont!
Missing character: There is no 的 ("7684) in font nullfont!
Missing character: There is no 功 ("529F) in font nullfont!
Missing character: There is no 能 ("80FD) in font nullfont!
Missing character: There is no 正 ("6B63) in font nullfont!
Missing character: There is no 确 ("786E) in font nullfont!
Missing character: There is no 性 ("6027) in font nullfont!
Missing character: There is no 验 ("9A8C) in font nullfont!
Missing character: There is no 证 ("8BC1) in font nullfont!
Missing character: There is no ， ("FF0C) in font nullfont!
Missing character: There is no 无 ("65E0) in font nullfont!
Missing character: There is no 法 ("6CD5) in font nullfont!
Missing character: There is no 满 ("6EE1) in font nullfont!
Missing character: There is no 足 ("8DB3) in font nullfont!
Missing character: There is no 性 ("6027) in font nullfont!
Missing character: There is no 能 ("80FD) in font nullfont!
Missing character: There is no 评 ("8BC4) in font nullfont!
Missing character: There is no 估 ("4F30) in font nullfont!
Missing character: There is no 平 ("5E73) in font nullfont!
Missing character: There is no 台 ("53F0) in font nullfont!
Missing character: There is no 对 ("5BF9) in font nullfont!
Missing character: There is no 多 ("591A) in font nullfont!
Missing character: There is no 维 ("7EF4) in font nullfont!
Missing character: There is no 性 ("6027) in font nullfont!
Missing character: There is no 能 ("80FD) in font nullfont!
Missing character: There is no 数 ("6570) in font nullfont!
Missing character: There is no 据 ("636E) in font nullfont!
Missing character: There is no 采 ("91C7) in font nullfont!
Missing character: There is no 集 ("96C6) in font nullfont!
Missing character: There is no 的 ("7684) in font nullfont!
Missing character: There is no 需 ("9700) in font nullfont!
Missing character: There is no 求 ("6C42) in font nullfont!
Missing character: There is no ， ("FF0C) in font nullfont!
Missing character: There is no 为 ("4E3A) in font nullfont!
Missing character: There is no 此 ("6B64) in font nullfont!
Missing character: There is no ， ("FF0C) in font nullfont!
Missing character: There is no 需 ("9700) in font nullfont!
Missing character: There is no 要 ("8981) in font nullfont!
Missing character: There is no 对 ("5BF9) in font nullfont!
Missing character: There is no 测 ("6D4B) in font nullfont!
Missing character: There is no 试 ("8BD5) in font nullfont!
Missing character: There is no 脚 ("811A) in font nullfont!
Missing character: There is no 本 ("672C) in font nullfont!
Missing character: There is no 的 ("7684) in font nullfont!
Missing character: There is no 整 ("6574) in font nullfont!
Missing character: There is no 体 ("4F53) in font nullfont!
Missing character: There is no 逻 ("903B) in font nullfont!
Missing character: There is no 辑 ("8F91) in font nullfont!
Missing character: There is no 进 ("8FDB) in font nullfont!
Missing character: There is no 行 ("884C) in font nullfont!
Missing character: There is no 重 ("91CD) in font nullfont!
Missing character: There is no 写 ("5199) in font nullfont!
Missing character: There is no 和 ("548C) in font nullfont!
Missing character: There is no 扩 ("6269) in font nullfont!
Missing character: There is no 展 ("5C55) in font nullfont!
Missing character: There is no 。 ("3002) in font nullfont!
Missing character: There is no 在 ("5728) in font nullfont!
Missing character: There is no 新 ("65B0) in font nullfont!
Missing character: There is no 的 ("7684) in font nullfont!
Missing character: There is no 脚 ("811A) in font nullfont!
Missing character: There is no 本 ("672C) in font nullfont!
Missing character: There is no 中 ("4E2D) in font nullfont!
Missing character: There is no ， ("FF0C) in font nullfont!
Missing character: There is no 测 ("6D4B) in font nullfont!
Missing character: There is no 试 ("8BD5) in font nullfont!
Missing character: There is no 流 ("6D41) in font nullfont!
Missing character: There is no 程 ("7A0B) in font nullfont!
Missing character: There is no 在 ("5728) in font nullfont!
Missing character: There is no 完 ("5B8C) in font nullfont!
Missing character: There is no 成 ("6210) in font nullfont!
Missing character: There is no 编 ("7F16) in font nullfont!
Missing character: There is no 译 ("8BD1) in font nullfont!
Missing character: There is no 与 ("4E0E) in font nullfont!
Missing character: There is no 执 ("6267) in font nullfont!
Missing character: There is no 行 ("884C) in font nullfont!
Missing character: There is no 后 ("540E) in font nullfont!
Missing character: There is no ， ("FF0C) in font nullfont!
Missing character: There is no 会 ("4F1A) in font nullfont!
Missing character: There is no 自 ("81EA) in font nullfont!
Missing character: There is no 动 ("52A8) in font nullfont!
Missing character: There is no 触 ("89E6) in font nullfont!
Missing character: There is no 发 ("53D1) in font nullfont!
Missing character: There is no 性 ("6027) in font nullfont!
Missing character: There is no 能 ("80FD) in font nullfont!
Missing character: There is no 数 ("6570) in font nullfont!
Missing character: There is no 据 ("636E) in font nullfont!
Missing character: There is no 采 ("91C7) in font nullfont!
Missing character: There is no 集 ("96C6) in font nullfont!
Missing character: There is no 模 ("6A21) in font nullfont!
Missing character: There is no 块 ("5757) in font nullfont!
Missing character: There is no ， ("FF0C) in font nullfont!
Missing character: There is no 分 ("5206) in font nullfont!
Missing character: There is no 别 ("522B) in font nullfont!
Missing character: There is no 获 ("83B7) in font nullfont!
Missing character: There is no 取 ("53D6) in font nullfont!
Missing character: There is no 运 ("8FD0) in font nullfont!
Missing character: There is no 行 ("884C) in font nullfont!
Missing character: There is no 周 ("5468) in font nullfont!
Missing character: There is no 期 ("671F) in font nullfont!
Missing character: There is no 数 ("6570) in font nullfont!
Missing character: There is no 、 ("3001) in font nullfont!
Missing character: There is no 代 ("4EE3) in font nullfont!
Missing character: There is no 码 ("7801) in font nullfont!
Missing character: There is no 大 ("5927) in font nullfont!
Missing character: There is no 小 ("5C0F) in font nullfont!
Missing character: There is no 、 ("3001) in font nullfont!
Missing character: There is no 汇 ("6C47) in font nullfont!
Missing character: There is no 编 ("7F16) in font nullfont!
Missing character: There is no 输 ("8F93) in font nullfont!
Missing character: There is no 出 ("51FA) in font nullfont!
Missing character: There is no 以 ("4EE5) in font nullfont!
Missing character: There is no 及 ("53CA) in font nullfont!
Missing character: There is no 指 ("6307) in font nullfont!
Missing character: There is no 令 ("4EE4) in font nullfont!
Missing character: There is no 打 ("6253) in font nullfont!
Missing character: There is no 包 ("5305) in font nullfont!
Missing character: There is no 效 ("6548) in font nullfont!
Missing character: There is no 率 ("7387) in font nullfont!
Missing character: There is no 等 ("7B49) in font nullfont!
Missing character: There is no 指 ("6307) in font nullfont!
Missing character: There is no 标 ("6807) in font nullfont!
Missing character: There is no ， ("FF0C) in font nullfont!
Missing character: There is no 并 ("5E76) in font nullfont!
Missing character: There is no 将 ("5C06) in font nullfont!
Missing character: There is no 其 ("5176) in font nullfont!
Missing character: There is no 统 ("7EDF) in font nullfont!
Missing character: There is no 一 ("4E00) in font nullfont!
Missing character: There is no 整 ("6574) in font nullfont!
Missing character: There is no 理 ("7406) in font nullfont!
Missing character: There is no 为 ("4E3A) in font nullfont!
Missing character: There is no 结 ("7ED3) in font nullfont!
Missing character: There is no 构 ("6784) in font nullfont!
Missing character: There is no 化 ("5316) in font nullfont!
Missing character: There is no 的 ("7684) in font nullfont!
Missing character: There is no 性 ("6027) in font nullfont!
Missing character: There is no 能 ("80FD) in font nullfont!
Missing character: There is no 报 ("62A5) in font nullfont!
Missing character: There is no 告 ("544A) in font nullfont!
Missing character: There is no 。 ("3002) in font nullfont!

Overfull \hbox (20.0pt too wide) in paragraph at lines 406--408
[]
 []

Missing character: There is no 性 ("6027) in font nullfont!
Missing character: There is no 能 ("80FD) in font nullfont!
Missing character: There is no 报 ("62A5) in font nullfont!
Missing character: There is no 告 ("544A) in font nullfont!
Missing character: There is no 以 ("4EE5) in font nullfont!
Missing character: There is no 标 ("6807) in font nullfont!
Missing character: There is no 准 ("51C6) in font nullfont!
Missing character: There is no 化 ("5316) in font nullfont!
Missing character: There is no J ("4A) in font nullfont!
Missing character: There is no s ("73) in font nullfont!
Missing character: There is no o ("6F) in font nullfont!
Missing character: There is no n ("6E) in font nullfont!
Missing character: There is no 格 ("683C) in font nullfont!
Missing character: There is no 式 ("5F0F) in font nullfont!
Missing character: There is no 生 ("751F) in font nullfont!
Missing character: There is no 成 ("6210) in font nullfont!
Missing character: There is no ， ("FF0C) in font nullfont!
Missing character: There is no 便 ("4FBF) in font nullfont!
Missing character: There is no 于 ("4E8E) in font nullfont!
Missing character: There is no 后 ("540E) in font nullfont!
Missing character: There is no 续 ("7EED) in font nullfont!
Missing character: There is no 自 ("81EA) in font nullfont!
Missing character: There is no 动 ("52A8) in font nullfont!
Missing character: There is no 解 ("89E3) in font nullfont!
Missing character: There is no 析 ("6790) in font nullfont!
Missing character: There is no 和 ("548C) in font nullfont!
Missing character: There is no 存 ("5B58) in font nullfont!
Missing character: There is no 储 ("50A8) in font nullfont!
Missing character: There is no 。 ("3002) in font nullfont!
Missing character: There is no 在 ("5728) in font nullfont!
Missing character: There is no 报 ("62A5) in font nullfont!
Missing character: There is no 告 ("544A) in font nullfont!
Missing character: There is no 生 ("751F) in font nullfont!
Missing character: There is no 成 ("6210) in font nullfont!
Missing character: There is no 完 ("5B8C) in font nullfont!
Missing character: There is no 成 ("6210) in font nullfont!
Missing character: There is no 后 ("540E) in font nullfont!
Missing character: There is no ， ("FF0C) in font nullfont!
Missing character: There is no 测 ("6D4B) in font nullfont!
Missing character: There is no 试 ("8BD5) in font nullfont!
Missing character: There is no 脚 ("811A) in font nullfont!
Missing character: There is no 本 ("672C) in font nullfont!
Missing character: There is no 会 ("4F1A) in font nullfont!
Missing character: There is no 将 ("5C06) in font nullfont!
Missing character: There is no 测 ("6D4B) in font nullfont!
Missing character: There is no 试 ("8BD5) in font nullfont!
Missing character: There is no 结 ("7ED3) in font nullfont!
Missing character: There is no 果 ("679C) in font nullfont!
Missing character: There is no 进 ("8FDB) in font nullfont!
Missing character: There is no 行 ("884C) in font nullfont!
Missing character: There is no 打 ("6253) in font nullfont!
Missing character: There is no 包 ("5305) in font nullfont!
Missing character: There is no ， ("FF0C) in font nullfont!
Missing character: There is no 并 ("5E76) in font nullfont!
Missing character: There is no 自 ("81EA) in font nullfont!
Missing character: There is no 动 ("52A8) in font nullfont!
Missing character: There is no 上 ("4E0A) in font nullfont!
Missing character: There is no 传 ("4F20) in font nullfont!
Missing character: There is no 至 ("81F3) in font nullfont!
Missing character: There is no P ("50) in font nullfont!
Missing character: There is no e ("65) in font nullfont!
Missing character: There is no r ("72) in font nullfont!
Missing character: There is no f ("66) in font nullfont!
Missing character: There is no 仓 ("4ED3) in font nullfont!
Missing character: There is no 库 ("5E93) in font nullfont!
Missing character: There is no ， ("FF0C) in font nullfont!
Missing character: There is no 作 ("4F5C) in font nullfont!
Missing character: There is no 为 ("4E3A) in font nullfont!
Missing character: There is no 后 ("540E) in font nullfont!
Missing character: There is no 续 ("7EED) in font nullfont!
Missing character: There is no 评 ("8BC4) in font nullfont!
Missing character: There is no 估 ("4F30) in font nullfont!
Missing character: There is no 和 ("548C) in font nullfont!
Missing character: There is no 可 ("53EF) in font nullfont!
Missing character: There is no 视 ("89C6) in font nullfont!
Missing character: There is no 化 ("5316) in font nullfont!
Missing character: There is no 分 ("5206) in font nullfont!
Missing character: There is no 析 ("6790) in font nullfont!
Missing character: There is no 的 ("7684) in font nullfont!
Missing character: There is no 数 ("6570) in font nullfont!
Missing character: There is no 据 ("636E) in font nullfont!
Missing character: There is no 源 ("6E90) in font nullfont!
Missing character: There is no 。 ("3002) in font nullfont!

Overfull \hbox (20.0pt too wide) in paragraph at lines 411--412
[] 
 []

Missing character: There is no 此 ("6B64) in font nullfont!
Missing character: There is no 外 ("5916) in font nullfont!
Missing character: There is no 为 ("4E3A) in font nullfont!
Missing character: There is no 了 ("4E86) in font nullfont!
Missing character: There is no 提 ("63D0) in font nullfont!
Missing character: There is no 升 ("5347) in font nullfont!
Missing character: There is no 测 ("6D4B) in font nullfont!
Missing character: There is no 试 ("8BD5) in font nullfont!
Missing character: There is no 覆 ("8986) in font nullfont!
Missing character: There is no 盖 ("76D6) in font nullfont!
Missing character: There is no 度 ("5EA6) in font nullfont!
Missing character: There is no ， ("FF0C) in font nullfont!
Missing character: There is no C ("43) in font nullfont!
Missing character: There is no I ("49) in font nullfont!
Missing character: There is no 脚 ("811A) in font nullfont!
Missing character: There is no 本 ("672C) in font nullfont!
Missing character: There is no 中 ("4E2D) in font nullfont!
Missing character: There is no 还 ("8FD8) in font nullfont!
Missing character: There is no 集 ("96C6) in font nullfont!
Missing character: There is no 成 ("6210) in font nullfont!
Missing character: There is no 了 ("4E86) in font nullfont!
Missing character: There is no Y ("59) in font nullfont!
Missing character: There is no A ("41) in font nullfont!
Missing character: There is no R ("52) in font nullfont!
Missing character: There is no P ("50) in font nullfont!
Missing character: There is no G ("47) in font nullfont!
Missing character: There is no e ("65) in font nullfont!
Missing character: There is no n ("6E) in font nullfont!
Missing character: There is no 的 ("7684) in font nullfont!
Missing character: There is no 随 ("968F) in font nullfont!
Missing character: There is no 机 ("673A) in font nullfont!
Missing character: There is no 样 ("6837) in font nullfont!
Missing character: There is no 例 ("4F8B) in font nullfont!
Missing character: There is no 生 ("751F) in font nullfont!
Missing character: There is no 成 ("6210) in font nullfont!
Missing character: There is no 逻 ("903B) in font nullfont!
Missing character: There is no 辑 ("8F91) in font nullfont!
Missing character: There is no ， ("FF0C) in font nullfont!
Missing character: There is no 在 ("5728) in font nullfont!
Missing character: There is no 每 ("6BCF) in font nullfont!
Missing character: There is no 次 ("6B21) in font nullfont!
Missing character: There is no 测 ("6D4B) in font nullfont!
Missing character: There is no 试 ("8BD5) in font nullfont!
Missing character: There is no 触 ("89E6) in font nullfont!
Missing character: There is no 发 ("53D1) in font nullfont!
Missing character: There is no 时 ("65F6) in font nullfont!
Missing character: There is no 可 ("53EF) in font nullfont!
Missing character: There is no 自 ("81EA) in font nullfont!
Missing character: There is no 动 ("52A8) in font nullfont!
Missing character: There is no 生 ("751F) in font nullfont!
Missing character: There is no 成 ("6210) in font nullfont!
Missing character: There is no 一 ("4E00) in font nullfont!
Missing character: There is no 批 ("6279) in font nullfont!
Missing character: There is no 新 ("65B0) in font nullfont!
Missing character: There is no 的 ("7684) in font nullfont!
Missing character: There is no 随 ("968F) in font nullfont!
Missing character: There is no 机 ("673A) in font nullfont!
Missing character: There is no 测 ("6D4B) in font nullfont!
Missing character: There is no 试 ("8BD5) in font nullfont!
Missing character: There is no 程 ("7A0B) in font nullfont!
Missing character: There is no 序 ("5E8F) in font nullfont!
Missing character: There is no ， ("FF0C) in font nullfont!
Missing character: There is no 并 ("5E76) in font nullfont!
Missing character: There is no 与 ("4E0E) in font nullfont!
Missing character: There is no 已 ("5DF2) in font nullfont!
Missing character: There is no 有 ("6709) in font nullfont!
Missing character: There is no 测 ("6D4B) in font nullfont!
Missing character: There is no 试 ("8BD5) in font nullfont!
Missing character: There is no 样 ("6837) in font nullfont!
Missing character: There is no 例 ("4F8B) in font nullfont!
Missing character: There is no 共 ("5171) in font nullfont!
Missing character: There is no 同 ("540C) in font nullfont!
Missing character: There is no 参 ("53C2) in font nullfont!
Missing character: There is no 与 ("4E0E) in font nullfont!
Missing character: There is no 测 ("6D4B) in font nullfont!
Missing character: There is no 试 ("8BD5) in font nullfont!
Missing character: There is no 执 ("6267) in font nullfont!
Missing character: There is no 行 ("884C) in font nullfont!
Missing character: There is no 。 ("3002) in font nullfont!
Missing character: There is no 通 ("901A) in font nullfont!
Missing character: There is no 过 ("8FC7) in font nullfont!
Missing character: There is no 这 ("8FD9) in font nullfont!
Missing character: There is no 一 ("4E00) in font nullfont!
Missing character: There is no 机 ("673A) in font nullfont!
Missing character: There is no 制 ("5236) in font nullfont!
Missing character: There is no ， ("FF0C) in font nullfont!
Missing character: There is no 测 ("6D4B) in font nullfont!
Missing character: There is no 试 ("8BD5) in font nullfont!
Missing character: There is no 流 ("6D41) in font nullfont!
Missing character: There is no 水 ("6C34) in font nullfont!
Missing character: There is no 线 ("7EBF) in font nullfont!
Missing character: There is no 不 ("4E0D) in font nullfont!
Missing character: There is no 仅 ("4EC5) in font nullfont!
Missing character: There is no 能 ("80FD) in font nullfont!
Missing character: There is no 够 ("591F) in font nullfont!
Missing character: There is no 验 ("9A8C) in font nullfont!
Missing character: There is no 证 ("8BC1) in font nullfont!
Missing character: There is no 固 ("56FA) in font nullfont!
Missing character: There is no 定 ("5B9A) in font nullfont!
Missing character: There is no 测 ("6D4B) in font nullfont!
Missing character: There is no 试 ("8BD5) in font nullfont!
Missing character: There is no 集 ("96C6) in font nullfont!
Missing character: There is no 上 ("4E0A) in font nullfont!
Missing character: There is no 的 ("7684) in font nullfont!
Missing character: There is no 功 ("529F) in font nullfont!
Missing character: There is no 能 ("80FD) in font nullfont!
Missing character: There is no 和 ("548C) in font nullfont!
Missing character: There is no 性 ("6027) in font nullfont!
Missing character: There is no 能 ("80FD) in font nullfont!
Missing character: There is no 表 ("8868) in font nullfont!
Missing character: There is no 现 ("73B0) in font nullfont!
Missing character: There is no ， ("FF0C) in font nullfont!
Missing character: There is no 还 ("8FD8) in font nullfont!
Missing character: There is no 能 ("80FD) in font nullfont!
Missing character: There is no 够 ("591F) in font nullfont!
Missing character: There is no 持 ("6301) in font nullfont!
Missing character: There is no 续 ("7EED) in font nullfont!
Missing character: There is no 引 ("5F15) in font nullfont!
Missing character: There is no 入 ("5165) in font nullfont!
Missing character: There is no 新 ("65B0) in font nullfont!
Missing character: There is no 的 ("7684) in font nullfont!
Missing character: There is no 输 ("8F93) in font nullfont!
Missing character: There is no 入 ("5165) in font nullfont!
Missing character: There is no 场 ("573A) in font nullfont!
Missing character: There is no 景 ("666F) in font nullfont!
Missing character: There is no ， ("FF0C) in font nullfont!
Missing character: There is no 提 ("63D0) in font nullfont!
Missing character: There is no 升 ("5347) in font nullfont!
Missing character: There is no 对 ("5BF9) in font nullfont!
Missing character: There is no 潜 ("6F5C) in font nullfont!
Missing character: There is no 在 ("5728) in font nullfont!
Missing character: There is no 缺 ("7F3A) in font nullfont!
Missing character: There is no 陷 ("9677) in font nullfont!
Missing character: There is no 的 ("7684) in font nullfont!
Missing character: There is no 发 ("53D1) in font nullfont!
Missing character: There is no 现 ("73B0) in font nullfont!
Missing character: There is no 能 ("80FD) in font nullfont!
Missing character: There is no 力 ("529B) in font nullfont!
Missing character: There is no 。 ("3002) in font nullfont!

Overfull \hbox (20.0pt too wide) in paragraph at lines 415--416
[] 
 []

! Undefined control sequence.
l.419 \subsection
                 {评估子系统实现}
The control sequence at the end of the top line
of your error message was never \def'ed. If you have
misspelled it (e.g., `\hobx'), type `I' and the correct
spelling (e.g., `I\hbox'). Otherwise just continue,
and I'll forget about whatever was undefined.

Missing character: There is no 评 ("8BC4) in font nullfont!
Missing character: There is no 估 ("4F30) in font nullfont!
Missing character: There is no 子 ("5B50) in font nullfont!
Missing character: There is no 系 ("7CFB) in font nullfont!
Missing character: There is no 统 ("7EDF) in font nullfont!
Missing character: There is no 实 ("5B9E) in font nullfont!
Missing character: There is no 现 ("73B0) in font nullfont!
Missing character: There is no 评 ("8BC4) in font nullfont!
Missing character: There is no 估 ("4F30) in font nullfont!
Missing character: There is no 子 ("5B50) in font nullfont!
Missing character: There is no 系 ("7CFB) in font nullfont!
Missing character: There is no 统 ("7EDF) in font nullfont!
Missing character: There is no 用 ("7528) in font nullfont!
Missing character: There is no 于 ("4E8E) in font nullfont!
Missing character: There is no 对 ("5BF9) in font nullfont!
Missing character: There is no 测 ("6D4B) in font nullfont!
Missing character: There is no 试 ("8BD5) in font nullfont!
Missing character: There is no 阶 ("9636) in font nullfont!
Missing character: There is no 段 ("6BB5) in font nullfont!
Missing character: There is no 产 ("4EA7) in font nullfont!
Missing character: There is no 生 ("751F) in font nullfont!
Missing character: There is no 的 ("7684) in font nullfont!
Missing character: There is no 大 ("5927) in font nullfont!
Missing character: There is no 量 ("91CF) in font nullfont!
Missing character: There is no 性 ("6027) in font nullfont!
Missing character: There is no 能 ("80FD) in font nullfont!
Missing character: There is no 数 ("6570) in font nullfont!
Missing character: There is no 据 ("636E) in font nullfont!
Missing character: There is no 进 ("8FDB) in font nullfont!
Missing character: There is no 行 ("884C) in font nullfont!
Missing character: There is no 集 ("96C6) in font nullfont!
Missing character: There is no 中 ("4E2D) in font nullfont!
Missing character: There is no 管 ("7BA1) in font nullfont!
Missing character: There is no 理 ("7406) in font nullfont!
Missing character: There is no 、 ("3001) in font nullfont!
Missing character: There is no 分 ("5206) in font nullfont!
Missing character: There is no 析 ("6790) in font nullfont!
Missing character: There is no 与 ("4E0E) in font nullfont!
Missing character: There is no 展 ("5C55) in font nullfont!
Missing character: There is no 示 ("793A) in font nullfont!
Missing character: There is no ， ("FF0C) in font nullfont!
Missing character: There is no 其 ("5176) in font nullfont!
Missing character: There is no 实 ("5B9E) in font nullfont!
Missing character: There is no 现 ("73B0) in font nullfont!
Missing character: There is no 采 ("91C7) in font nullfont!
Missing character: There is no 用 ("7528) in font nullfont!
Missing character: There is no 典 ("5178) in font nullfont!
Missing character: There is no 型 ("578B) in font nullfont!
Missing character: There is no 的 ("7684) in font nullfont!
Missing character: There is no 三 ("4E09) in font nullfont!
Missing character: There is no 层 ("5C42) in font nullfont!
Missing character: There is no 架 ("67B6) in font nullfont!
Missing character: There is no 构 ("6784) in font nullfont!
Missing character: There is no ， ("FF0C) in font nullfont!
Missing character: There is no 包 ("5305) in font nullfont!
Missing character: There is no 括 ("62EC) in font nullfont!
Missing character: There is no 前 ("524D) in font nullfont!
Missing character: There is no 端 ("7AEF) in font nullfont!
Missing character: There is no 展 ("5C55) in font nullfont!
Missing character: There is no 示 ("793A) in font nullfont!
Missing character: There is no 层 ("5C42) in font nullfont!
Missing character: There is no 、 ("3001) in font nullfont!
Missing character: There is no 后 ("540E) in font nullfont!
Missing character: There is no 端 ("7AEF) in font nullfont!
Missing character: There is no 服 ("670D) in font nullfont!
Missing character: There is no 务 ("52A1) in font nullfont!
Missing character: There is no 层 ("5C42) in font nullfont!
Missing character: There is no 以 ("4EE5) in font nullfont!
Missing character: There is no 及 ("53CA) in font nullfont!
Missing character: There is no 数 ("6570) in font nullfont!
Missing character: There is no 据 ("636E) in font nullfont!
Missing character: There is no 库 ("5E93) in font nullfont!
Missing character: There is no 存 ("5B58) in font nullfont!
Missing character: There is no 储 ("50A8) in font nullfont!
Missing character: There is no 层 ("5C42) in font nullfont!
Missing character: There is no 。 ("3002) in font nullfont!
Missing character: There is no 各 ("5404) in font nullfont!
Missing character: There is no 层 ("5C42) in font nullfont!
Missing character: There is no 在 ("5728) in font nullfont!
Missing character: There is no 功 ("529F) in font nullfont!
Missing character: There is no 能 ("80FD) in font nullfont!
Missing character: There is no 上 ("4E0A) in font nullfont!
Missing character: There is no 相 ("76F8) in font nullfont!
Missing character: There is no 互 ("4E92) in font nullfont!
Missing character: There is no 解 ("89E3) in font nullfont!
Missing character: There is no 耦 ("8026) in font nullfont!
Missing character: There is no ， ("FF0C) in font nullfont!
Missing character: There is no 在 ("5728) in font nullfont!
Missing character: There is no 数 ("6570) in font nullfont!
Missing character: There is no 据 ("636E) in font nullfont!
Missing character: There is no 流 ("6D41) in font nullfont!
Missing character: There is no 转 ("8F6C) in font nullfont!
Missing character: There is no 上 ("4E0A) in font nullfont!
Missing character: There is no 通 ("901A) in font nullfont!
Missing character: There is no 过 ("8FC7) in font nullfont!
Missing character: There is no 标 ("6807) in font nullfont!
Missing character: There is no 准 ("51C6) in font nullfont!
Missing character: There is no 化 ("5316) in font nullfont!
Missing character: There is no 接 ("63A5) in font nullfont!
Missing character: There is no 口 ("53E3) in font nullfont!
Missing character: There is no 进 ("8FDB) in font nullfont!
Missing character: There is no 行 ("884C) in font nullfont!
Missing character: There is no 协 ("534F) in font nullfont!
Missing character: There is no 作 ("4F5C) in font nullfont!
Missing character: There is no ， ("FF0C) in font nullfont!
Missing character: There is no 从 ("4ECE) in font nullfont!
Missing character: There is no 而 ("800C) in font nullfont!
Missing character: There is no 保 ("4FDD) in font nullfont!
Missing character: There is no 证 ("8BC1) in font nullfont!
Missing character: There is no 系 ("7CFB) in font nullfont!
Missing character: There is no 统 ("7EDF) in font nullfont!
Missing character: There is no 的 ("7684) in font nullfont!
Missing character: There is no 可 ("53EF) in font nullfont!
Missing character: There is no 扩 ("6269) in font nullfont!
Missing character: There is no 展 ("5C55) in font nullfont!
Missing character: There is no 性 ("6027) in font nullfont!
Missing character: There is no 与 ("4E0E) in font nullfont!
Missing character: There is no 维 ("7EF4) in font nullfont!
Missing character: There is no 护 ("62A4) in font nullfont!
Missing character: There is no 性 ("6027) in font nullfont!
Missing character: There is no 。 ("3002) in font nullfont!

Overfull \hbox (20.0pt too wide) in paragraph at lines 419--421
[]
 []

! Undefined control sequence.
l.423 \subsubsection
                    {1.数据展示层的实现}
The control sequence at the end of the top line
of your error message was never \def'ed. If you have
misspelled it (e.g., `\hobx'), type `I' and the correct
spelling (e.g., `I\hbox'). Otherwise just continue,
and I'll forget about whatever was undefined.

Missing character: There is no 1 ("31) in font nullfont!
Missing character: There is no . ("2E) in font nullfont!
Missing character: There is no 数 ("6570) in font nullfont!
Missing character: There is no 据 ("636E) in font nullfont!
Missing character: There is no 展 ("5C55) in font nullfont!
Missing character: There is no 示 ("793A) in font nullfont!
Missing character: There is no 层 ("5C42) in font nullfont!
Missing character: There is no 的 ("7684) in font nullfont!
Missing character: There is no 实 ("5B9E) in font nullfont!
Missing character: There is no 现 ("73B0) in font nullfont!
Missing character: There is no 数 ("6570) in font nullfont!
Missing character: There is no 据 ("636E) in font nullfont!
Missing character: There is no 展 ("5C55) in font nullfont!
Missing character: There is no 示 ("793A) in font nullfont!
Missing character: There is no 层 ("5C42) in font nullfont!
Missing character: There is no （ ("FF08) in font nullfont!
Missing character: There is no 下 ("4E0B) in font nullfont!
Missing character: There is no 文 ("6587) in font nullfont!
Missing character: There is no 简 ("7B80) in font nullfont!
Missing character: There is no 称 ("79F0) in font nullfont!
Missing character: There is no 前 ("524D) in font nullfont!
Missing character: There is no 端 ("7AEF) in font nullfont!
Missing character: There is no ） ("FF09) in font nullfont!
Missing character: There is no 面 ("9762) in font nullfont!
Missing character: There is no 向 ("5411) in font nullfont!
Missing character: There is no 编 ("7F16) in font nullfont!
Missing character: There is no 译 ("8BD1) in font nullfont!
Missing character: There is no 器 ("5668) in font nullfont!
Missing character: There is no 性 ("6027) in font nullfont!
Missing character: There is no 能 ("80FD) in font nullfont!
Missing character: There is no 分 ("5206) in font nullfont!
Missing character: There is no 析 ("6790) in font nullfont!
Missing character: There is no 与 ("4E0E) in font nullfont!
Missing character: There is no 回 ("56DE) in font nullfont!
Missing character: There is no 归 ("5F52) in font nullfont!
Missing character: There is no 验 ("9A8C) in font nullfont!
Missing character: There is no 证 ("8BC1) in font nullfont!
Missing character: There is no 的 ("7684) in font nullfont!
Missing character: There is no 实 ("5B9E) in font nullfont!
Missing character: There is no 际 ("9645) in font nullfont!
Missing character: There is no 需 ("9700) in font nullfont!
Missing character: There is no 求 ("6C42) in font nullfont!
Missing character: There is no ， ("FF0C) in font nullfont!
Missing character: There is no 用 ("7528) in font nullfont!
Missing character: There is no 于 ("4E8E) in font nullfont!
Missing character: There is no 解 ("89E3) in font nullfont!
Missing character: There is no 决 ("51B3) in font nullfont!
Missing character: There is no 性 ("6027) in font nullfont!
Missing character: There is no 能 ("80FD) in font nullfont!
Missing character: There is no 数 ("6570) in font nullfont!
Missing character: There is no 据 ("636E) in font nullfont!
Missing character: There is no 可 ("53EF) in font nullfont!
Missing character: There is no 视 ("89C6) in font nullfont!
Missing character: There is no 化 ("5316) in font nullfont!
Missing character: There is no 难 ("96BE) in font nullfont!
Missing character: There is no 、 ("3001) in font nullfont!
Missing character: There is no 跨 ("8DE8) in font nullfont!
Missing character: There is no 版 ("7248) in font nullfont!
Missing character: There is no 本 ("672C) in font nullfont!
Missing character: There is no 对 ("5BF9) in font nullfont!
Missing character: There is no 比 ("6BD4) in font nullfont!
Missing character: There is no 成 ("6210) in font nullfont!
Missing character: There is no 本 ("672C) in font nullfont!
Missing character: There is no 高 ("9AD8) in font nullfont!
Missing character: There is no 的 ("7684) in font nullfont!
Missing character: There is no 问 ("95EE) in font nullfont!
Missing character: There is no 题 ("9898) in font nullfont!
Missing character: There is no 。 ("3002) in font nullfont!
Missing character: There is no 前 ("524D) in font nullfont!
Missing character: There is no 端 ("7AEF) in font nullfont!
Missing character: There is no 部 ("90E8) in font nullfont!
Missing character: There is no 分 ("5206) in font nullfont!
Missing character: There is no 基 ("57FA) in font nullfont!
Missing character: There is no 于 ("4E8E) in font nullfont!
Missing character: There is no V ("56) in font nullfont!
Missing character: There is no u ("75) in font nullfont!
Missing character: There is no e ("65) in font nullfont!
Missing character: There is no 框 ("6846) in font nullfont!
Missing character: There is no 架 ("67B6) in font nullfont!
Missing character: There is no 实 ("5B9E) in font nullfont!
Missing character: There is no 现 ("73B0) in font nullfont!
Missing character: There is no 交 ("4EA4) in font nullfont!
Missing character: There is no 互 ("4E92) in font nullfont!
Missing character: There is no 界 ("754C) in font nullfont!
Missing character: There is no 面 ("9762) in font nullfont!
Missing character: There is no ， ("FF0C) in font nullfont!
Missing character: There is no 并 ("5E76) in font nullfont!
Missing character: There is no 结 ("7ED3) in font nullfont!
Missing character: There is no 合 ("5408) in font nullfont!
Missing character: There is no A ("41) in font nullfont!
Missing character: There is no p ("70) in font nullfont!
Missing character: There is no a ("61) in font nullfont!
Missing character: There is no c ("63) in font nullfont!
Missing character: There is no h ("68) in font nullfont!
Missing character: There is no e ("65) in font nullfont!
Missing character: There is no E ("45) in font nullfont!
Missing character: There is no C ("43) in font nullfont!
Missing character: There is no h ("68) in font nullfont!
Missing character: There is no a ("61) in font nullfont!
Missing character: There is no r ("72) in font nullfont!
Missing character: There is no t ("74) in font nullfont!
Missing character: There is no s ("73) in font nullfont!
Missing character: There is no 实 ("5B9E) in font nullfont!
Missing character: There is no 现 ("73B0) in font nullfont!
Missing character: There is no 性 ("6027) in font nullfont!
Missing character: There is no 能 ("80FD) in font nullfont!
Missing character: There is no 数 ("6570) in font nullfont!
Missing character: There is no 据 ("636E) in font nullfont!
Missing character: There is no 的 ("7684) in font nullfont!
Missing character: There is no 图 ("56FE) in font nullfont!
Missing character: There is no 形 ("5F62) in font nullfont!
Missing character: There is no 化 ("5316) in font nullfont!
Missing character: There is no 展 ("5C55) in font nullfont!
Missing character: There is no 示 ("793A) in font nullfont!
Missing character: There is no 。 ("3002) in font nullfont!
Missing character: There is no 通 ("901A) in font nullfont!
Missing character: There is no 过 ("8FC7) in font nullfont!
Missing character: There is no 前 ("524D) in font nullfont!
Missing character: There is no 端 ("7AEF) in font nullfont!
Missing character: There is no 界 ("754C) in font nullfont!
Missing character: There is no 面 ("9762) in font nullfont!
Missing character: There is no ， ("FF0C) in font nullfont!
Missing character: There is no 用 ("7528) in font nullfont!
Missing character: There is no 户 ("6237) in font nullfont!
Missing character: There is no 可 ("53EF) in font nullfont!
Missing character: There is no 以 ("4EE5) in font nullfont!
Missing character: There is no 直 ("76F4) in font nullfont!
Missing character: There is no 观 ("89C2) in font nullfont!
Missing character: There is no 地 ("5730) in font nullfont!
Missing character: There is no 查 ("67E5) in font nullfont!
Missing character: There is no 看 ("770B) in font nullfont!
Missing character: There is no 单 ("5355) in font nullfont!
Missing character: There is no 个 ("4E2A) in font nullfont!
Missing character: There is no 提 ("63D0) in font nullfont!
Missing character: There is no 交 ("4EA4) in font nullfont!
Missing character: There is no 版 ("7248) in font nullfont!
Missing character: There is no 本 ("672C) in font nullfont!
Missing character: There is no 的 ("7684) in font nullfont!
Missing character: There is no 测 ("6D4B) in font nullfont!
Missing character: There is no 试 ("8BD5) in font nullfont!
Missing character: There is no 结 ("7ED3) in font nullfont!
Missing character: There is no 果 ("679C) in font nullfont!
Missing character: There is no ， ("FF0C) in font nullfont!
Missing character: There is no 对 ("5BF9) in font nullfont!
Missing character: There is no 比 ("6BD4) in font nullfont!
Missing character: There is no 不 ("4E0D) in font nullfont!
Missing character: There is no 同 ("540C) in font nullfont!
Missing character: There is no 提 ("63D0) in font nullfont!
Missing character: There is no 交 ("4EA4) in font nullfont!
Missing character: There is no 之 ("4E4B) in font nullfont!
Missing character: There is no 间 ("95F4) in font nullfont!
Missing character: There is no 的 ("7684) in font nullfont!
Missing character: There is no 性 ("6027) in font nullfont!
Missing character: There is no 能 ("80FD) in font nullfont!
Missing character: There is no 差 ("5DEE) in font nullfont!
Missing character: There is no 异 ("5F02) in font nullfont!
Missing character: There is no ， ("FF0C) in font nullfont!
Missing character: There is no 并 ("5E76) in font nullfont!
Missing character: There is no 以 ("4EE5) in font nullfont!
Missing character: There is no 时 ("65F6) in font nullfont!
Missing character: There is no 间 ("95F4) in font nullfont!
Missing character: There is no 序 ("5E8F) in font nullfont!
Missing character: There is no 列 ("5217) in font nullfont!
Missing character: There is no 形 ("5F62) in font nullfont!
Missing character: There is no 式 ("5F0F) in font nullfont!
Missing character: There is no 观 ("89C2) in font nullfont!
Missing character: There is no 察 ("5BDF) in font nullfont!
Missing character: There is no 性 ("6027) in font nullfont!
Missing character: There is no 能 ("80FD) in font nullfont!
Missing character: There is no 指 ("6307) in font nullfont!
Missing character: There is no 标 ("6807) in font nullfont!
Missing character: There is no 的 ("7684) in font nullfont!
Missing character: There is no 变 ("53D8) in font nullfont!
Missing character: There is no 化 ("5316) in font nullfont!
Missing character: There is no 趋 ("8D8B) in font nullfont!
Missing character: There is no 势 ("52BF) in font nullfont!
Missing character: There is no 。 ("3002) in font nullfont!
Missing character: There is no 可 ("53EF) in font nullfont!
Missing character: There is no 视 ("89C6) in font nullfont!
Missing character: There is no 化 ("5316) in font nullfont!
Missing character: There is no 展 ("5C55) in font nullfont!
Missing character: There is no 示 ("793A) in font nullfont!
Missing character: There is no 方 ("65B9) in font nullfont!
Missing character: There is no 式 ("5F0F) in font nullfont!
Missing character: There is no 有 ("6709) in font nullfont!
Missing character: There is no 效 ("6548) in font nullfont!
Missing character: There is no 降 ("964D) in font nullfont!
Missing character: There is no 低 ("4F4E) in font nullfont!
Missing character: There is no 了 ("4E86) in font nullfont!
Missing character: There is no 性 ("6027) in font nullfont!
Missing character: There is no 能 ("80FD) in font nullfont!
Missing character: There is no 分 ("5206) in font nullfont!
Missing character: There is no 析 ("6790) in font nullfont!
Missing character: There is no 门 ("95E8) in font nullfont!
Missing character: There is no 槛 ("69DB) in font nullfont!
Missing character: There is no ， ("FF0C) in font nullfont!
Missing character: There is no 使 ("4F7F) in font nullfont!
Missing character: There is no 开 ("5F00) in font nullfont!
Missing character: There is no 发 ("53D1) in font nullfont!
Missing character: There is no 者 ("8005) in font nullfont!
Missing character: There is no 能 ("80FD) in font nullfont!
Missing character: There is no 够 ("591F) in font nullfont!
Missing character: There is no 快 ("5FEB) in font nullfont!
Missing character: There is no 速 ("901F) in font nullfont!
Missing character: There is no 定 ("5B9A) in font nullfont!
Missing character: There is no 位 ("4F4D) in font nullfont!
Missing character: There is no 性 ("6027) in font nullfont!
Missing character: There is no 能 ("80FD) in font nullfont!
Missing character: There is no 回 ("56DE) in font nullfont!
Missing character: There is no 退 ("9000) in font nullfont!
Missing character: There is no 或 ("6216) in font nullfont!
Missing character: There is no 异 ("5F02) in font nullfont!
Missing character: There is no 常 ("5E38) in font nullfont!
Missing character: There is no 波 ("6CE2) in font nullfont!
Missing character: There is no 动 ("52A8) in font nullfont!
Missing character: There is no 问 ("95EE) in font nullfont!
Missing character: There is no 题 ("9898) in font nullfont!
Missing character: There is no 。 ("3002) in font nullfont!
Missing character: There is no 在 ("5728) in font nullfont!
Missing character: There is no 实 ("5B9E) in font nullfont!
Missing character: There is no 现 ("73B0) in font nullfont!
Missing character: There is no 过 ("8FC7) in font nullfont!
Missing character: There is no 程 ("7A0B) in font nullfont!
Missing character: There is no 中 ("4E2D) in font nullfont!
Missing character: There is no ， ("FF0C) in font nullfont!
Missing character: There is no 前 ("524D) in font nullfont!
Missing character: There is no 端 ("7AEF) in font nullfont!
Missing character: There is no 通 ("901A) in font nullfont!
Missing character: There is no 过 ("8FC7) in font nullfont!
Missing character: There is no 组 ("7EC4) in font nullfont!
Missing character: There is no 件 ("4EF6) in font nullfont!
Missing character: There is no 化 ("5316) in font nullfont!
Missing character: There is no 方 ("65B9) in font nullfont!
Missing character: There is no 式 ("5F0F) in font nullfont!
Missing character: There is no 对 ("5BF9) in font nullfont!
Missing character: There is no 不 ("4E0D) in font nullfont!
Missing character: There is no 同 ("540C) in font nullfont!
Missing character: There is no 功 ("529F) in font nullfont!
Missing character: There is no 能 ("80FD) in font nullfont!
Missing character: There is no 模 ("6A21) in font nullfont!
Missing character: There is no 块 ("5757) in font nullfont!
Missing character: There is no 进 ("8FDB) in font nullfont!
Missing character: There is no 行 ("884C) in font nullfont!
Missing character: There is no 拆 ("62C6) in font nullfont!
Missing character: There is no 分 ("5206) in font nullfont!
Missing character: There is no ， ("FF0C) in font nullfont!
Missing character: There is no 具 ("5177) in font nullfont!
Missing character: There is no 体 ("4F53) in font nullfont!
Missing character: There is no 模 ("6A21) in font nullfont!
Missing character: There is no 块 ("5757) in font nullfont!
Missing character: There is no 如 ("5982) in font nullfont!
Missing character: There is no 下 ("4E0B) in font nullfont!
Missing character: There is no ： ("FF1A) in font nullfont!

Overfull \hbox (20.0pt too wide) in paragraph at lines 423--425
[]
 []


Overfull \hbox (20.0pt too wide) in paragraph at lines 426--426
[] 
 []

Missing character: There is no D ("44) in font nullfont!
Missing character: There is no a ("61) in font nullfont!
Missing character: There is no s ("73) in font nullfont!
Missing character: There is no h ("68) in font nullfont!
Missing character: There is no b ("62) in font nullfont!
Missing character: There is no o ("6F) in font nullfont!
Missing character: There is no a ("61) in font nullfont!
Missing character: There is no r ("72) in font nullfont!
Missing character: There is no d ("64) in font nullfont!
Missing character: There is no ： ("FF1A) in font nullfont!
Missing character: There is no 从 ("4ECE) in font nullfont!
Missing character: There is no 宏 ("5B8F) in font nullfont!
Missing character: There is no 观 ("89C2) in font nullfont!
Missing character: There is no 上 ("4E0A) in font nullfont!
Missing character: There is no 展 ("5C55) in font nullfont!
Missing character: There is no 示 ("793A) in font nullfont!
Missing character: There is no D ("44) in font nullfont!
Missing character: There is no S ("53) in font nullfont!
Missing character: There is no P ("50) in font nullfont!
Missing character: There is no 芯 ("82AF) in font nullfont!
Missing character: There is no 片 ("7247) in font nullfont!
Missing character: There is no 与 ("4E0E) in font nullfont!
Missing character: There is no 其 ("5176) in font nullfont!
Missing character: There is no 他 ("4ED6) in font nullfont!
Missing character: There is no 芯 ("82AF) in font nullfont!
Missing character: There is no 片 ("7247) in font nullfont!
Missing character: There is no 在 ("5728) in font nullfont!
Missing character: There is no 典 ("5178) in font nullfont!
Missing character: There is no 型 ("578B) in font nullfont!
Missing character: There is no 测 ("6D4B) in font nullfont!
Missing character: There is no 试 ("8BD5) in font nullfont!
Missing character: There is no 集 ("96C6) in font nullfont!
Missing character: There is no 上 ("4E0A) in font nullfont!
Missing character: There is no 的 ("7684) in font nullfont!
Missing character: There is no 性 ("6027) in font nullfont!
Missing character: There is no 能 ("80FD) in font nullfont!
Missing character: There is no 对 ("5BF9) in font nullfont!
Missing character: There is no 比 ("6BD4) in font nullfont!
Missing character: There is no 结 ("7ED3) in font nullfont!
Missing character: There is no 果 ("679C) in font nullfont!
Missing character: There is no ， ("FF0C) in font nullfont!
Missing character: There is no 用 ("7528) in font nullfont!
Missing character: There is no 于 ("4E8E) in font nullfont!
Missing character: There is no 快 ("5FEB) in font nullfont!
Missing character: There is no 速 ("901F) in font nullfont!
Missing character: There is no 评 ("8BC4) in font nullfont!
Missing character: There is no 估 ("4F30) in font nullfont!
Missing character: There is no 工 ("5DE5) in font nullfont!
Missing character: There is no 具 ("5177) in font nullfont!
Missing character: There is no 链 ("94FE) in font nullfont!
Missing character: There is no 性 ("6027) in font nullfont!
Missing character: There is no 能 ("80FD) in font nullfont!
Missing character: There is no 水 ("6C34) in font nullfont!
Missing character: There is no 平 ("5E73) in font nullfont!
Missing character: There is no 。 ("3002) in font nullfont!
Missing character: There is no S ("53) in font nullfont!
Missing character: There is no u ("75) in font nullfont!
Missing character: There is no m ("6D) in font nullfont!
Missing character: There is no m ("6D) in font nullfont!
Missing character: There is no a ("61) in font nullfont!
Missing character: There is no r ("72) in font nullfont!
Missing character: There is no y ("79) in font nullfont!
Missing character: There is no ： ("FF1A) in font nullfont!
Missing character: There is no 基 ("57FA) in font nullfont!
Missing character: There is no 于 ("4E8E) in font nullfont!
Missing character: There is no 完 ("5B8C) in font nullfont!
Missing character: There is no 整 ("6574) in font nullfont!
Missing character: There is no 测 ("6D4B) in font nullfont!
Missing character: There is no 试 ("8BD5) in font nullfont!
Missing character: There is no 集 ("96C6) in font nullfont!
Missing character: There is no 统 ("7EDF) in font nullfont!
Missing character: There is no 计 ("8BA1) in font nullfont!
Missing character: There is no 不 ("4E0D) in font nullfont!
Missing character: There is no 同 ("540C) in font nullfont!
Missing character: There is no 提 ("63D0) in font nullfont!
Missing character: There is no 交 ("4EA4) in font nullfont!
Missing character: There is no 版 ("7248) in font nullfont!
Missing character: There is no 本 ("672C) in font nullfont!
Missing character: There is no 下 ("4E0B) in font nullfont!
Missing character: There is no 的 ("7684) in font nullfont!
Missing character: There is no 平 ("5E73) in font nullfont!
Missing character: There is no 均 ("5747) in font nullfont!
Missing character: There is no 代 ("4EE3) in font nullfont!
Missing character: There is no 码 ("7801) in font nullfont!
Missing character: There is no 大 ("5927) in font nullfont!
Missing character: There is no 小 ("5C0F) in font nullfont!
Missing character: There is no 与 ("4E0E) in font nullfont!
Missing character: There is no 执 ("6267) in font nullfont!
Missing character: There is no 行 ("884C) in font nullfont!
Missing character: There is no 周 ("5468) in font nullfont!
Missing character: There is no 期 ("671F) in font nullfont!
Missing character: There is no ， ("FF0C) in font nullfont!
Missing character: There is no 用 ("7528) in font nullfont!
Missing character: There is no 于 ("4E8E) in font nullfont!
Missing character: There is no 观 ("89C2) in font nullfont!
Missing character: There is no 察 ("5BDF) in font nullfont!
Missing character: There is no 性 ("6027) in font nullfont!
Missing character: There is no 能 ("80FD) in font nullfont!
Missing character: There is no 随 ("968F) in font nullfont!
Missing character: There is no 时 ("65F6) in font nullfont!
Missing character: There is no 间 ("95F4) in font nullfont!
Missing character: There is no 的 ("7684) in font nullfont!
Missing character: There is no 整 ("6574) in font nullfont!
Missing character: There is no 体 ("4F53) in font nullfont!
Missing character: There is no 演 ("6F14) in font nullfont!
Missing character: There is no 进 ("8FDB) in font nullfont!
Missing character: There is no 趋 ("8D8B) in font nullfont!
Missing character: There is no 势 ("52BF) in font nullfont!
Missing character: There is no 。 ("3002) in font nullfont!
Missing character: There is no H ("48) in font nullfont!
Missing character: There is no i ("69) in font nullfont!
Missing character: There is no s ("73) in font nullfont!
Missing character: There is no t ("74) in font nullfont!
Missing character: There is no o ("6F) in font nullfont!
Missing character: There is no r ("72) in font nullfont!
Missing character: There is no y ("79) in font nullfont!
Missing character: There is no ： ("FF1A) in font nullfont!
Missing character: There is no 针 ("9488) in font nullfont!
Missing character: There is no 对 ("5BF9) in font nullfont!
Missing character: There is no 单 ("5355) in font nullfont!
Missing character: There is no 个 ("4E2A) in font nullfont!
Missing character: There is no 测 ("6D4B) in font nullfont!
Missing character: There is no 试 ("8BD5) in font nullfont!
Missing character: There is no 样 ("6837) in font nullfont!
Missing character: There is no 例 ("4F8B) in font nullfont!
Missing character: There is no ， ("FF0C) in font nullfont!
Missing character: There is no 以 ("4EE5) in font nullfont!
Missing character: There is no 时 ("65F6) in font nullfont!
Missing character: There is no 间 ("95F4) in font nullfont!
Missing character: There is no 序 ("5E8F) in font nullfont!
Missing character: There is no 列 ("5217) in font nullfont!
Missing character: There is no 方 ("65B9) in font nullfont!
Missing character: There is no 式 ("5F0F) in font nullfont!
Missing character: There is no 展 ("5C55) in font nullfont!
Missing character: There is no 示 ("793A) in font nullfont!
Missing character: There is no 其 ("5176) in font nullfont!
Missing character: There is no 在 ("5728) in font nullfont!
Missing character: There is no 不 ("4E0D) in font nullfont!
Missing character: There is no 同 ("540C) in font nullfont!
Missing character: There is no 提 ("63D0) in font nullfont!
Missing character: There is no 交 ("4EA4) in font nullfont!
Missing character: There is no 下 ("4E0B) in font nullfont!
Missing character: There is no 的 ("7684) in font nullfont!
Missing character: There is no 性 ("6027) in font nullfont!
Missing character: There is no 能 ("80FD) in font nullfont!
Missing character: There is no 变 ("53D8) in font nullfont!
Missing character: There is no 化 ("5316) in font nullfont!
Missing character: There is no ， ("FF0C) in font nullfont!
Missing character: There is no 用 ("7528) in font nullfont!
Missing character: There is no 于 ("4E8E) in font nullfont!
Missing character: There is no 精 ("7CBE) in font nullfont!
Missing character: There is no 确 ("786E) in font nullfont!
Missing character: There is no 定 ("5B9A) in font nullfont!
Missing character: There is no 位 ("4F4D) in font nullfont!
Missing character: There is no 性 ("6027) in font nullfont!
Missing character: There is no 能 ("80FD) in font nullfont!
Missing character: There is no 回 ("56DE) in font nullfont!
Missing character: There is no 退 ("9000) in font nullfont!
Missing character: There is no 首 ("9996) in font nullfont!
Missing character: There is no 次 ("6B21) in font nullfont!
Missing character: There is no 引 ("5F15) in font nullfont!
Missing character: There is no 入 ("5165) in font nullfont!
Missing character: There is no 的 ("7684) in font nullfont!
Missing character: There is no 位 ("4F4D) in font nullfont!
Missing character: There is no 置 ("7F6E) in font nullfont!
Missing character: There is no 。 ("3002) in font nullfont!
Missing character: There is no C ("43) in font nullfont!
Missing character: There is no o ("6F) in font nullfont!
Missing character: There is no m ("6D) in font nullfont!
Missing character: There is no p ("70) in font nullfont!
Missing character: There is no a ("61) in font nullfont!
Missing character: There is no r ("72) in font nullfont!
Missing character: There is no e ("65) in font nullfont!
Missing character: There is no ： ("FF1A) in font nullfont!
Missing character: There is no 对 ("5BF9) in font nullfont!
Missing character: There is no 任 ("4EFB) in font nullfont!
Missing character: There is no 意 ("610F) in font nullfont!
Missing character: There is no 两 ("4E24) in font nullfont!
Missing character: There is no 个 ("4E2A) in font nullfont!
Missing character: There is no 提 ("63D0) in font nullfont!
Missing character: There is no 交 ("4EA4) in font nullfont!
Missing character: There is no 版 ("7248) in font nullfont!
Missing character: There is no 本 ("672C) in font nullfont!
Missing character: There is no 进 ("8FDB) in font nullfont!
Missing character: There is no 行 ("884C) in font nullfont!
Missing character: There is no 逐 ("9010) in font nullfont!
Missing character: There is no 样 ("6837) in font nullfont!
Missing character: There is no 例 ("4F8B) in font nullfont!
Missing character: There is no 性 ("6027) in font nullfont!
Missing character: There is no 能 ("80FD) in font nullfont!
Missing character: There is no 对 ("5BF9) in font nullfont!
Missing character: There is no 比 ("6BD4) in font nullfont!
Missing character: There is no ， ("FF0C) in font nullfont!
Missing character: There is no 并 ("5E76) in font nullfont!
Missing character: There is no 支 ("652F) in font nullfont!
Missing character: There is no 持 ("6301) in font nullfont!
Missing character: There is no 汇 ("6C47) in font nullfont!
Missing character: There is no 编 ("7F16) in font nullfont!
Missing character: There is no 代 ("4EE3) in font nullfont!
Missing character: There is no 码 ("7801) in font nullfont!
Missing character: There is no 对 ("5BF9) in font nullfont!
Missing character: There is no 照 ("7167) in font nullfont!
Missing character: There is no 分 ("5206) in font nullfont!
Missing character: There is no 析 ("6790) in font nullfont!
Missing character: There is no ， ("FF0C) in font nullfont!
Missing character: There is no 用 ("7528) in font nullfont!
Missing character: There is no 于 ("4E8E) in font nullfont!
Missing character: There is no 解 ("89E3) in font nullfont!
Missing character: There is no 释 ("91CA) in font nullfont!
Missing character: There is no 性 ("6027) in font nullfont!
Missing character: There is no 能 ("80FD) in font nullfont!
Missing character: There is no 差 ("5DEE) in font nullfont!
Missing character: There is no 异 ("5F02) in font nullfont!
Missing character: There is no 的 ("7684) in font nullfont!
Missing character: There is no 底 ("5E95) in font nullfont!
Missing character: There is no 层 ("5C42) in font nullfont!
Missing character: There is no 原 ("539F) in font nullfont!
Missing character: There is no 因 ("56E0) in font nullfont!
Missing character: There is no 。 ("3002) in font nullfont!
Missing character: There is no C ("43) in font nullfont!
Missing character: There is no u ("75) in font nullfont!
Missing character: There is no s ("73) in font nullfont!
Missing character: There is no t ("74) in font nullfont!
Missing character: There is no o ("6F) in font nullfont!
Missing character: There is no m ("6D) in font nullfont!
Missing character: There is no ： ("FF1A) in font nullfont!
Missing character: There is no 支 ("652F) in font nullfont!
Missing character: There is no 持 ("6301) in font nullfont!
Missing character: There is no 上 ("4E0A) in font nullfont!
Missing character: There is no 传 ("4F20) in font nullfont!
Missing character: There is no 本 ("672C) in font nullfont!
Missing character: There is no 地 ("5730) in font nullfont!
Missing character: There is no 测 ("6D4B) in font nullfont!
Missing character: There is no 试 ("8BD5) in font nullfont!
Missing character: There is no 结 ("7ED3) in font nullfont!
Missing character: There is no 果 ("679C) in font nullfont!
Missing character: There is no 并 ("5E76) in font nullfont!
Missing character: There is no 与 ("4E0E) in font nullfont!
Missing character: There is no 主 ("4E3B) in font nullfont!
Missing character: There is no 分 ("5206) in font nullfont!
Missing character: There is no 支 ("652F) in font nullfont!
Missing character: There is no 数 ("6570) in font nullfont!
Missing character: There is no 据 ("636E) in font nullfont!
Missing character: There is no 进 ("8FDB) in font nullfont!
Missing character: There is no 行 ("884C) in font nullfont!
Missing character: There is no 对 ("5BF9) in font nullfont!
Missing character: There is no 比 ("6BD4) in font nullfont!
Missing character: There is no ， ("FF0C) in font nullfont!
Missing character: There is no 便 ("4FBF) in font nullfont!
Missing character: There is no 于 ("4E8E) in font nullfont!
Missing character: There is no 在 ("5728) in font nullfont!
Missing character: There is no 本 ("672C) in font nullfont!
Missing character: There is no 地 ("5730) in font nullfont!
Missing character: There is no 优 ("4F18) in font nullfont!
Missing character: There is no 化 ("5316) in font nullfont!
Missing character: There is no 验 ("9A8C) in font nullfont!
Missing character: There is no 证 ("8BC1) in font nullfont!
Missing character: There is no 阶 ("9636) in font nullfont!
Missing character: There is no 段 ("6BB5) in font nullfont!
Missing character: There is no 提 ("63D0) in font nullfont!
Missing character: There is no 前 ("524D) in font nullfont!
Missing character: There is no 发 ("53D1) in font nullfont!
Missing character: There is no 现 ("73B0) in font nullfont!
Missing character: There is no 潜 ("6F5C) in font nullfont!
Missing character: There is no 在 ("5728) in font nullfont!
Missing character: There is no 性 ("6027) in font nullfont!
Missing character: There is no 能 ("80FD) in font nullfont!
Missing character: There is no 问 ("95EE) in font nullfont!
Missing character: There is no 题 ("9898) in font nullfont!
Missing character: There is no 。 ("3002) in font nullfont!
Missing character: There is no 前 ("524D) in font nullfont!
Missing character: There is no 端 ("7AEF) in font nullfont!
Missing character: There is no 通 ("901A) in font nullfont!
Missing character: There is no 过 ("8FC7) in font nullfont!
Missing character: There is no 调 ("8C03) in font nullfont!
Missing character: There is no 用 ("7528) in font nullfont!
Missing character: There is no 后 ("540E) in font nullfont!
Missing character: There is no 端 ("7AEF) in font nullfont!
Missing character: There is no 提 ("63D0) in font nullfont!
Missing character: There is no 供 ("4F9B) in font nullfont!
Missing character: There is no 的 ("7684) in font nullfont!
Missing character: There is no R ("52) in font nullfont!
Missing character: There is no E ("45) in font nullfont!
Missing character: There is no S ("53) in font nullfont!
Missing character: There is no T ("54) in font nullfont!
Missing character: There is no 接 ("63A5) in font nullfont!
Missing character: There is no 口 ("53E3) in font nullfont!
Missing character: There is no 获 ("83B7) in font nullfont!
Missing character: There is no 取 ("53D6) in font nullfont!
Missing character: There is no 性 ("6027) in font nullfont!
Missing character: There is no 能 ("80FD) in font nullfont!
Missing character: There is no 数 ("6570) in font nullfont!
Missing character: There is no 据 ("636E) in font nullfont!
Missing character: There is no ， ("FF0C) in font nullfont!
Missing character: There is no 并 ("5E76) in font nullfont!
Missing character: There is no 在 ("5728) in font nullfont!
Missing character: There is no 本 ("672C) in font nullfont!
Missing character: There is no 地 ("5730) in font nullfont!
Missing character: There is no 对 ("5BF9) in font nullfont!
Missing character: There is no 数 ("6570) in font nullfont!
Missing character: There is no 据 ("636E) in font nullfont!
Missing character: There is no 进 ("8FDB) in font nullfont!
Missing character: There is no 行 ("884C) in font nullfont!
Missing character: There is no 初 ("521D) in font nullfont!
Missing character: There is no 步 ("6B65) in font nullfont!
Missing character: There is no 处 ("5904) in font nullfont!
Missing character: There is no 理 ("7406) in font nullfont!
Missing character: There is no 和 ("548C) in font nullfont!
Missing character: There is no 筛 ("7B5B) in font nullfont!
Missing character: There is no 选 ("9009) in font nullfont!
Missing character: There is no ， ("FF0C) in font nullfont!
Missing character: There is no 以 ("4EE5) in font nullfont!
Missing character: There is no 减 ("51CF) in font nullfont!
Missing character: There is no 少 ("5C11) in font nullfont!
Missing character: There is no 不 ("4E0D) in font nullfont!
Missing character: There is no 必 ("5FC5) in font nullfont!
Missing character: There is no 要 ("8981) in font nullfont!
Missing character: There is no 的 ("7684) in font nullfont!
Missing character: There is no 数 ("6570) in font nullfont!
Missing character: There is no 据 ("636E) in font nullfont!
Missing character: There is no 传 ("4F20) in font nullfont!
Missing character: There is no 输 ("8F93) in font nullfont!
Missing character: There is no ， ("FF0C) in font nullfont!
Missing character: There is no 前 ("524D) in font nullfont!
Missing character: There is no 端 ("7AEF) in font nullfont!
Missing character: There is no 部 ("90E8) in font nullfont!
Missing character: There is no 分 ("5206) in font nullfont!
Missing character: There is no 核 ("6838) in font nullfont!
Missing character: There is no 心 ("5FC3) in font nullfont!
Missing character: There is no A ("41) in font nullfont!
Missing character: There is no P ("50) in font nullfont!
Missing character: There is no I ("49) in font nullfont!
Missing character: There is no 如 ("5982) in font nullfont!
Missing character: There is no 表 ("8868) in font nullfont!
! Undefined control sequence.
<write> ...:frontend_api_simple' on page \thepage 
                                                  \space undefined\on@line .^^J
l.444 ...，前端部分核心API如表\ref{tab:frontend_api_simple}
                                                  所示。性能数据的可视化展示采用Apache ECha...
The control sequence at the end of the top line
of your error message was never \def'ed. If you have
misspelled it (e.g., `\hobx'), type `I' and the correct
spelling (e.g., `I\hbox'). Otherwise just continue,
and I'll forget about whatever was undefined.


LaTeX Warning: Reference `tab:frontend_api_simple' on page  undefined on input 
line 444.

Missing character: There is no 所 ("6240) in font nullfont!
Missing character: There is no 示 ("793A) in font nullfont!
Missing character: There is no 。 ("3002) in font nullfont!
Missing character: There is no 性 ("6027) in font nullfont!
Missing character: There is no 能 ("80FD) in font nullfont!
Missing character: There is no 数 ("6570) in font nullfont!
Missing character: There is no 据 ("636E) in font nullfont!
Missing character: There is no 的 ("7684) in font nullfont!
Missing character: There is no 可 ("53EF) in font nullfont!
Missing character: There is no 视 ("89C6) in font nullfont!
Missing character: There is no 化 ("5316) in font nullfont!
Missing character: There is no 展 ("5C55) in font nullfont!
Missing character: There is no 示 ("793A) in font nullfont!
Missing character: There is no 采 ("91C7) in font nullfont!
Missing character: There is no 用 ("7528) in font nullfont!
Missing character: There is no A ("41) in font nullfont!
Missing character: There is no p ("70) in font nullfont!
Missing character: There is no a ("61) in font nullfont!
Missing character: There is no c ("63) in font nullfont!
Missing character: There is no h ("68) in font nullfont!
Missing character: There is no e ("65) in font nullfont!
Missing character: There is no E ("45) in font nullfont!
Missing character: There is no C ("43) in font nullfont!
Missing character: There is no h ("68) in font nullfont!
Missing character: There is no a ("61) in font nullfont!
Missing character: There is no r ("72) in font nullfont!
Missing character: There is no t ("74) in font nullfont!
Missing character: There is no s ("73) in font nullfont!
Missing character: There is no 实 ("5B9E) in font nullfont!
Missing character: There is no 现 ("73B0) in font nullfont!
Missing character: There is no ， ("FF0C) in font nullfont!
Missing character: There is no 针 ("9488) in font nullfont!
Missing character: There is no 对 ("5BF9) in font nullfont!
Missing character: There is no 不 ("4E0D) in font nullfont!
Missing character: There is no 同 ("540C) in font nullfont!
Missing character: There is no 分 ("5206) in font nullfont!
Missing character: There is no 析 ("6790) in font nullfont!
Missing character: There is no 场 ("573A) in font nullfont!
Missing character: There is no 景 ("666F) in font nullfont!
Missing character: There is no 选 ("9009) in font nullfont!
Missing character: There is no 用 ("7528) in font nullfont!
Missing character: There is no 合 ("5408) in font nullfont!
Missing character: There is no 适 ("9002) in font nullfont!
Missing character: There is no 的 ("7684) in font nullfont!
Missing character: There is no 图 ("56FE) in font nullfont!
Missing character: There is no 表 ("8868) in font nullfont!
Missing character: There is no 类 ("7C7B) in font nullfont!
Missing character: There is no 型 ("578B) in font nullfont!
Missing character: There is no ： ("FF1A) in font nullfont!
Missing character: There is no 例 ("4F8B) in font nullfont!
Missing character: There is no 如 ("5982) in font nullfont!
Missing character: There is no 使 ("4F7F) in font nullfont!
Missing character: There is no 用 ("7528) in font nullfont!
Missing character: There is no 柱 ("67F1) in font nullfont!
Missing character: There is no 状 ("72B6) in font nullfont!
Missing character: There is no 图 ("56FE) in font nullfont!
Missing character: There is no 展 ("5C55) in font nullfont!
Missing character: There is no 示 ("793A) in font nullfont!
Missing character: There is no 与 ("4E0E) in font nullfont!
Missing character: There is no 其 ("5176) in font nullfont!
Missing character: There is no 他 ("4ED6) in font nullfont!
Missing character: There is no 芯 ("82AF) in font nullfont!
Missing character: There is no 片 ("7247) in font nullfont!
Missing character: There is no 在 ("5728) in font nullfont!
Missing character: There is no 相 ("76F8) in font nullfont!
Missing character: There is no 同 ("540C) in font nullfont!
Missing character: There is no 测 ("6D4B) in font nullfont!
Missing character: There is no 试 ("8BD5) in font nullfont!
Missing character: There is no 集 ("96C6) in font nullfont!
Missing character: There is no 下 ("4E0B) in font nullfont!
Missing character: There is no 执 ("6267) in font nullfont!
Missing character: There is no 行 ("884C) in font nullfont!
Missing character: There is no 周 ("5468) in font nullfont!
Missing character: There is no 期 ("671F) in font nullfont!
Missing character: There is no 数 ("6570) in font nullfont!
Missing character: There is no 或 ("6216) in font nullfont!
Missing character: There is no 代 ("4EE3) in font nullfont!
Missing character: There is no 码 ("7801) in font nullfont!
Missing character: There is no 大 ("5927) in font nullfont!
Missing character: There is no 小 ("5C0F) in font nullfont!
Missing character: There is no 上 ("4E0A) in font nullfont!
Missing character: There is no 的 ("7684) in font nullfont!
Missing character: There is no 对 ("5BF9) in font nullfont!
Missing character: There is no 比 ("6BD4) in font nullfont!
Missing character: There is no 结 ("7ED3) in font nullfont!
Missing character: There is no 果 ("679C) in font nullfont!
Missing character: There is no ， ("FF0C) in font nullfont!
Missing character: There is no 使 ("4F7F) in font nullfont!
Missing character: There is no 用 ("7528) in font nullfont!
Missing character: There is no 折 ("6298) in font nullfont!
Missing character: There is no 线 ("7EBF) in font nullfont!
Missing character: There is no 图 ("56FE) in font nullfont!
Missing character: There is no 展 ("5C55) in font nullfont!
Missing character: There is no 示 ("793A) in font nullfont!
Missing character: There is no 执 ("6267) in font nullfont!
Missing character: There is no 行 ("884C) in font nullfont!
Missing character: There is no 周 ("5468) in font nullfont!
Missing character: There is no 期 ("671F) in font nullfont!
Missing character: There is no 数 ("6570) in font nullfont!
Missing character: There is no 及 ("53CA) in font nullfont!
Missing character: There is no 代 ("4EE3) in font nullfont!
Missing character: There is no 码 ("7801) in font nullfont!
Missing character: There is no 大 ("5927) in font nullfont!
Missing character: There is no 小 ("5C0F) in font nullfont!
Missing character: There is no 随 ("968F) in font nullfont!
Missing character: There is no 提 ("63D0) in font nullfont!
Missing character: There is no 交 ("4EA4) in font nullfont!
Missing character: There is no 版 ("7248) in font nullfont!
Missing character: There is no 本 ("672C) in font nullfont!
Missing character: There is no 变 ("53D8) in font nullfont!
Missing character: There is no 化 ("5316) in font nullfont!
Missing character: There is no 的 ("7684) in font nullfont!
Missing character: There is no 趋 ("8D8B) in font nullfont!
Missing character: There is no 势 ("52BF) in font nullfont!
Missing character: There is no 情 ("60C5) in font nullfont!
Missing character: There is no 况 ("51B5) in font nullfont!
Missing character: There is no 。 ("3002) in font nullfont!
Missing character: There is no 通 ("901A) in font nullfont!
Missing character: There is no 过 ("8FC7) in font nullfont!
Missing character: There is no 使 ("4F7F) in font nullfont!
Missing character: There is no 用 ("7528) in font nullfont!
Missing character: There is no 这 ("8FD9) in font nullfont!
Missing character: There is no 种 ("79CD) in font nullfont!
Missing character: There is no 方 ("65B9) in font nullfont!
Missing character: There is no 式 ("5F0F) in font nullfont!
Missing character: There is no ， ("FF0C) in font nullfont!
Missing character: There is no 前 ("524D) in font nullfont!
Missing character: There is no 端 ("7AEF) in font nullfont!
Missing character: There is no 能 ("80FD) in font nullfont!
Missing character: There is no 够 ("591F) in font nullfont!
Missing character: There is no 直 ("76F4) in font nullfont!
Missing character: There is no 观 ("89C2) in font nullfont!
Missing character: There is no 反 ("53CD) in font nullfont!
Missing character: There is no 映 ("6620) in font nullfont!
Missing character: There is no 性 ("6027) in font nullfont!
Missing character: There is no 能 ("80FD) in font nullfont!
Missing character: There is no 变 ("53D8) in font nullfont!
Missing character: There is no 化 ("5316) in font nullfont!
Missing character: There is no 特 ("7279) in font nullfont!
Missing character: There is no 征 ("5F81) in font nullfont!
Missing character: There is no ， ("FF0C) in font nullfont!
Missing character: There is no 帮 ("5E2E) in font nullfont!
Missing character: There is no 助 ("52A9) in font nullfont!
Missing character: There is no 开 ("5F00) in font nullfont!
Missing character: There is no 发 ("53D1) in font nullfont!
Missing character: There is no 者 ("8005) in font nullfont!
Missing character: There is no 快 ("5FEB) in font nullfont!
Missing character: There is no 速 ("901F) in font nullfont!
Missing character: There is no 识 ("8BC6) in font nullfont!
Missing character: There is no 别 ("522B) in font nullfont!
Missing character: There is no 性 ("6027) in font nullfont!
Missing character: There is no 能 ("80FD) in font nullfont!
Missing character: There is no 回 ("56DE) in font nullfont!
Missing character: There is no 退 ("9000) in font nullfont!
Missing character: There is no 或 ("6216) in font nullfont!
Missing character: There is no 异 ("5F02) in font nullfont!
Missing character: There is no 常 ("5E38) in font nullfont!
Missing character: There is no 波 ("6CE2) in font nullfont!
Missing character: There is no 动 ("52A8) in font nullfont!
Missing character: There is no 。 ("3002) in font nullfont!

Overfull \hbox (30.86pt too wide) in paragraph at lines 444--445
[][]
 []


! LaTeX Error: Environment table undefined.

See the LaTeX manual or LaTeX Companion for explanation.
Type  H <return>  for immediate help.
 ...                                              
                                                  
l.446 \begin{table}
                   [htbp]
Your command was ignored.
Type  I <command> <return>  to replace it with another command,
or  <return>  to continue without it.

Missing character: There is no [ ("5B) in font nullfont!
Missing character: There is no h ("68) in font nullfont!
Missing character: There is no t ("74) in font nullfont!
Missing character: There is no b ("62) in font nullfont!
Missing character: There is no p ("70) in font nullfont!
Missing character: There is no ] ("5D) in font nullfont!

! LaTeX Error: \caption outside float.

See the LaTeX manual or LaTeX Companion for explanation.
Type  H <return>  for immediate help.
 ...                                              
                                                  
l.448 ^^I\caption
                 {前端部分核心API列表}
You're in trouble here.  Try typing  <return>  to proceed.
If that doesn't work, type  X <return>  to quit.

Missing character: There is no 前 ("524D) in font nullfont!
Missing character: There is no 端 ("7AEF) in font nullfont!
Missing character: There is no 部 ("90E8) in font nullfont!
Missing character: There is no 分 ("5206) in font nullfont!
Missing character: There is no 核 ("6838) in font nullfont!
Missing character: There is no 心 ("5FC3) in font nullfont!
Missing character: There is no A ("41) in font nullfont!
Missing character: There is no P ("50) in font nullfont!
Missing character: There is no I ("49) in font nullfont!
Missing character: There is no 列 ("5217) in font nullfont!
Missing character: There is no 表 ("8868) in font nullfont!

Overfull \hbox (20.0pt too wide) in paragraph at lines 446--450
 [] 
 []

! Undefined control sequence.
l.452 ^^I{\footnotesize
                       
The control sequence at the end of the top line
of your error message was never \def'ed. If you have
misspelled it (e.g., `\hobx'), type `I' and the correct
spelling (e.g., `I\hbox'). Otherwise just continue,
and I'll forget about whatever was undefined.


! LaTeX Error: Environment tabularx undefined.

See the LaTeX manual or LaTeX Companion for explanation.
Type  H <return>  for immediate help.
 ...                                              
                                                  
l.453 ^^I^^I\begin{tabularx}
                            {\linewidth}{
Your command was ignored.
Type  I <command> <return>  to replace it with another command,
or  <return>  to continue without it.

! Missing number, treated as zero.
<to be read again> 
                   }
l.453 ^^I^^I\begin{tabularx}{\linewidth}
                                        {
A number should have been here; I inserted `0'.
(If you can't figure out why I needed to see a number,
look up `weird error' in the index to The TeXbook.)

! Illegal unit of measure (pt inserted).
<to be read again> 
                   }
l.453 ^^I^^I\begin{tabularx}{\linewidth}
                                        {
Dimensions can be in units of em, ex, in, pt, pc,
cm, mm, dd, cc, bp, or sp; but yours is a new one!
I'll assume that you meant to say pt, for printer's points.
To recover gracefully from this error, it's best to
delete the erroneous units; e.g., type `2' to delete
two letters. (See Chapter 27 of The TeXbook.)

Missing character: There is no > ("3E) in font nullfont!
! Undefined control sequence.
l.454 ^^I^^I^^I^^I>{\raggedright\arraybackslash
                                               }m{2.5cm}
The control sequence at the end of the top line
of your error message was never \def'ed. If you have
misspelled it (e.g., `\hobx'), type `I' and the correct
spelling (e.g., `I\hbox'). Otherwise just continue,
and I'll forget about whatever was undefined.

Missing character: There is no m ("6D) in font nullfont!
Missing character: There is no 2 ("32) in font nullfont!
Missing character: There is no . ("2E) in font nullfont!
Missing character: There is no 5 ("35) in font nullfont!
Missing character: There is no c ("63) in font nullfont!
Missing character: There is no m ("6D) in font nullfont!
Missing character: There is no > ("3E) in font nullfont!
! Undefined control sequence.
l.455 ^^I^^I^^I^^I>{\centering\arraybackslash
                                             }X
The control sequence at the end of the top line
of your error message was never \def'ed. If you have
misspelled it (e.g., `\hobx'), type `I' and the correct
spelling (e.g., `I\hbox'). Otherwise just continue,
and I'll forget about whatever was undefined.

Missing character: There is no X ("58) in font nullfont!
Missing character: There is no > ("3E) in font nullfont!
! Undefined control sequence.
l.456 ^^I^^I^^I^^I>{\centering\arraybackslash
                                             }X
The control sequence at the end of the top line
of your error message was never \def'ed. If you have
misspelled it (e.g., `\hobx'), type `I' and the correct
spelling (e.g., `I\hbox'). Otherwise just continue,
and I'll forget about whatever was undefined.

Missing character: There is no X ("58) in font nullfont!
! Undefined control sequence.
l.458 ^^I^^I^^I\toprule
                       
The control sequence at the end of the top line
of your error message was never \def'ed. If you have
misspelled it (e.g., `\hobx'), type `I' and the correct
spelling (e.g., `I\hbox'). Otherwise just continue,
and I'll forget about whatever was undefined.

Missing character: There is no 接 (U+63A5) in font [lmroman10-bold]:mapping=tex-
text;!
Missing character: There is no 口 (U+53E3) in font [lmroman10-bold]:mapping=tex-
text;!
Missing character: There is no 名 (U+540D) in font [lmroman10-bold]:mapping=tex-
text;!
Missing character: There is no 称 (U+79F0) in font [lmroman10-bold]:mapping=tex-
text;!
! Misplaced alignment tab character &.
l.459 ^^I^^I^^I\textbf{接口名称} &
                               \textbf{请求方式} & \textbf{功能描述} \\
I can't figure out why you would want to use a tab mark
here. If you just want an ampersand, the remedy is
simple: Just type `I\&' now. But if some right brace
up above has ended a previous alignment prematurely,
you're probably due for more error messages, and you
might try typing `S' now just to see what is salvageable.

Missing character: There is no 请 (U+8BF7) in font [lmroman10-bold]:mapping=tex-
text;!
Missing character: There is no 求 (U+6C42) in font [lmroman10-bold]:mapping=tex-
text;!
Missing character: There is no 方 (U+65B9) in font [lmroman10-bold]:mapping=tex-
text;!
Missing character: There is no 式 (U+5F0F) in font [lmroman10-bold]:mapping=tex-
text;!
! Misplaced alignment tab character &.
l.459 ^^I^^I^^I\textbf{接口名称} & \textbf{请求方式} &
                                               \textbf{功能描述} \\
I can't figure out why you would want to use a tab mark
here. If you just want an ampersand, the remedy is
simple: Just type `I\&' now. But if some right brace
up above has ended a previous alignment prematurely,
you're probably due for more error messages, and you
might try typing `S' now just to see what is salvageable.

Missing character: There is no 功 (U+529F) in font [lmroman10-bold]:mapping=tex-
text;!
Missing character: There is no 能 (U+80FD) in font [lmroman10-bold]:mapping=tex-
text;!
Missing character: There is no 描 (U+63CF) in font [lmroman10-bold]:mapping=tex-
text;!
Missing character: There is no 述 (U+8FF0) in font [lmroman10-bold]:mapping=tex-
text;!

Overfull \hbox (11.2pt too wide) in paragraph at lines 454--459
 \TU/lmr/bx/n/10 接口名称 
 []


Overfull \hbox (11.2pt too wide) in paragraph at lines 454--459
 \TU/lmr/bx/n/10 请求方式 
 []


Overfull \hbox (11.2pt too wide) in paragraph at lines 454--459
 \TU/lmr/bx/n/10 功能描述 
 []

! Undefined control sequence.
<recently read> \midrule 
                         
l.460 ^^I^^I^^I\midrule
                       
The control sequence at the end of the top line
of your error message was never \def'ed. If you have
misspelled it (e.g., `\hobx'), type `I' and the correct
spelling (e.g., `I\hbox'). Otherwise just continue,
and I'll forget about whatever was undefined.

Missing character: There is no g ("67) in font nullfont!
Missing character: There is no e ("65) in font nullfont!
Missing character: There is no t ("74) in font nullfont!
Missing character: There is no O ("4F) in font nullfont!
Missing character: There is no p ("70) in font nullfont!
Missing character: There is no t ("74) in font nullfont!
Missing character: There is no L ("4C) in font nullfont!
Missing character: There is no e ("65) in font nullfont!
Missing character: There is no v ("76) in font nullfont!
Missing character: There is no e ("65) in font nullfont!
Missing character: There is no l ("6C) in font nullfont!
Missing character: There is no O ("4F) in font nullfont!
Missing character: There is no p ("70) in font nullfont!
Missing character: There is no t ("74) in font nullfont!
Missing character: There is no i ("69) in font nullfont!
Missing character: There is no o ("6F) in font nullfont!
Missing character: There is no n ("6E) in font nullfont!
Missing character: There is no s ("73) in font nullfont!
! Misplaced alignment tab character &.
l.461 ^^I^^I^^IgetOptLevelOptions &
                                    GET & 获取编译优化级别选项 \\
I can't figure out why you would want to use a tab mark
here. If you just want an ampersand, the remedy is
simple: Just type `I\&' now. But if some right brace
up above has ended a previous alignment prematurely,
you're probably due for more error messages, and you
might try typing `S' now just to see what is salvageable.

Missing character: There is no G ("47) in font nullfont!
Missing character: There is no E ("45) in font nullfont!
Missing character: There is no T ("54) in font nullfont!
! Misplaced alignment tab character &.
l.461 ^^I^^I^^IgetOptLevelOptions & GET &
                                          获取编译优化级别选项 \\
I can't figure out why you would want to use a tab mark
here. If you just want an ampersand, the remedy is
simple: Just type `I\&' now. But if some right brace
up above has ended a previous alignment prematurely,
you're probably due for more error messages, and you
might try typing `S' now just to see what is salvageable.

Missing character: There is no 获 ("83B7) in font nullfont!
Missing character: There is no 取 ("53D6) in font nullfont!
Missing character: There is no 编 ("7F16) in font nullfont!
Missing character: There is no 译 ("8BD1) in font nullfont!
Missing character: There is no 优 ("4F18) in font nullfont!
Missing character: There is no 化 ("5316) in font nullfont!
Missing character: There is no 级 ("7EA7) in font nullfont!
Missing character: There is no 别 ("522B) in font nullfont!
Missing character: There is no 选 ("9009) in font nullfont!
Missing character: There is no 项 ("9879) in font nullfont!
Missing character: There is no g ("67) in font nullfont!
Missing character: There is no e ("65) in font nullfont!
Missing character: There is no t ("74) in font nullfont!
Missing character: There is no C ("43) in font nullfont!
Missing character: There is no h ("68) in font nullfont!
Missing character: There is no i ("69) in font nullfont!
Missing character: There is no p ("70) in font nullfont!
Missing character: There is no O ("4F) in font nullfont!
Missing character: There is no p ("70) in font nullfont!
Missing character: There is no t ("74) in font nullfont!
Missing character: There is no i ("69) in font nullfont!
Missing character: There is no o ("6F) in font nullfont!
Missing character: There is no n ("6E) in font nullfont!
Missing character: There is no s ("73) in font nullfont!
! Misplaced alignment tab character &.
l.462 ^^I^^I^^IgetChipOptions &
                                GET & 获取目标芯片选项列表 \\
I can't figure out why you would want to use a tab mark
here. If you just want an ampersand, the remedy is
simple: Just type `I\&' now. But if some right brace
up above has ended a previous alignment prematurely,
you're probably due for more error messages, and you
might try typing `S' now just to see what is salvageable.

Missing character: There is no G ("47) in font nullfont!
Missing character: There is no E ("45) in font nullfont!
Missing character: There is no T ("54) in font nullfont!
! Misplaced alignment tab character &.
l.462 ^^I^^I^^IgetChipOptions & GET &
                                      获取目标芯片选项列表 \\
I can't figure out why you would want to use a tab mark
here. If you just want an ampersand, the remedy is
simple: Just type `I\&' now. But if some right brace
up above has ended a previous alignment prematurely,
you're probably due for more error messages, and you
might try typing `S' now just to see what is salvageable.

Missing character: There is no 获 ("83B7) in font nullfont!
Missing character: There is no 取 ("53D6) in font nullfont!
Missing character: There is no 目 ("76EE) in font nullfont!
Missing character: There is no 标 ("6807) in font nullfont!
Missing character: There is no 芯 ("82AF) in font nullfont!
Missing character: There is no 片 ("7247) in font nullfont!
Missing character: There is no 选 ("9009) in font nullfont!
Missing character: There is no 项 ("9879) in font nullfont!
Missing character: There is no 列 ("5217) in font nullfont!
Missing character: There is no 表 ("8868) in font nullfont!
Missing character: There is no g ("67) in font nullfont!
Missing character: There is no e ("65) in font nullfont!
Missing character: There is no t ("74) in font nullfont!
Missing character: There is no S ("53) in font nullfont!
Missing character: There is no u ("75) in font nullfont!
Missing character: There is no i ("69) in font nullfont!
Missing character: There is no t ("74) in font nullfont!
Missing character: There is no e ("65) in font nullfont!
Missing character: There is no O ("4F) in font nullfont!
Missing character: There is no p ("70) in font nullfont!
Missing character: There is no t ("74) in font nullfont!
Missing character: There is no i ("69) in font nullfont!
Missing character: There is no o ("6F) in font nullfont!
Missing character: There is no n ("6E) in font nullfont!
Missing character: There is no s ("73) in font nullfont!
! Misplaced alignment tab character &.
l.463 ^^I^^I^^IgetSuiteOptions &
                                 GET & 获取测试集选项列表 \\
I can't figure out why you would want to use a tab mark
here. If you just want an ampersand, the remedy is
simple: Just type `I\&' now. But if some right brace
up above has ended a previous alignment prematurely,
you're probably due for more error messages, and you
might try typing `S' now just to see what is salvageable.

Missing character: There is no G ("47) in font nullfont!
Missing character: There is no E ("45) in font nullfont!
Missing character: There is no T ("54) in font nullfont!
! Misplaced alignment tab character &.
l.463 ^^I^^I^^IgetSuiteOptions & GET &
                                       获取测试集选项列表 \\
I can't figure out why you would want to use a tab mark
here. If you just want an ampersand, the remedy is
simple: Just type `I\&' now. But if some right brace
up above has ended a previous alignment prematurely,
you're probably due for more error messages, and you
might try typing `S' now just to see what is salvageable.

Missing character: There is no 获 ("83B7) in font nullfont!
Missing character: There is no 取 ("53D6) in font nullfont!
Missing character: There is no 测 ("6D4B) in font nullfont!
Missing character: There is no 试 ("8BD5) in font nullfont!
Missing character: There is no 集 ("96C6) in font nullfont!
Missing character: There is no 选 ("9009) in font nullfont!
Missing character: There is no 项 ("9879) in font nullfont!
Missing character: There is no 列 ("5217) in font nullfont!
Missing character: There is no 表 ("8868) in font nullfont!
Missing character: There is no g ("67) in font nullfont!
Missing character: There is no e ("65) in font nullfont!
Missing character: There is no t ("74) in font nullfont!
Missing character: There is no C ("43) in font nullfont!
Missing character: There is no a ("61) in font nullfont!
Missing character: There is no s ("73) in font nullfont!
Missing character: There is no e ("65) in font nullfont!
Missing character: There is no O ("4F) in font nullfont!
Missing character: There is no p ("70) in font nullfont!
Missing character: There is no t ("74) in font nullfont!
Missing character: There is no i ("69) in font nullfont!
Missing character: There is no o ("6F) in font nullfont!
Missing character: There is no n ("6E) in font nullfont!
Missing character: There is no s ("73) in font nullfont!
! Misplaced alignment tab character &.
l.464 ^^I^^I^^IgetCaseOptions &
                                GET & 获取测试用例名称选项列表 \\
I can't figure out why you would want to use a tab mark
here. If you just want an ampersand, the remedy is
simple: Just type `I\&' now. But if some right brace
up above has ended a previous alignment prematurely,
you're probably due for more error messages, and you
might try typing `S' now just to see what is salvageable.

Missing character: There is no G ("47) in font nullfont!
Missing character: There is no E ("45) in font nullfont!
Missing character: There is no T ("54) in font nullfont!
! Misplaced alignment tab character &.
l.464 ^^I^^I^^IgetCaseOptions & GET &
                                      获取测试用例名称选项列表 \\
I can't figure out why you would want to use a tab mark
here. If you just want an ampersand, the remedy is
simple: Just type `I\&' now. But if some right brace
up above has ended a previous alignment prematurely,
you're probably due for more error messages, and you
might try typing `S' now just to see what is salvageable.

Missing character: There is no 获 ("83B7) in font nullfont!
Missing character: There is no 取 ("53D6) in font nullfont!
Missing character: There is no 测 ("6D4B) in font nullfont!
Missing character: There is no 试 ("8BD5) in font nullfont!
Missing character: There is no 用 ("7528) in font nullfont!
Missing character: There is no 例 ("4F8B) in font nullfont!
Missing character: There is no 名 ("540D) in font nullfont!
Missing character: There is no 称 ("79F0) in font nullfont!
Missing character: There is no 选 ("9009) in font nullfont!
Missing character: There is no 项 ("9879) in font nullfont!
Missing character: There is no 列 ("5217) in font nullfont!
Missing character: There is no 表 ("8868) in font nullfont!
Missing character: There is no g ("67) in font nullfont!
Missing character: There is no e ("65) in font nullfont!
Missing character: There is no t ("74) in font nullfont!
Missing character: There is no A ("41) in font nullfont!
Missing character: There is no l ("6C) in font nullfont!
Missing character: There is no l ("6C) in font nullfont!
Missing character: There is no C ("43) in font nullfont!
Missing character: There is no o ("6F) in font nullfont!
Missing character: There is no m ("6D) in font nullfont!
Missing character: There is no m ("6D) in font nullfont!
Missing character: There is no i ("69) in font nullfont!
Missing character: There is no t ("74) in font nullfont!
Missing character: There is no s ("73) in font nullfont!
! Misplaced alignment tab character &.
l.465 ^^I^^I^^IgetAllCommits &
                               GET & 获取所有代码提交版本信息 \\
I can't figure out why you would want to use a tab mark
here. If you just want an ampersand, the remedy is
simple: Just type `I\&' now. But if some right brace
up above has ended a previous alignment prematurely,
you're probably due for more error messages, and you
might try typing `S' now just to see what is salvageable.

Missing character: There is no G ("47) in font nullfont!
Missing character: There is no E ("45) in font nullfont!
Missing character: There is no T ("54) in font nullfont!
! Misplaced alignment tab character &.
l.465 ^^I^^I^^IgetAllCommits & GET &
                                     获取所有代码提交版本信息 \\
I can't figure out why you would want to use a tab mark
here. If you just want an ampersand, the remedy is
simple: Just type `I\&' now. But if some right brace
up above has ended a previous alignment prematurely,
you're probably due for more error messages, and you
might try typing `S' now just to see what is salvageable.

Missing character: There is no 获 ("83B7) in font nullfont!
Missing character: There is no 取 ("53D6) in font nullfont!
Missing character: There is no 所 ("6240) in font nullfont!
Missing character: There is no 有 ("6709) in font nullfont!
Missing character: There is no 代 ("4EE3) in font nullfont!
Missing character: There is no 码 ("7801) in font nullfont!
Missing character: There is no 提 ("63D0) in font nullfont!
Missing character: There is no 交 ("4EA4) in font nullfont!
Missing character: There is no 版 ("7248) in font nullfont!
Missing character: There is no 本 ("672C) in font nullfont!
Missing character: There is no 信 ("4FE1) in font nullfont!
Missing character: There is no 息 ("606F) in font nullfont!
Missing character: There is no g ("67) in font nullfont!
Missing character: There is no e ("65) in font nullfont!
Missing character: There is no t ("74) in font nullfont!
Missing character: There is no C ("43) in font nullfont!
Missing character: There is no o ("6F) in font nullfont!
Missing character: There is no m ("6D) in font nullfont!
Missing character: There is no m ("6D) in font nullfont!
Missing character: There is no i ("69) in font nullfont!
Missing character: There is no t ("74) in font nullfont!
Missing character: There is no B ("42) in font nullfont!
Missing character: There is no y ("79) in font nullfont!
Missing character: There is no H ("48) in font nullfont!
Missing character: There is no a ("61) in font nullfont!
Missing character: There is no s ("73) in font nullfont!
Missing character: There is no h ("68) in font nullfont!
! Misplaced alignment tab character &.
l.466 ^^I^^I^^IgetCommitByHash &
                                 GET & 根据哈希值查询单个提交的详细信息 \\
I can't figure out why you would want to use a tab mark
here. If you just want an ampersand, the remedy is
simple: Just type `I\&' now. But if some right brace
up above has ended a previous alignment prematurely,
you're probably due for more error messages, and you
might try typing `S' now just to see what is salvageable.

Missing character: There is no G ("47) in font nullfont!
Missing character: There is no E ("45) in font nullfont!
Missing character: There is no T ("54) in font nullfont!
! Misplaced alignment tab character &.
l.466 ^^I^^I^^IgetCommitByHash & GET &
                                       根据哈希值查询单个提交的详细信息 \\
I can't figure out why you would want to use a tab mark
here. If you just want an ampersand, the remedy is
simple: Just type `I\&' now. But if some right brace
up above has ended a previous alignment prematurely,
you're probably due for more error messages, and you
might try typing `S' now just to see what is salvageable.

Missing character: There is no 根 ("6839) in font nullfont!
Missing character: There is no 据 ("636E) in font nullfont!
Missing character: There is no 哈 ("54C8) in font nullfont!
Missing character: There is no 希 ("5E0C) in font nullfont!
Missing character: There is no 值 ("503C) in font nullfont!
Missing character: There is no 查 ("67E5) in font nullfont!
Missing character: There is no 询 ("8BE2) in font nullfont!
Missing character: There is no 单 ("5355) in font nullfont!
Missing character: There is no 个 ("4E2A) in font nullfont!
Missing character: There is no 提 ("63D0) in font nullfont!
Missing character: There is no 交 ("4EA4) in font nullfont!
Missing character: There is no 的 ("7684) in font nullfont!
Missing character: There is no 详 ("8BE6) in font nullfont!
Missing character: There is no 细 ("7EC6) in font nullfont!
Missing character: There is no 信 ("4FE1) in font nullfont!
Missing character: There is no 息 ("606F) in font nullfont!
Missing character: There is no g ("67) in font nullfont!
Missing character: There is no e ("65) in font nullfont!
Missing character: There is no t ("74) in font nullfont!
Missing character: There is no H ("48) in font nullfont!
Missing character: There is no i ("69) in font nullfont!
Missing character: There is no s ("73) in font nullfont!
Missing character: There is no t ("74) in font nullfont!
Missing character: There is no o ("6F) in font nullfont!
Missing character: There is no r ("72) in font nullfont!
Missing character: There is no i ("69) in font nullfont!
Missing character: There is no c ("63) in font nullfont!
Missing character: There is no a ("61) in font nullfont!
Missing character: There is no l ("6C) in font nullfont!
Missing character: There is no S ("53) in font nullfont!
Missing character: There is no t ("74) in font nullfont!
Missing character: There is no a ("61) in font nullfont!
Missing character: There is no t ("74) in font nullfont!
Missing character: There is no i ("69) in font nullfont!
Missing character: There is no s ("73) in font nullfont!
Missing character: There is no t ("74) in font nullfont!
Missing character: There is no i ("69) in font nullfont!
Missing character: There is no c ("63) in font nullfont!
Missing character: There is no a ("61) in font nullfont!
Missing character: There is no l ("6C) in font nullfont!
Missing character: There is no I ("49) in font nullfont!
Missing character: There is no n ("6E) in font nullfont!
Missing character: There is no f ("66) in font nullfont!
Missing character: There is no o ("6F) in font nullfont!
! Misplaced alignment tab character &.
l.467 ^^I^^I^^IgetHistoricalStatisticalInfo &
                                              POST & 查询指定条件下测试集的历史统计信息 \\
I can't figure out why you would want to use a tab mark
here. If you just want an ampersand, the remedy is
simple: Just type `I\&' now. But if some right brace
up above has ended a previous alignment prematurely,
you're probably due for more error messages, and you
might try typing `S' now just to see what is salvageable.

Missing character: There is no P ("50) in font nullfont!
Missing character: There is no O ("4F) in font nullfont!
Missing character: There is no S ("53) in font nullfont!
Missing character: There is no T ("54) in font nullfont!
! Misplaced alignment tab character &.
l.467 ...I^^IgetHistoricalStatisticalInfo & POST &
                                                   查询指定条件下测试集的历史统计信息 \\
I can't figure out why you would want to use a tab mark
here. If you just want an ampersand, the remedy is
simple: Just type `I\&' now. But if some right brace
up above has ended a previous alignment prematurely,
you're probably due for more error messages, and you
might try typing `S' now just to see what is salvageable.

Missing character: There is no 查 ("67E5) in font nullfont!
Missing character: There is no 询 ("8BE2) in font nullfont!
Missing character: There is no 指 ("6307) in font nullfont!
Missing character: There is no 定 ("5B9A) in font nullfont!
Missing character: There is no 条 ("6761) in font nullfont!
Missing character: There is no 件 ("4EF6) in font nullfont!
Missing character: There is no 下 ("4E0B) in font nullfont!
Missing character: There is no 测 ("6D4B) in font nullfont!
Missing character: There is no 试 ("8BD5) in font nullfont!
Missing character: There is no 集 ("96C6) in font nullfont!
Missing character: There is no 的 ("7684) in font nullfont!
Missing character: There is no 历 ("5386) in font nullfont!
Missing character: There is no 史 ("53F2) in font nullfont!
Missing character: There is no 统 ("7EDF) in font nullfont!
Missing character: There is no 计 ("8BA1) in font nullfont!
Missing character: There is no 信 ("4FE1) in font nullfont!
Missing character: There is no 息 ("606F) in font nullfont!
Missing character: There is no g ("67) in font nullfont!
Missing character: There is no e ("65) in font nullfont!
Missing character: There is no t ("74) in font nullfont!
Missing character: There is no L ("4C) in font nullfont!
Missing character: There is no a ("61) in font nullfont!
Missing character: There is no t ("74) in font nullfont!
Missing character: There is no e ("65) in font nullfont!
Missing character: There is no s ("73) in font nullfont!
Missing character: There is no t ("74) in font nullfont!
Missing character: There is no P ("50) in font nullfont!
Missing character: There is no e ("65) in font nullfont!
Missing character: There is no r ("72) in font nullfont!
Missing character: There is no f ("66) in font nullfont!
Missing character: There is no O ("4F) in font nullfont!
Missing character: There is no f ("66) in font nullfont!
Missing character: There is no S ("53) in font nullfont!
Missing character: There is no u ("75) in font nullfont!
Missing character: There is no i ("69) in font nullfont!
Missing character: There is no t ("74) in font nullfont!
Missing character: There is no e ("65) in font nullfont!
! Misplaced alignment tab character &.
l.468 ^^I^^I^^IgetLatestPerfOfSuite &
                                      POST & 查询指定条件下测试集的最新性能数据 \\
I can't figure out why you would want to use a tab mark
here. If you just want an ampersand, the remedy is
simple: Just type `I\&' now. But if some right brace
up above has ended a previous alignment prematurely,
you're probably due for more error messages, and you
might try typing `S' now just to see what is salvageable.

Missing character: There is no P ("50) in font nullfont!
Missing character: There is no O ("4F) in font nullfont!
Missing character: There is no S ("53) in font nullfont!
Missing character: There is no T ("54) in font nullfont!
! Misplaced alignment tab character &.
l.468 ^^I^^I^^IgetLatestPerfOfSuite & POST &
                                             查询指定条件下测试集的最新性能数据 \\
I can't figure out why you would want to use a tab mark
here. If you just want an ampersand, the remedy is
simple: Just type `I\&' now. But if some right brace
up above has ended a previous alignment prematurely,
you're probably due for more error messages, and you
might try typing `S' now just to see what is salvageable.

Missing character: There is no 查 ("67E5) in font nullfont!
Missing character: There is no 询 ("8BE2) in font nullfont!
Missing character: There is no 指 ("6307) in font nullfont!
Missing character: There is no 定 ("5B9A) in font nullfont!
Missing character: There is no 条 ("6761) in font nullfont!
Missing character: There is no 件 ("4EF6) in font nullfont!
Missing character: There is no 下 ("4E0B) in font nullfont!
Missing character: There is no 测 ("6D4B) in font nullfont!
Missing character: There is no 试 ("8BD5) in font nullfont!
Missing character: There is no 集 ("96C6) in font nullfont!
Missing character: There is no 的 ("7684) in font nullfont!
Missing character: There is no 最 ("6700) in font nullfont!
Missing character: There is no 新 ("65B0) in font nullfont!
Missing character: There is no 性 ("6027) in font nullfont!
Missing character: There is no 能 ("80FD) in font nullfont!
Missing character: There is no 数 ("6570) in font nullfont!
Missing character: There is no 据 ("636E) in font nullfont!
Missing character: There is no g ("67) in font nullfont!
Missing character: There is no e ("65) in font nullfont!
Missing character: There is no t ("74) in font nullfont!
Missing character: There is no H ("48) in font nullfont!
Missing character: There is no i ("69) in font nullfont!
Missing character: There is no s ("73) in font nullfont!
Missing character: There is no t ("74) in font nullfont!
Missing character: There is no o ("6F) in font nullfont!
Missing character: There is no r ("72) in font nullfont!
Missing character: There is no i ("69) in font nullfont!
Missing character: There is no c ("63) in font nullfont!
Missing character: There is no a ("61) in font nullfont!
Missing character: There is no l ("6C) in font nullfont!
Missing character: There is no P ("50) in font nullfont!
Missing character: There is no e ("65) in font nullfont!
Missing character: There is no r ("72) in font nullfont!
Missing character: There is no f ("66) in font nullfont!
! Misplaced alignment tab character &.
l.469 ^^I^^I^^IgetHistoricalPerf &
                                   POST & 查询单个测试用例的历史性能趋势数据 \\
I can't figure out why you would want to use a tab mark
here. If you just want an ampersand, the remedy is
simple: Just type `I\&' now. But if some right brace
up above has ended a previous alignment prematurely,
you're probably due for more error messages, and you
might try typing `S' now just to see what is salvageable.

Missing character: There is no P ("50) in font nullfont!
Missing character: There is no O ("4F) in font nullfont!
Missing character: There is no S ("53) in font nullfont!
Missing character: There is no T ("54) in font nullfont!
! Misplaced alignment tab character &.
l.469 ^^I^^I^^IgetHistoricalPerf & POST &
                                          查询单个测试用例的历史性能趋势数据 \\
I can't figure out why you would want to use a tab mark
here. If you just want an ampersand, the remedy is
simple: Just type `I\&' now. But if some right brace
up above has ended a previous alignment prematurely,
you're probably due for more error messages, and you
might try typing `S' now just to see what is salvageable.

Missing character: There is no 查 ("67E5) in font nullfont!
Missing character: There is no 询 ("8BE2) in font nullfont!
Missing character: There is no 单 ("5355) in font nullfont!
Missing character: There is no 个 ("4E2A) in font nullfont!
Missing character: There is no 测 ("6D4B) in font nullfont!
Missing character: There is no 试 ("8BD5) in font nullfont!
Missing character: There is no 用 ("7528) in font nullfont!
Missing character: There is no 例 ("4F8B) in font nullfont!
Missing character: There is no 的 ("7684) in font nullfont!
Missing character: There is no 历 ("5386) in font nullfont!
Missing character: There is no 史 ("53F2) in font nullfont!
Missing character: There is no 性 ("6027) in font nullfont!
Missing character: There is no 能 ("80FD) in font nullfont!
Missing character: There is no 趋 ("8D8B) in font nullfont!
Missing character: There is no 势 ("52BF) in font nullfont!
Missing character: There is no 数 ("6570) in font nullfont!
Missing character: There is no 据 ("636E) in font nullfont!
Missing character: There is no g ("67) in font nullfont!
Missing character: There is no e ("65) in font nullfont!
Missing character: There is no t ("74) in font nullfont!
Missing character: There is no T ("54) in font nullfont!
Missing character: There is no w ("77) in font nullfont!
Missing character: There is no o ("6F) in font nullfont!
Missing character: There is no C ("43) in font nullfont!
Missing character: There is no o ("6F) in font nullfont!
Missing character: There is no m ("6D) in font nullfont!
Missing character: There is no m ("6D) in font nullfont!
Missing character: There is no i ("69) in font nullfont!
Missing character: There is no t ("74) in font nullfont!
Missing character: There is no s ("73) in font nullfont!
Missing character: There is no C ("43) in font nullfont!
Missing character: There is no o ("6F) in font nullfont!
Missing character: There is no m ("6D) in font nullfont!
Missing character: There is no p ("70) in font nullfont!
Missing character: There is no a ("61) in font nullfont!
Missing character: There is no r ("72) in font nullfont!
Missing character: There is no i ("69) in font nullfont!
Missing character: There is no s ("73) in font nullfont!
Missing character: There is no o ("6F) in font nullfont!
Missing character: There is no n ("6E) in font nullfont!
! Misplaced alignment tab character &.
l.470 ^^I^^I^^IgetTwoCommitsComparison &
                                         POST & 对比两个提交版本的测试用例性能差异 \\
I can't figure out why you would want to use a tab mark
here. If you just want an ampersand, the remedy is
simple: Just type `I\&' now. But if some right brace
up above has ended a previous alignment prematurely,
you're probably due for more error messages, and you
might try typing `S' now just to see what is salvageable.

Missing character: There is no P ("50) in font nullfont!
Missing character: There is no O ("4F) in font nullfont!
Missing character: There is no S ("53) in font nullfont!
Missing character: There is no T ("54) in font nullfont!
! Misplaced alignment tab character &.
l.470 ^^I^^I^^IgetTwoCommitsComparison & POST &
                                                对比两个提交版本的测试用例性能差异 \\
I can't figure out why you would want to use a tab mark
here. If you just want an ampersand, the remedy is
simple: Just type `I\&' now. But if some right brace
up above has ended a previous alignment prematurely,
you're probably due for more error messages, and you
might try typing `S' now just to see what is salvageable.

Missing character: There is no 对 ("5BF9) in font nullfont!
Missing character: There is no 比 ("6BD4) in font nullfont!
Missing character: There is no 两 ("4E24) in font nullfont!
Missing character: There is no 个 ("4E2A) in font nullfont!
Missing character: There is no 提 ("63D0) in font nullfont!
Missing character: There is no 交 ("4EA4) in font nullfont!
Missing character: There is no 版 ("7248) in font nullfont!
Missing character: There is no 本 ("672C) in font nullfont!
Missing character: There is no 的 ("7684) in font nullfont!
Missing character: There is no 测 ("6D4B) in font nullfont!
Missing character: There is no 试 ("8BD5) in font nullfont!
Missing character: There is no 用 ("7528) in font nullfont!
Missing character: There is no 例 ("4F8B) in font nullfont!
Missing character: There is no 性 ("6027) in font nullfont!
Missing character: There is no 能 ("80FD) in font nullfont!
Missing character: There is no 差 ("5DEE) in font nullfont!
Missing character: There is no 异 ("5F02) in font nullfont!
Missing character: There is no g ("67) in font nullfont!
Missing character: There is no e ("65) in font nullfont!
Missing character: There is no t ("74) in font nullfont!
Missing character: There is no A ("41) in font nullfont!
Missing character: There is no s ("73) in font nullfont!
Missing character: There is no s ("73) in font nullfont!
Missing character: There is no e ("65) in font nullfont!
Missing character: There is no m ("6D) in font nullfont!
Missing character: There is no b ("62) in font nullfont!
Missing character: There is no l ("6C) in font nullfont!
Missing character: There is no y ("79) in font nullfont!
Missing character: There is no C ("43) in font nullfont!
Missing character: There is no o ("6F) in font nullfont!
Missing character: There is no m ("6D) in font nullfont!
Missing character: There is no p ("70) in font nullfont!
Missing character: There is no a ("61) in font nullfont!
Missing character: There is no r ("72) in font nullfont!
Missing character: There is no i ("69) in font nullfont!
Missing character: There is no s ("73) in font nullfont!
Missing character: There is no o ("6F) in font nullfont!
Missing character: There is no n ("6E) in font nullfont!
! Misplaced alignment tab character &.
l.471 ^^I^^I^^IgetAssemblyComparison &
                                       POST & 对比两个提交版本的汇编代码差异 \\
I can't figure out why you would want to use a tab mark
here. If you just want an ampersand, the remedy is
simple: Just type `I\&' now. But if some right brace
up above has ended a previous alignment prematurely,
you're probably due for more error messages, and you
might try typing `S' now just to see what is salvageable.

Missing character: There is no P ("50) in font nullfont!
Missing character: There is no O ("4F) in font nullfont!
Missing character: There is no S ("53) in font nullfont!
Missing character: There is no T ("54) in font nullfont!
! Misplaced alignment tab character &.
l.471 ^^I^^I^^IgetAssemblyComparison & POST &
                                              对比两个提交版本的汇编代码差异 \\
I can't figure out why you would want to use a tab mark
here. If you just want an ampersand, the remedy is
simple: Just type `I\&' now. But if some right brace
up above has ended a previous alignment prematurely,
you're probably due for more error messages, and you
might try typing `S' now just to see what is salvageable.

Missing character: There is no 对 ("5BF9) in font nullfont!
Missing character: There is no 比 ("6BD4) in font nullfont!
Missing character: There is no 两 ("4E24) in font nullfont!
Missing character: There is no 个 ("4E2A) in font nullfont!
Missing character: There is no 提 ("63D0) in font nullfont!
Missing character: There is no 交 ("4EA4) in font nullfont!
Missing character: There is no 版 ("7248) in font nullfont!
Missing character: There is no 本 ("672C) in font nullfont!
Missing character: There is no 的 ("7684) in font nullfont!
Missing character: There is no 汇 ("6C47) in font nullfont!
Missing character: There is no 编 ("7F16) in font nullfont!
Missing character: There is no 代 ("4EE3) in font nullfont!
Missing character: There is no 码 ("7801) in font nullfont!
Missing character: There is no 差 ("5DEE) in font nullfont!
Missing character: There is no 异 ("5F02) in font nullfont!
Missing character: There is no u ("75) in font nullfont!
Missing character: There is no p ("70) in font nullfont!
Missing character: There is no l ("6C) in font nullfont!
Missing character: There is no o ("6F) in font nullfont!
Missing character: There is no a ("61) in font nullfont!
Missing character: There is no d ("64) in font nullfont!
Missing character: There is no L ("4C) in font nullfont!
Missing character: There is no o ("6F) in font nullfont!
Missing character: There is no c ("63) in font nullfont!
Missing character: There is no a ("61) in font nullfont!
Missing character: There is no l ("6C) in font nullfont!
Missing character: There is no R ("52) in font nullfont!
Missing character: There is no e ("65) in font nullfont!
Missing character: There is no p ("70) in font nullfont!
Missing character: There is no o ("6F) in font nullfont!
Missing character: There is no r ("72) in font nullfont!
Missing character: There is no t ("74) in font nullfont!
! Misplaced alignment tab character &.
l.472 ^^I^^I^^IuploadLocalReport &
                                   POST & 上传本地性能测试报告并解析 \\
I can't figure out why you would want to use a tab mark
here. If you just want an ampersand, the remedy is
simple: Just type `I\&' now. But if some right brace
up above has ended a previous alignment prematurely,
you're probably due for more error messages, and you
might try typing `S' now just to see what is salvageable.

Missing character: There is no P ("50) in font nullfont!
Missing character: There is no O ("4F) in font nullfont!
Missing character: There is no S ("53) in font nullfont!
Missing character: There is no T ("54) in font nullfont!
! Misplaced alignment tab character &.
l.472 ^^I^^I^^IuploadLocalReport & POST &
                                          上传本地性能测试报告并解析 \\
I can't figure out why you would want to use a tab mark
here. If you just want an ampersand, the remedy is
simple: Just type `I\&' now. But if some right brace
up above has ended a previous alignment prematurely,
you're probably due for more error messages, and you
might try typing `S' now just to see what is salvageable.

Missing character: There is no 上 ("4E0A) in font nullfont!
Missing character: There is no 传 ("4F20) in font nullfont!
Missing character: There is no 本 ("672C) in font nullfont!
Missing character: There is no 地 ("5730) in font nullfont!
Missing character: There is no 性 ("6027) in font nullfont!
Missing character: There is no 能 ("80FD) in font nullfont!
Missing character: There is no 测 ("6D4B) in font nullfont!
Missing character: There is no 试 ("8BD5) in font nullfont!
Missing character: There is no 报 ("62A5) in font nullfont!
Missing character: There is no 告 ("544A) in font nullfont!
Missing character: There is no 并 ("5E76) in font nullfont!
Missing character: There is no 解 ("89E3) in font nullfont!
Missing character: There is no 析 ("6790) in font nullfont!
Missing character: There is no r ("72) in font nullfont!
Missing character: There is no e ("65) in font nullfont!
Missing character: There is no m ("6D) in font nullfont!
Missing character: There is no o ("6F) in font nullfont!
Missing character: There is no v ("76) in font nullfont!
Missing character: There is no e ("65) in font nullfont!
Missing character: There is no A ("41) in font nullfont!
Missing character: There is no l ("6C) in font nullfont!
Missing character: There is no l ("6C) in font nullfont!
Missing character: There is no C ("43) in font nullfont!
Missing character: There is no u ("75) in font nullfont!
Missing character: There is no s ("73) in font nullfont!
Missing character: There is no t ("74) in font nullfont!
Missing character: There is no o ("6F) in font nullfont!
Missing character: There is no m ("6D) in font nullfont!
Missing character: There is no R ("52) in font nullfont!
Missing character: There is no e ("65) in font nullfont!
Missing character: There is no p ("70) in font nullfont!
Missing character: There is no o ("6F) in font nullfont!
Missing character: There is no r ("72) in font nullfont!
Missing character: There is no t ("74) in font nullfont!
Missing character: There is no s ("73) in font nullfont!
! Misplaced alignment tab character &.
l.473 ^^I^^I^^IremoveAllCustomReports &
                                        GET & 清空所有已上传的本地自定义测试报告 \\
I can't figure out why you would want to use a tab mark
here. If you just want an ampersand, the remedy is
simple: Just type `I\&' now. But if some right brace
up above has ended a previous alignment prematurely,
you're probably due for more error messages, and you
might try typing `S' now just to see what is salvageable.

Missing character: There is no G ("47) in font nullfont!
Missing character: There is no E ("45) in font nullfont!
Missing character: There is no T ("54) in font nullfont!
! Misplaced alignment tab character &.
l.473 ^^I^^I^^IremoveAllCustomReports & GET &
                                              清空所有已上传的本地自定义测试报告 \\
I can't figure out why you would want to use a tab mark
here. If you just want an ampersand, the remedy is
simple: Just type `I\&' now. But if some right brace
up above has ended a previous alignment prematurely,
you're probably due for more error messages, and you
might try typing `S' now just to see what is salvageable.

Missing character: There is no 清 ("6E05) in font nullfont!
Missing character: There is no 空 ("7A7A) in font nullfont!
Missing character: There is no 所 ("6240) in font nullfont!
Missing character: There is no 有 ("6709) in font nullfont!
Missing character: There is no 已 ("5DF2) in font nullfont!
Missing character: There is no 上 ("4E0A) in font nullfont!
Missing character: There is no 传 ("4F20) in font nullfont!
Missing character: There is no 的 ("7684) in font nullfont!
Missing character: There is no 本 ("672C) in font nullfont!
Missing character: There is no 地 ("5730) in font nullfont!
Missing character: There is no 自 ("81EA) in font nullfont!
Missing character: There is no 定 ("5B9A) in font nullfont!
Missing character: There is no 义 ("4E49) in font nullfont!
Missing character: There is no 测 ("6D4B) in font nullfont!
Missing character: There is no 试 ("8BD5) in font nullfont!
Missing character: There is no 报 ("62A5) in font nullfont!
Missing character: There is no 告 ("544A) in font nullfont!
! Undefined control sequence.
<recently read> \bottomrule 
                            
l.474 ^^I^^I^^I\bottomrule
                          
The control sequence at the end of the top line
of your error message was never \def'ed. If you have
misspelled it (e.g., `\hobx'), type `I' and the correct
spelling (e.g., `I\hbox'). Otherwise just continue,
and I'll forget about whatever was undefined.


! LaTeX Error: \begin{document} ended by \end{tabularx}.

See the LaTeX manual or LaTeX Companion for explanation.
Type  H <return>  for immediate help.
 ...                                              
                                                  
l.475 ^^I^^I\end{tabularx}
                          
Your command was ignored.
Type  I <command> <return>  to replace it with another command,
or  <return>  to continue without it.


! LaTeX Error: \begin{document} ended by \end{table}.

See the LaTeX manual or LaTeX Companion for explanation.
Type  H <return>  for immediate help.
 ...                                              
                                                  
l.477 \end{table}
                 
Your command was ignored.
Type  I <command> <return>  to replace it with another command,
or  <return>  to continue without it.

! Undefined control sequence.
l.480 \subsubsection
                    {2.业务逻辑层的实现}
The control sequence at the end of the top line
of your error message was never \def'ed. If you have
misspelled it (e.g., `\hobx'), type `I' and the correct
spelling (e.g., `I\hbox'). Otherwise just continue,
and I'll forget about whatever was undefined.

Missing character: There is no 2 ("32) in font nullfont!
Missing character: There is no . ("2E) in font nullfont!
Missing character: There is no 业 ("4E1A) in font nullfont!
Missing character: There is no 务 ("52A1) in font nullfont!
Missing character: There is no 逻 ("903B) in font nullfont!
Missing character: There is no 辑 ("8F91) in font nullfont!
Missing character: There is no 层 ("5C42) in font nullfont!
Missing character: There is no 的 ("7684) in font nullfont!
Missing character: There is no 实 ("5B9E) in font nullfont!
Missing character: There is no 现 ("73B0) in font nullfont!
Missing character: There is no 业 ("4E1A) in font nullfont!
Missing character: There is no 务 ("52A1) in font nullfont!
Missing character: There is no 逻 ("903B) in font nullfont!
Missing character: There is no 辑 ("8F91) in font nullfont!
Missing character: There is no 层 ("5C42) in font nullfont!
Missing character: There is no （ ("FF08) in font nullfont!
Missing character: There is no 下 ("4E0B) in font nullfont!
Missing character: There is no 文 ("6587) in font nullfont!
Missing character: There is no 简 ("7B80) in font nullfont!
Missing character: There is no 称 ("79F0) in font nullfont!
Missing character: There is no 后 ("540E) in font nullfont!
Missing character: There is no 端 ("7AEF) in font nullfont!
Missing character: There is no ） ("FF09) in font nullfont!
Missing character: There is no 是 ("662F) in font nullfont!
Missing character: There is no 评 ("8BC4) in font nullfont!
Missing character: There is no 估 ("4F30) in font nullfont!
Missing character: There is no 子 ("5B50) in font nullfont!
Missing character: There is no 系 ("7CFB) in font nullfont!
Missing character: There is no 统 ("7EDF) in font nullfont!
Missing character: There is no 的 ("7684) in font nullfont!
Missing character: There is no 核 ("6838) in font nullfont!
Missing character: There is no 心 ("5FC3) in font nullfont!
Missing character: There is no 控 ("63A7) in font nullfont!
Missing character: There is no 制 ("5236) in font nullfont!
Missing character: There is no 单 ("5355) in font nullfont!
Missing character: There is no 元 ("5143) in font nullfont!
Missing character: There is no ， ("FF0C) in font nullfont!
Missing character: There is no 负 ("8D1F) in font nullfont!
Missing character: There is no 责 ("8D23) in font nullfont!
Missing character: There is no 性 ("6027) in font nullfont!
Missing character: There is no 能 ("80FD) in font nullfont!
Missing character: There is no 数 ("6570) in font nullfont!
Missing character: There is no 据 ("636E) in font nullfont!
Missing character: There is no 的 ("7684) in font nullfont!
Missing character: There is no 自 ("81EA) in font nullfont!
Missing character: There is no 动 ("52A8) in font nullfont!
Missing character: There is no 获 ("83B7) in font nullfont!
Missing character: There is no 取 ("53D6) in font nullfont!
Missing character: There is no 、 ("3001) in font nullfont!
Missing character: There is no 解 ("89E3) in font nullfont!
Missing character: There is no 析 ("6790) in font nullfont!
Missing character: There is no 建 ("5EFA) in font nullfont!
Missing character: There is no 模 ("6A21) in font nullfont!
Missing character: There is no 以 ("4EE5) in font nullfont!
Missing character: There is no 及 ("53CA) in font nullfont!
Missing character: There is no 对 ("5BF9) in font nullfont!
Missing character: There is no 外 ("5916) in font nullfont!
Missing character: There is no 接 ("63A5) in font nullfont!
Missing character: There is no 口 ("53E3) in font nullfont!
Missing character: There is no 服 ("670D) in font nullfont!
Missing character: There is no 务 ("52A1) in font nullfont!
Missing character: There is no 。 ("3002) in font nullfont!
Missing character: There is no 后 ("540E) in font nullfont!
Missing character: There is no 端 ("7AEF) in font nullfont!
Missing character: There is no 部 ("90E8) in font nullfont!
Missing character: There is no 分 ("5206) in font nullfont!
Missing character: There is no 基 ("57FA) in font nullfont!
Missing character: There is no 于 ("4E8E) in font nullfont!
Missing character: There is no S ("53) in font nullfont!
Missing character: There is no p ("70) in font nullfont!
Missing character: There is no r ("72) in font nullfont!
Missing character: There is no i ("69) in font nullfont!
Missing character: There is no n ("6E) in font nullfont!
Missing character: There is no g ("67) in font nullfont!
Missing character: There is no B ("42) in font nullfont!
Missing character: There is no o ("6F) in font nullfont!
Missing character: There is no o ("6F) in font nullfont!
Missing character: There is no t ("74) in font nullfont!
Missing character: There is no 框 ("6846) in font nullfont!
Missing character: There is no 架 ("67B6) in font nullfont!
Missing character: There is no 实 ("5B9E) in font nullfont!
Missing character: There is no 现 ("73B0) in font nullfont!
Missing character: There is no ， ("FF0C) in font nullfont!
Missing character: There is no 负 ("8D1F) in font nullfont!
Missing character: There is no 责 ("8D23) in font nullfont!
Missing character: There is no 性 ("6027) in font nullfont!
Missing character: There is no 能 ("80FD) in font nullfont!
Missing character: There is no 数 ("6570) in font nullfont!
Missing character: There is no 据 ("636E) in font nullfont!
Missing character: There is no 解 ("89E3) in font nullfont!
Missing character: There is no 析 ("6790) in font nullfont!
Missing character: There is no 、 ("3001) in font nullfont!
Missing character: There is no 业 ("4E1A) in font nullfont!
Missing character: There is no 务 ("52A1) in font nullfont!
Missing character: There is no 逻 ("903B) in font nullfont!
Missing character: There is no 辑 ("8F91) in font nullfont!
Missing character: There is no 处 ("5904) in font nullfont!
Missing character: There is no 理 ("7406) in font nullfont!
Missing character: There is no 以 ("4EE5) in font nullfont!
Missing character: There is no 及 ("53CA) in font nullfont!
Missing character: There is no 接 ("63A5) in font nullfont!
Missing character: There is no 口 ("53E3) in font nullfont!
Missing character: There is no 服 ("670D) in font nullfont!
Missing character: There is no 务 ("52A1) in font nullfont!
Missing character: There is no 等 ("7B49) in font nullfont!
Missing character: There is no 任 ("4EFB) in font nullfont!
Missing character: There is no 务 ("52A1) in font nullfont!
Missing character: There is no 。 ("3002) in font nullfont!
Missing character: There is no 后 ("540E) in font nullfont!
Missing character: There is no 端 ("7AEF) in font nullfont!
Missing character: There is no 在 ("5728) in font nullfont!
Missing character: There is no 启 ("542F) in font nullfont!
Missing character: There is no 动 ("52A8) in font nullfont!
Missing character: There is no 或 ("6216) in font nullfont!
Missing character: There is no 触 ("89E6) in font nullfont!
Missing character: There is no 发 ("53D1) in font nullfont!
Missing character: There is no 定 ("5B9A) in font nullfont!
Missing character: There is no 时 ("65F6) in font nullfont!
Missing character: There is no 任 ("4EFB) in font nullfont!
Missing character: There is no 务 ("52A1) in font nullfont!
Missing character: There is no 时 ("65F6) in font nullfont!
Missing character: There is no ， ("FF0C) in font nullfont!
Missing character: There is no 会 ("4F1A) in font nullfont!
Missing character: There is no 从 ("4ECE) in font nullfont!
Missing character: There is no P ("50) in font nullfont!
Missing character: There is no e ("65) in font nullfont!
Missing character: There is no r ("72) in font nullfont!
Missing character: There is no f ("66) in font nullfont!
Missing character: There is no 仓 ("4ED3) in font nullfont!
Missing character: There is no 库 ("5E93) in font nullfont!
Missing character: There is no 中 ("4E2D) in font nullfont!
Missing character: There is no 拉 ("62C9) in font nullfont!
Missing character: There is no 取 ("53D6) in font nullfont!
Missing character: There is no 测 ("6D4B) in font nullfont!
Missing character: There is no 试 ("8BD5) in font nullfont!
Missing character: There is no 结 ("7ED3) in font nullfont!
Missing character: There is no 果 ("679C) in font nullfont!
Missing character: There is no ， ("FF0C) in font nullfont!
Missing character: There is no 并 ("5E76) in font nullfont!
Missing character: There is no 按 ("6309) in font nullfont!
Missing character: There is no 照 ("7167) in font nullfont!
Missing character: There is no 预 ("9884) in font nullfont!
Missing character: There is no 定 ("5B9A) in font nullfont!
Missing character: There is no 义 ("4E49) in font nullfont!
Missing character: There is no 的 ("7684) in font nullfont!
Missing character: There is no 数 ("6570) in font nullfont!
Missing character: There is no 据 ("636E) in font nullfont!
Missing character: There is no 格 ("683C) in font nullfont!
Missing character: There is no 式 ("5F0F) in font nullfont!
Missing character: There is no 对 ("5BF9) in font nullfont!
Missing character: There is no 原 ("539F) in font nullfont!
Missing character: There is no 始 ("59CB) in font nullfont!
Missing character: There is no J ("4A) in font nullfont!
Missing character: There is no S ("53) in font nullfont!
Missing character: There is no O ("4F) in font nullfont!
Missing character: There is no N ("4E) in font nullfont!
Missing character: There is no 数 ("6570) in font nullfont!
Missing character: There is no 据 ("636E) in font nullfont!
Missing character: There is no 进 ("8FDB) in font nullfont!
Missing character: There is no 行 ("884C) in font nullfont!
Missing character: There is no 解 ("89E3) in font nullfont!
Missing character: There is no 析 ("6790) in font nullfont!
Missing character: There is no 。 ("3002) in font nullfont!
Missing character: There is no 解 ("89E3) in font nullfont!
Missing character: There is no 析 ("6790) in font nullfont!
Missing character: There is no 过 ("8FC7) in font nullfont!
Missing character: There is no 程 ("7A0B) in font nullfont!
Missing character: There is no 中 ("4E2D) in font nullfont!
Missing character: There is no ， ("FF0C) in font nullfont!
Missing character: There is no 后 ("540E) in font nullfont!
Missing character: There is no 端 ("7AEF) in font nullfont!
Missing character: There is no 会 ("4F1A) in font nullfont!
Missing character: There is no 将 ("5C06) in font nullfont!
Missing character: There is no 测 ("6D4B) in font nullfont!
Missing character: There is no 试 ("8BD5) in font nullfont!
Missing character: There is no 环 ("73AF) in font nullfont!
Missing character: There is no 境 ("5883) in font nullfont!
Missing character: There is no 信 ("4FE1) in font nullfont!
Missing character: There is no 息 ("606F) in font nullfont!
Missing character: There is no （ ("FF08) in font nullfont!
Missing character: There is no 如 ("5982) in font nullfont!
Missing character: There is no 目 ("76EE) in font nullfont!
Missing character: There is no 标 ("6807) in font nullfont!
Missing character: There is no 处 ("5904) in font nullfont!
Missing character: There is no 理 ("7406) in font nullfont!
Missing character: There is no 器 ("5668) in font nullfont!
Missing character: There is no 、 ("3001) in font nullfont!
Missing character: There is no 优 ("4F18) in font nullfont!
Missing character: There is no 化 ("5316) in font nullfont!
Missing character: There is no 等 ("7B49) in font nullfont!
Missing character: There is no 级 ("7EA7) in font nullfont!
Missing character: There is no 、 ("3001) in font nullfont!
Missing character: There is no 测 ("6D4B) in font nullfont!
Missing character: There is no 试 ("8BD5) in font nullfont!
Missing character: There is no 平 ("5E73) in font nullfont!
Missing character: There is no 台 ("53F0) in font nullfont!
Missing character: There is no ） ("FF09) in font nullfont!
Missing character: There is no 与 ("4E0E) in font nullfont!
Missing character: There is no 单 ("5355) in font nullfont!
Missing character: There is no 个 ("4E2A) in font nullfont!
Missing character: There is no 测 ("6D4B) in font nullfont!
Missing character: There is no 试 ("8BD5) in font nullfont!
Missing character: There is no 样 ("6837) in font nullfont!
Missing character: There is no 例 ("4F8B) in font nullfont!
Missing character: There is no 的 ("7684) in font nullfont!
Missing character: There is no 性 ("6027) in font nullfont!
Missing character: There is no 能 ("80FD) in font nullfont!
Missing character: There is no 指 ("6307) in font nullfont!
Missing character: There is no 标 ("6807) in font nullfont!
Missing character: There is no 进 ("8FDB) in font nullfont!
Missing character: There is no 行 ("884C) in font nullfont!
Missing character: There is no 关 ("5173) in font nullfont!
Missing character: There is no 联 ("8054) in font nullfont!
Missing character: There is no 建 ("5EFA) in font nullfont!
Missing character: There is no 模 ("6A21) in font nullfont!
Missing character: There is no ， ("FF0C) in font nullfont!
Missing character: There is no 从 ("4ECE) in font nullfont!
Missing character: There is no 而 ("800C) in font nullfont!
Missing character: There is no 形 ("5F62) in font nullfont!
Missing character: There is no 成 ("6210) in font nullfont!
Missing character: There is no 结 ("7ED3) in font nullfont!
Missing character: There is no 构 ("6784) in font nullfont!
Missing character: There is no 化 ("5316) in font nullfont!
Missing character: There is no 的 ("7684) in font nullfont!
Missing character: There is no 数 ("6570) in font nullfont!
Missing character: There is no 据 ("636E) in font nullfont!
Missing character: There is no 对 ("5BF9) in font nullfont!
Missing character: There is no 象 ("8C61) in font nullfont!
Missing character: There is no 。 ("3002) in font nullfont!
Missing character: There is no 这 ("8FD9) in font nullfont!
Missing character: There is no 种 ("79CD) in font nullfont!
Missing character: There is no 建 ("5EFA) in font nullfont!
Missing character: There is no 模 ("6A21) in font nullfont!
Missing character: There is no 方 ("65B9) in font nullfont!
Missing character: There is no 式 ("5F0F) in font nullfont!
Missing character: There is no 使 ("4F7F) in font nullfont!
Missing character: There is no 得 ("5F97) in font nullfont!
Missing character: There is no 不 ("4E0D) in font nullfont!
Missing character: There is no 同 ("540C) in font nullfont!
Missing character: There is no 维 ("7EF4) in font nullfont!
Missing character: There is no 度 ("5EA6) in font nullfont!
Missing character: There is no 的 ("7684) in font nullfont!
Missing character: There is no 性 ("6027) in font nullfont!
Missing character: There is no 能 ("80FD) in font nullfont!
Missing character: There is no 数 ("6570) in font nullfont!
Missing character: There is no 据 ("636E) in font nullfont!
Missing character: There is no 能 ("80FD) in font nullfont!
Missing character: There is no 够 ("591F) in font nullfont!
Missing character: There is no 被 ("88AB) in font nullfont!
Missing character: There is no 统 ("7EDF) in font nullfont!
Missing character: There is no 一 ("4E00) in font nullfont!
Missing character: There is no 管 ("7BA1) in font nullfont!
Missing character: There is no 理 ("7406) in font nullfont!
Missing character: There is no ， ("FF0C) in font nullfont!
Missing character: There is no 为 ("4E3A) in font nullfont!
Missing character: There is no 后 ("540E) in font nullfont!
Missing character: There is no 续 ("7EED) in font nullfont!
Missing character: There is no 的 ("7684) in font nullfont!
Missing character: There is no 多 ("591A) in font nullfont!
Missing character: There is no 条 ("6761) in font nullfont!
Missing character: There is no 件 ("4EF6) in font nullfont!
Missing character: There is no 查 ("67E5) in font nullfont!
Missing character: There is no 询 ("8BE2) in font nullfont!
Missing character: There is no 和 ("548C) in font nullfont!
Missing character: There is no 对 ("5BF9) in font nullfont!
Missing character: There is no 比 ("6BD4) in font nullfont!
Missing character: There is no 分 ("5206) in font nullfont!
Missing character: There is no 析 ("6790) in font nullfont!
Missing character: There is no 提 ("63D0) in font nullfont!
Missing character: There is no 供 ("4F9B) in font nullfont!
Missing character: There is no 基 ("57FA) in font nullfont!
Missing character: There is no 础 ("7840) in font nullfont!
Missing character: There is no 。 ("3002) in font nullfont!

Overfull \hbox (20.0pt too wide) in paragraph at lines 480--482
[]
 []

Missing character: There is no 随 ("968F) in font nullfont!
Missing character: There is no 后 ("540E) in font nullfont!
Missing character: There is no ， ("FF0C) in font nullfont!
Missing character: There is no 这 ("8FD9) in font nullfont!
Missing character: There is no 些 ("4E9B) in font nullfont!
Missing character: There is no 数 ("6570) in font nullfont!
Missing character: There is no 据 ("636E) in font nullfont!
Missing character: There is no 通 ("901A) in font nullfont!
Missing character: There is no 过 ("8FC7) in font nullfont!
Missing character: There is no M ("4D) in font nullfont!
Missing character: There is no y ("79) in font nullfont!
Missing character: There is no B ("42) in font nullfont!
Missing character: There is no a ("61) in font nullfont!
Missing character: There is no t ("74) in font nullfont!
Missing character: There is no i ("69) in font nullfont!
Missing character: There is no s ("73) in font nullfont!
Missing character: There is no 持 ("6301) in font nullfont!
Missing character: There is no 久 ("4E45) in font nullfont!
Missing character: There is no 层 ("5C42) in font nullfont!
Missing character: There is no 框 ("6846) in font nullfont!
Missing character: There is no 架 ("67B6) in font nullfont!
Missing character: There is no 映 ("6620) in font nullfont!
Missing character: There is no 射 ("5C04) in font nullfont!
Missing character: There is no 到 ("5230) in font nullfont!
Missing character: There is no 数 ("6570) in font nullfont!
Missing character: There is no 据 ("636E) in font nullfont!
Missing character: There is no 库 ("5E93) in font nullfont!
Missing character: There is no 表 ("8868) in font nullfont!
Missing character: There is no 结 ("7ED3) in font nullfont!
Missing character: There is no 构 ("6784) in font nullfont!
Missing character: There is no 中 ("4E2D) in font nullfont!
Missing character: There is no ， ("FF0C) in font nullfont!
Missing character: There is no 实 ("5B9E) in font nullfont!
Missing character: There is no 现 ("73B0) in font nullfont!
Missing character: There is no 性 ("6027) in font nullfont!
Missing character: There is no 能 ("80FD) in font nullfont!
Missing character: There is no 数 ("6570) in font nullfont!
Missing character: There is no 据 ("636E) in font nullfont!
Missing character: There is no 的 ("7684) in font nullfont!
Missing character: There is no 持 ("6301) in font nullfont!
Missing character: There is no 久 ("4E45) in font nullfont!
Missing character: There is no 化 ("5316) in font nullfont!
Missing character: There is no 存 ("5B58) in font nullfont!
Missing character: There is no 储 ("50A8) in font nullfont!
Missing character: There is no 。 ("3002) in font nullfont!
Missing character: There is no 为 ("4E3A) in font nullfont!
Missing character: There is no 保 ("4FDD) in font nullfont!
Missing character: There is no 证 ("8BC1) in font nullfont!
Missing character: There is no 在 ("5728) in font nullfont!
Missing character: There is no 多 ("591A) in font nullfont!
Missing character: There is no 用 ("7528) in font nullfont!
Missing character: There is no 户 ("6237) in font nullfont!
Missing character: There is no 查 ("67E5) in font nullfont!
Missing character: There is no 询 ("8BE2) in font nullfont!
Missing character: There is no 或 ("6216) in font nullfont!
Missing character: There is no 批 ("6279) in font nullfont!
Missing character: There is no 量 ("91CF) in font nullfont!
Missing character: There is no 数 ("6570) in font nullfont!
Missing character: There is no 据 ("636E) in font nullfont!
Missing character: There is no 写 ("5199) in font nullfont!
Missing character: There is no 入 ("5165) in font nullfont!
Missing character: There is no 场 ("573A) in font nullfont!
Missing character: There is no 景 ("666F) in font nullfont!
Missing character: There is no 下 ("4E0B) in font nullfont!
Missing character: There is no 系 ("7CFB) in font nullfont!
Missing character: There is no 统 ("7EDF) in font nullfont!
Missing character: There is no 的 ("7684) in font nullfont!
Missing character: There is no 稳 ("7A33) in font nullfont!
Missing character: There is no 定 ("5B9A) in font nullfont!
Missing character: There is no 性 ("6027) in font nullfont!
Missing character: There is no ， ("FF0C) in font nullfont!
Missing character: There is no 后 ("540E) in font nullfont!
Missing character: There is no 端 ("7AEF) in font nullfont!
Missing character: There is no 引 ("5F15) in font nullfont!
Missing character: There is no 入 ("5165) in font nullfont!
Missing character: There is no D ("44) in font nullfont!
Missing character: There is no r ("72) in font nullfont!
Missing character: There is no u ("75) in font nullfont!
Missing character: There is no i ("69) in font nullfont!
Missing character: There is no d ("64) in font nullfont!
Missing character: There is no 数 ("6570) in font nullfont!
Missing character: There is no 据 ("636E) in font nullfont!
Missing character: There is no 库 ("5E93) in font nullfont!
Missing character: There is no 连 ("8FDE) in font nullfont!
Missing character: There is no 接 ("63A5) in font nullfont!
Missing character: There is no 池 ("6C60) in font nullfont!
Missing character: There is no ， ("FF0C) in font nullfont!
Missing character: There is no 对 ("5BF9) in font nullfont!
Missing character: There is no 数 ("6570) in font nullfont!
Missing character: There is no 据 ("636E) in font nullfont!
Missing character: There is no 库 ("5E93) in font nullfont!
Missing character: There is no 连 ("8FDE) in font nullfont!
Missing character: There is no 接 ("63A5) in font nullfont!
Missing character: There is no 进 ("8FDB) in font nullfont!
Missing character: There is no 行 ("884C) in font nullfont!
Missing character: There is no 统 ("7EDF) in font nullfont!
Missing character: There is no 一 ("4E00) in font nullfont!
Missing character: There is no 管 ("7BA1) in font nullfont!
Missing character: There is no 理 ("7406) in font nullfont!
Missing character: There is no 与 ("4E0E) in font nullfont!
Missing character: There is no 复 ("590D) in font nullfont!
Missing character: There is no 用 ("7528) in font nullfont!
Missing character: There is no ， ("FF0C) in font nullfont!
Missing character: There is no 有 ("6709) in font nullfont!
Missing character: There is no 效 ("6548) in font nullfont!
Missing character: There is no 降 ("964D) in font nullfont!
Missing character: There is no 低 ("4F4E) in font nullfont!
Missing character: There is no 了 ("4E86) in font nullfont!
Missing character: There is no 连 ("8FDE) in font nullfont!
Missing character: There is no 接 ("63A5) in font nullfont!
Missing character: There is no 创 ("521B) in font nullfont!
Missing character: There is no 建 ("5EFA) in font nullfont!
Missing character: There is no 和 ("548C) in font nullfont!
Missing character: There is no 释 ("91CA) in font nullfont!
Missing character: There is no 放 ("653E) in font nullfont!
Missing character: There is no 的 ("7684) in font nullfont!
Missing character: There is no 开 ("5F00) in font nullfont!
Missing character: There is no 销 ("9500) in font nullfont!
Missing character: There is no 。 ("3002) in font nullfont!

Overfull \hbox (20.0pt too wide) in paragraph at lines 485--486
[] 
 []

Missing character: There is no 在 ("5728) in font nullfont!
Missing character: There is no 接 ("63A5) in font nullfont!
Missing character: There is no 口 ("53E3) in font nullfont!
Missing character: There is no 设 ("8BBE) in font nullfont!
Missing character: There is no 计 ("8BA1) in font nullfont!
Missing character: There is no 方 ("65B9) in font nullfont!
Missing character: There is no 面 ("9762) in font nullfont!
Missing character: There is no ， ("FF0C) in font nullfont!
Missing character: There is no 后 ("540E) in font nullfont!
Missing character: There is no 端 ("7AEF) in font nullfont!
Missing character: There is no 向 ("5411) in font nullfont!
Missing character: There is no 前 ("524D) in font nullfont!
Missing character: There is no 端 ("7AEF) in font nullfont!
Missing character: There is no 提 ("63D0) in font nullfont!
Missing character: There is no 供 ("4F9B) in font nullfont!
Missing character: There is no 了 ("4E86) in font nullfont!
Missing character: There is no 一 ("4E00) in font nullfont!
Missing character: There is no 组 ("7EC4) in font nullfont!
Missing character: There is no 面 ("9762) in font nullfont!
Missing character: There is no 向 ("5411) in font nullfont!
Missing character: There is no 性 ("6027) in font nullfont!
Missing character: There is no 能 ("80FD) in font nullfont!
Missing character: There is no 分 ("5206) in font nullfont!
Missing character: There is no 析 ("6790) in font nullfont!
Missing character: There is no 任 ("4EFB) in font nullfont!
Missing character: There is no 务 ("52A1) in font nullfont!
Missing character: There is no 的 ("7684) in font nullfont!
Missing character: There is no R ("52) in font nullfont!
Missing character: There is no E ("45) in font nullfont!
Missing character: There is no S ("53) in font nullfont!
Missing character: There is no T ("54) in font nullfont!
Missing character: There is no 接 ("63A5) in font nullfont!
Missing character: There is no 口 ("53E3) in font nullfont!
Missing character: There is no ， ("FF0C) in font nullfont!
Missing character: There is no 包 ("5305) in font nullfont!
Missing character: There is no 括 ("62EC) in font nullfont!
Missing character: There is no 按 ("6309) in font nullfont!
Missing character: There is no 提 ("63D0) in font nullfont!
Missing character: There is no 交 ("4EA4) in font nullfont!
Missing character: There is no 版 ("7248) in font nullfont!
Missing character: There is no 本 ("672C) in font nullfont!
Missing character: There is no 查 ("67E5) in font nullfont!
Missing character: There is no 询 ("8BE2) in font nullfont!
Missing character: There is no 、 ("3001) in font nullfont!
Missing character: There is no 跨 ("8DE8) in font nullfont!
Missing character: There is no 版 ("7248) in font nullfont!
Missing character: There is no 本 ("672C) in font nullfont!
Missing character: There is no 对 ("5BF9) in font nullfont!
Missing character: There is no 比 ("6BD4) in font nullfont!
Missing character: There is no 以 ("4EE5) in font nullfont!
Missing character: There is no 及 ("53CA) in font nullfont!
Missing character: There is no 历 ("5386) in font nullfont!
Missing character: There is no 史 ("53F2) in font nullfont!
Missing character: There is no 趋 ("8D8B) in font nullfont!
Missing character: There is no 势 ("52BF) in font nullfont!
Missing character: There is no 获 ("83B7) in font nullfont!
Missing character: There is no 取 ("53D6) in font nullfont!
Missing character: There is no 等 ("7B49) in font nullfont!
Missing character: There is no 功 ("529F) in font nullfont!
Missing character: There is no 能 ("80FD) in font nullfont!
Missing character: There is no 。 ("3002) in font nullfont!
Missing character: There is no 复 ("590D) in font nullfont!
Missing character: There is no 杂 ("6742) in font nullfont!
Missing character: There is no 的 ("7684) in font nullfont!
Missing character: There is no 数 ("6570) in font nullfont!
Missing character: There is no 据 ("636E) in font nullfont!
Missing character: There is no 筛 ("7B5B) in font nullfont!
Missing character: There is no 选 ("9009) in font nullfont!
Missing character: There is no 与 ("4E0E) in font nullfont!
Missing character: There is no 聚 ("805A) in font nullfont!
Missing character: There is no 合 ("5408) in font nullfont!
Missing character: There is no 逻 ("903B) in font nullfont!
Missing character: There is no 辑 ("8F91) in font nullfont!
Missing character: There is no 均 ("5747) in font nullfont!
Missing character: There is no 在 ("5728) in font nullfont!
Missing character: There is no 后 ("540E) in font nullfont!
Missing character: There is no 端 ("7AEF) in font nullfont!
Missing character: There is no 完 ("5B8C) in font nullfont!
Missing character: There is no 成 ("6210) in font nullfont!
Missing character: There is no ， ("FF0C) in font nullfont!
Missing character: There is no 从 ("4ECE) in font nullfont!
Missing character: There is no 而 ("800C) in font nullfont!
Missing character: There is no 降 ("964D) in font nullfont!
Missing character: There is no 低 ("4F4E) in font nullfont!
Missing character: There is no 前 ("524D) in font nullfont!
Missing character: There is no 端 ("7AEF) in font nullfont!
Missing character: There is no 实 ("5B9E) in font nullfont!
Missing character: There is no 现 ("73B0) in font nullfont!
Missing character: There is no 复 ("590D) in font nullfont!
Missing character: There is no 杂 ("6742) in font nullfont!
Missing character: There is no 度 ("5EA6) in font nullfont!
Missing character: There is no ， ("FF0C) in font nullfont!
Missing character: There is no 提 ("63D0) in font nullfont!
Missing character: There is no 高 ("9AD8) in font nullfont!
Missing character: There is no 系 ("7CFB) in font nullfont!
Missing character: There is no 统 ("7EDF) in font nullfont!
Missing character: There is no 整 ("6574) in font nullfont!
Missing character: There is no 体 ("4F53) in font nullfont!
Missing character: There is no 的 ("7684) in font nullfont!
Missing character: There is no 模 ("6A21) in font nullfont!
Missing character: There is no 块 ("5757) in font nullfont!
Missing character: There is no 化 ("5316) in font nullfont!
Missing character: There is no 程 ("7A0B) in font nullfont!
Missing character: There is no 度 ("5EA6) in font nullfont!
Missing character: There is no 。 ("3002) in font nullfont!
Missing character: There is no 后 ("540E) in font nullfont!
Missing character: There is no 端 ("7AEF) in font nullfont!
Missing character: There is no 业 ("4E1A) in font nullfont!
Missing character: There is no 务 ("52A1) in font nullfont!
Missing character: There is no 逻 ("903B) in font nullfont!
Missing character: There is no 辑 ("8F91) in font nullfont!
Missing character: There is no 层 ("5C42) in font nullfont!
Missing character: There is no 的 ("7684) in font nullfont!
Missing character: There is no 实 ("5B9E) in font nullfont!
Missing character: There is no 际 ("9645) in font nullfont!
Missing character: There is no 实 ("5B9E) in font nullfont!
Missing character: There is no 现 ("73B0) in font nullfont!
Missing character: There is no 架 ("67B6) in font nullfont!
Missing character: There is no 构 ("6784) in font nullfont!
Missing character: There is no 及 ("53CA) in font nullfont!
Missing character: There is no 核 ("6838) in font nullfont!
Missing character: There is no 心 ("5FC3) in font nullfont!
Missing character: There is no 组 ("7EC4) in font nullfont!
Missing character: There is no 件 ("4EF6) in font nullfont!
Missing character: There is no 的 ("7684) in font nullfont!
Missing character: There is no 调 ("8C03) in font nullfont!
Missing character: There is no 用 ("7528) in font nullfont!
Missing character: There is no 关 ("5173) in font nullfont!
Missing character: There is no 系 ("7CFB) in font nullfont!
Missing character: There is no 如 ("5982) in font nullfont!
Missing character: There is no 图 ("56FE) in font nullfont!
! Undefined control sequence.
<write> ...ce `fig:backend_impl' on page \thepage 
                                                  \space undefined\on@line .^^J
l.489 ...的实际实现架构及核心组件的调用关系如图\ref{fig:backend_impl}
                                                  所示。
The control sequence at the end of the top line
of your error message was never \def'ed. If you have
misspelled it (e.g., `\hobx'), type `I' and the correct
spelling (e.g., `I\hbox'). Otherwise just continue,
and I'll forget about whatever was undefined.


LaTeX Warning: Reference `fig:backend_impl' on page  undefined on input line 48
9.

Missing character: There is no 所 ("6240) in font nullfont!
Missing character: There is no 示 ("793A) in font nullfont!
Missing character: There is no 。 ("3002) in font nullfont!

Overfull \hbox (30.86pt too wide) in paragraph at lines 489--490
[][] 
 []


! LaTeX Error: Environment figure undefined.

See the LaTeX manual or LaTeX Companion for explanation.
Type  H <return>  for immediate help.
 ...                                              
                                                  
l.491 \begin{figure}
                    [htbp]
Your command was ignored.
Type  I <command> <return>  to replace it with another command,
or  <return>  to continue without it.

Missing character: There is no [ ("5B) in font nullfont!
Missing character: There is no h ("68) in font nullfont!
Missing character: There is no t ("74) in font nullfont!
Missing character: There is no b ("62) in font nullfont!
Missing character: There is no p ("70) in font nullfont!
Missing character: There is no ] ("5D) in font nullfont!
! Undefined control sequence.
l.493 ^^I\includegraphics
                         [width=0.95\textwidth]{pics/backend_impl.jpg}
The control sequence at the end of the top line
of your error message was never \def'ed. If you have
misspelled it (e.g., `\hobx'), type `I' and the correct
spelling (e.g., `I\hbox'). Otherwise just continue,
and I'll forget about whatever was undefined.

Missing character: There is no [ ("5B) in font nullfont!
Missing character: There is no w ("77) in font nullfont!
Missing character: There is no i ("69) in font nullfont!
Missing character: There is no d ("64) in font nullfont!
Missing character: There is no t ("74) in font nullfont!
Missing character: There is no h ("68) in font nullfont!
Missing character: There is no = ("3D) in font nullfont!
Missing character: There is no 0 ("30) in font nullfont!
Missing character: There is no . ("2E) in font nullfont!
Missing character: There is no 9 ("39) in font nullfont!
Missing character: There is no 5 ("35) in font nullfont!
! Missing number, treated as zero.
<to be read again> 
                   ]
l.493 ^^I\includegraphics[width=0.95\textwidth]
                                               {pics/backend_impl.jpg}
A number should have been here; I inserted `0'.
(If you can't figure out why I needed to see a number,
look up `weird error' in the index to The TeXbook.)

! Illegal unit of measure (pt inserted).
<to be read again> 
                   ]
l.493 ^^I\includegraphics[width=0.95\textwidth]
                                               {pics/backend_impl.jpg}
Dimensions can be in units of em, ex, in, pt, pc,
cm, mm, dd, cc, bp, or sp; but yours is a new one!
I'll assume that you meant to say pt, for printer's points.
To recover gracefully from this error, it's best to
delete the erroneous units; e.g., type `2' to delete
two letters. (See Chapter 27 of The TeXbook.)

Missing character: There is no ] ("5D) in font nullfont!
Missing character: There is no p ("70) in font nullfont!
Missing character: There is no i ("69) in font nullfont!
Missing character: There is no c ("63) in font nullfont!
Missing character: There is no s ("73) in font nullfont!
Missing character: There is no / ("2F) in font nullfont!
Missing character: There is no b ("62) in font nullfont!
Missing character: There is no a ("61) in font nullfont!
Missing character: There is no c ("63) in font nullfont!
Missing character: There is no k ("6B) in font nullfont!
Missing character: There is no e ("65) in font nullfont!
Missing character: There is no n ("6E) in font nullfont!
Missing character: There is no d ("64) in font nullfont!
! Missing $ inserted.
<inserted text> 
                $
l.493 ...phics[width=0.95\textwidth]{pics/backend_
                                                  impl.jpg}
I've inserted a begin-math/end-math symbol since I think
you left one out. Proceed, with fingers crossed.

! Extra }, or forgotten $.
l.493 ...th=0.95\textwidth]{pics/backend_impl.jpg}
                                                  
I've deleted a group-closing symbol because it seems to be
spurious, as in `$x}$'. But perhaps the } is legitimate and
you forgot something else, as in `\hbox{$x}'. In such cases
the way to recover is to insert both the forgotten and the
deleted material, e.g., by typing `I$}'.


! LaTeX Error: \caption outside float.

See the LaTeX manual or LaTeX Companion for explanation.
Type  H <return>  for immediate help.
 ...                                              
                                                  
l.494 ^^I\caption
                 {后端业务逻辑层实现架构图}
You're in trouble here.  Try typing  <return>  to proceed.
If that doesn't work, type  X <return>  to quit.


! LaTeX Error: \begin{document} ended by \end{figure}.

See the LaTeX manual or LaTeX Companion for explanation.
Type  H <return>  for immediate help.
 ...                                              
                                                  
l.496 \end{figure}
                  
Your command was ignored.
Type  I <command> <return>  to replace it with another command,
or  <return>  to continue without it.

! Missing $ inserted.
<inserted text> 
                $
l.496 \end{figure}
                  
I've inserted something that you may have forgotten.
(See the <inserted text> above.)
With luck, this will get me unwedged. But if you
really didn't forget anything, try typing `2' now; then
my insertion and my current dilemma will both disappear.

Missing character: There is no 后 ("540E) in font cmr10!
Missing character: There is no 端 ("7AEF) in font cmr10!
Missing character: There is no 业 ("4E1A) in font cmr10!
Missing character: There is no 务 ("52A1) in font cmr10!
Missing character: There is no 逻 ("903B) in font cmr10!
Missing character: There is no 辑 ("8F91) in font cmr10!
Missing character: There is no 层 ("5C42) in font cmr10!
Missing character: There is no 实 ("5B9E) in font cmr10!
Missing character: There is no 现 ("73B0) in font cmr10!
Missing character: There is no 架 ("67B6) in font cmr10!
Missing character: There is no 构 ("6784) in font cmr10!
Missing character: There is no 图 ("56FE) in font cmr10!
! Missing } inserted.
<inserted text> 
                }
l.496 \end{figure}
                  
I've inserted something that you may have forgotten.
(See the <inserted text> above.)
With luck, this will get me unwedged. But if you
really didn't forget anything, try typing `2' now; then
my insertion and my current dilemma will both disappear.


Overfull \hbox (20.0pt too wide) in paragraph at lines 491--497
[]
 []


Overfull \hbox (37.94923pt too wide) in paragraph at lines 491--497
[]\OML/cmm/m/it/10 mpl:jpg[][]$ 
 []

! Undefined control sequence.
l.499 \subsubsection
                    {3.数据存储层的实现}
The control sequence at the end of the top line
of your error message was never \def'ed. If you have
misspelled it (e.g., `\hobx'), type `I' and the correct
spelling (e.g., `I\hbox'). Otherwise just continue,
and I'll forget about whatever was undefined.

Missing character: There is no 3 ("33) in font nullfont!
Missing character: There is no . ("2E) in font nullfont!
Missing character: There is no 数 ("6570) in font nullfont!
Missing character: There is no 据 ("636E) in font nullfont!
Missing character: There is no 存 ("5B58) in font nullfont!
Missing character: There is no 储 ("50A8) in font nullfont!
Missing character: There is no 层 ("5C42) in font nullfont!
Missing character: There is no 的 ("7684) in font nullfont!
Missing character: There is no 实 ("5B9E) in font nullfont!
Missing character: There is no 现 ("73B0) in font nullfont!
Missing character: There is no 数 ("6570) in font nullfont!
Missing character: There is no 据 ("636E) in font nullfont!
Missing character: There is no 存 ("5B58) in font nullfont!
Missing character: There is no 储 ("50A8) in font nullfont!
Missing character: There is no 层 ("5C42) in font nullfont!
Missing character: There is no 的 ("7684) in font nullfont!
Missing character: There is no 作 ("4F5C) in font nullfont!
Missing character: There is no 用 ("7528) in font nullfont!
Missing character: There is no 是 ("662F) in font nullfont!
Missing character: There is no 对 ("5BF9) in font nullfont!
Missing character: There is no 业 ("4E1A) in font nullfont!
Missing character: There is no 务 ("52A1) in font nullfont!
Missing character: There is no 逻 ("903B) in font nullfont!
Missing character: There is no 辑 ("8F91) in font nullfont!
Missing character: There is no 层 ("5C42) in font nullfont!
Missing character: There is no 处 ("5904) in font nullfont!
Missing character: There is no 理 ("7406) in font nullfont!
Missing character: There is no 后 ("540E) in font nullfont!
Missing character: There is no 的 ("7684) in font nullfont!
Missing character: There is no 性 ("6027) in font nullfont!
Missing character: There is no 能 ("80FD) in font nullfont!
Missing character: There is no 报 ("62A5) in font nullfont!
Missing character: There is no 告 ("544A) in font nullfont!
Missing character: There is no 进 ("8FDB) in font nullfont!
Missing character: There is no 行 ("884C) in font nullfont!
Missing character: There is no 持 ("6301) in font nullfont!
Missing character: There is no 久 ("4E45) in font nullfont!
Missing character: There is no 化 ("5316) in font nullfont!
Missing character: There is no 存 ("5B58) in font nullfont!
Missing character: There is no 储 ("50A8) in font nullfont!
Missing character: There is no ， ("FF0C) in font nullfont!
Missing character: There is no 为 ("4E3A) in font nullfont!
Missing character: There is no 了 ("4E86) in font nullfont!
Missing character: There is no 实 ("5B9E) in font nullfont!
Missing character: There is no 现 ("73B0) in font nullfont!
Missing character: There is no 更 ("66F4) in font nullfont!
Missing character: There is no 高 ("9AD8) in font nullfont!
Missing character: There is no 效 ("6548) in font nullfont!
Missing character: There is no 的 ("7684) in font nullfont!
Missing character: There is no 查 ("67E5) in font nullfont!
Missing character: There is no 询 ("8BE2) in font nullfont!
Missing character: There is no ， ("FF0C) in font nullfont!
Missing character: There is no 本 ("672C) in font nullfont!
Missing character: There is no 文 ("6587) in font nullfont!
Missing character: There is no 采 ("91C7) in font nullfont!
Missing character: There is no 用 ("7528) in font nullfont!
Missing character: There is no M ("4D) in font nullfont!
Missing character: There is no y ("79) in font nullfont!
Missing character: There is no s ("73) in font nullfont!
Missing character: There is no q ("71) in font nullfont!
Missing character: There is no l ("6C) in font nullfont!
Missing character: There is no 关 ("5173) in font nullfont!
Missing character: There is no 系 ("7CFB) in font nullfont!
Missing character: There is no 型 ("578B) in font nullfont!
Missing character: There is no 数 ("6570) in font nullfont!
Missing character: There is no 据 ("636E) in font nullfont!
Missing character: There is no 库 ("5E93) in font nullfont!
Missing character: There is no 来 ("6765) in font nullfont!
Missing character: There is no 作 ("4F5C) in font nullfont!
Missing character: There is no 为 ("4E3A) in font nullfont!
Missing character: There is no 核 ("6838) in font nullfont!
Missing character: There is no 心 ("5FC3) in font nullfont!
Missing character: There is no 存 ("5B58) in font nullfont!
Missing character: There is no 储 ("50A8) in font nullfont!
Missing character: There is no 引 ("5F15) in font nullfont!
Missing character: There is no 擎 ("64CE) in font nullfont!
Missing character: There is no 。 ("3002) in font nullfont!
Missing character: There is no 同 ("540C) in font nullfont!
Missing character: There is no 时 ("65F6) in font nullfont!
Missing character: There is no 考 ("8003) in font nullfont!
Missing character: There is no 虑 ("8651) in font nullfont!
Missing character: There is no 到 ("5230) in font nullfont!
Missing character: There is no 性 ("6027) in font nullfont!
Missing character: There is no 能 ("80FD) in font nullfont!
Missing character: There is no 测 ("6D4B) in font nullfont!
Missing character: There is no 试 ("8BD5) in font nullfont!
Missing character: There is no 报 ("62A5) in font nullfont!
Missing character: There is no 告 ("544A) in font nullfont!
Missing character: There is no 会 ("4F1A) in font nullfont!
Missing character: There is no 随 ("968F) in font nullfont!
Missing character: There is no 着 ("7740) in font nullfont!
Missing character: There is no 工 ("5DE5) in font nullfont!
Missing character: There is no 具 ("5177) in font nullfont!
Missing character: There is no 链 ("94FE) in font nullfont!
Missing character: There is no 的 ("7684) in font nullfont!
Missing character: There is no 持 ("6301) in font nullfont!
Missing character: There is no 续 ("7EED) in font nullfont!
Missing character: There is no 迭 ("8FED) in font nullfont!
Missing character: There is no 代 ("4EE3) in font nullfont!
Missing character: There is no 不 ("4E0D) in font nullfont!
Missing character: There is no 断 ("65AD) in font nullfont!
Missing character: There is no 积 ("79EF) in font nullfont!
Missing character: There is no 累 ("7D2F) in font nullfont!
Missing character: There is no ， ("FF0C) in font nullfont!
Missing character: There is no 在 ("5728) in font nullfont!
Missing character: There is no 设 ("8BBE) in font nullfont!
Missing character: There is no 计 ("8BA1) in font nullfont!
Missing character: There is no 数 ("6570) in font nullfont!
Missing character: There is no 据 ("636E) in font nullfont!
Missing character: There is no 库 ("5E93) in font nullfont!
Missing character: There is no 时 ("65F6) in font nullfont!
Missing character: There is no ， ("FF0C) in font nullfont!
Missing character: There is no 对 ("5BF9) in font nullfont!
Missing character: There is no 常 ("5E38) in font nullfont!
Missing character: There is no 用 ("7528) in font nullfont!
Missing character: There is no 查 ("67E5) in font nullfont!
Missing character: There is no 询 ("8BE2) in font nullfont!
Missing character: There is no 维 ("7EF4) in font nullfont!
Missing character: There is no 度 ("5EA6) in font nullfont!
Missing character: There is no 建 ("5EFA) in font nullfont!
Missing character: There is no 立 ("7ACB) in font nullfont!
Missing character: There is no 索 ("7D22) in font nullfont!
Missing character: There is no 引 ("5F15) in font nullfont!
Missing character: There is no ， ("FF0C) in font nullfont!
Missing character: There is no 以 ("4EE5) in font nullfont!
Missing character: There is no 提 ("63D0) in font nullfont!
Missing character: There is no 升 ("5347) in font nullfont!
Missing character: There is no 历 ("5386) in font nullfont!
Missing character: There is no 史 ("53F2) in font nullfont!
Missing character: There is no 数 ("6570) in font nullfont!
Missing character: There is no 据 ("636E) in font nullfont!
Missing character: There is no 查 ("67E5) in font nullfont!
Missing character: There is no 询 ("8BE2) in font nullfont!
Missing character: There is no 和 ("548C) in font nullfont!
Missing character: There is no 对 ("5BF9) in font nullfont!
Missing character: There is no 比 ("6BD4) in font nullfont!
Missing character: There is no 分 ("5206) in font nullfont!
Missing character: There is no 析 ("6790) in font nullfont!
Missing character: There is no 的 ("7684) in font nullfont!
Missing character: There is no 效 ("6548) in font nullfont!
Missing character: There is no 率 ("7387) in font nullfont!
Missing character: There is no 。 ("3002) in font nullfont!
Missing character: There is no 该 ("8BE5) in font nullfont!
Missing character: There is no 数 ("6570) in font nullfont!
Missing character: There is no 据 ("636E) in font nullfont!
Missing character: There is no 存 ("5B58) in font nullfont!
Missing character: There is no 储 ("50A8) in font nullfont!
Missing character: There is no 机 ("673A) in font nullfont!
Missing character: There is no 制 ("5236) in font nullfont!
Missing character: There is no 为 ("4E3A) in font nullfont!
Missing character: There is no 评 ("8BC4) in font nullfont!
Missing character: There is no 估 ("4F30) in font nullfont!
Missing character: There is no 子 ("5B50) in font nullfont!
Missing character: There is no 系 ("7CFB) in font nullfont!
Missing character: There is no 统 ("7EDF) in font nullfont!
Missing character: There is no 提 ("63D0) in font nullfont!
Missing character: There is no 供 ("4F9B) in font nullfont!
Missing character: There is no 了 ("4E86) in font nullfont!
Missing character: There is no 稳 ("7A33) in font nullfont!
Missing character: There is no 定 ("5B9A) in font nullfont!
Missing character: There is no 、 ("3001) in font nullfont!
Missing character: There is no 可 ("53EF) in font nullfont!
Missing character: There is no 扩 ("6269) in font nullfont!
Missing character: There is no 展 ("5C55) in font nullfont!
Missing character: There is no 的 ("7684) in font nullfont!
Missing character: There is no 数 ("6570) in font nullfont!
Missing character: There is no 据 ("636E) in font nullfont!
Missing character: There is no 基 ("57FA) in font nullfont!
Missing character: There is no 础 ("7840) in font nullfont!
Missing character: There is no ， ("FF0C) in font nullfont!
Missing character: There is no 有 ("6709) in font nullfont!
Missing character: There is no 效 ("6548) in font nullfont!
Missing character: There is no 支 ("652F) in font nullfont!
Missing character: There is no 撑 ("6491) in font nullfont!
Missing character: There is no 了 ("4E86) in font nullfont!
Missing character: There is no 后 ("540E) in font nullfont!
Missing character: There is no 续 ("7EED) in font nullfont!
Missing character: There is no 章 ("7AE0) in font nullfont!
Missing character: There is no 节 ("8282) in font nullfont!
Missing character: There is no 中 ("4E2D) in font nullfont!
Missing character: There is no 针 ("9488) in font nullfont!
Missing character: There is no 对 ("5BF9) in font nullfont!
Missing character: There is no 全 ("5168) in font nullfont!
Missing character: There is no 局 ("5C40) in font nullfont!
Missing character: There is no 指 ("6307) in font nullfont!
Missing character: There is no 令 ("4EE4) in font nullfont!
Missing character: There is no 选 ("9009) in font nullfont!
Missing character: There is no 择 ("62E9) in font nullfont!
Missing character: There is no 性 ("6027) in font nullfont!
Missing character: There is no 能 ("80FD) in font nullfont!
Missing character: There is no 影 ("5F71) in font nullfont!
Missing character: There is no 响 ("54CD) in font nullfont!
Missing character: There is no 的 ("7684) in font nullfont!
Missing character: There is no 实 ("5B9E) in font nullfont!
Missing character: There is no 验 ("9A8C) in font nullfont!
Missing character: There is no 分 ("5206) in font nullfont!
Missing character: There is no 析 ("6790) in font nullfont!
Missing character: There is no 。 ("3002) in font nullfont!
Missing character: There is no 以 ("4EE5) in font nullfont!
Missing character: There is no r ("72) in font nullfont!
Missing character: There is no e ("65) in font nullfont!
Missing character: There is no c ("63) in font nullfont!
Missing character: There is no o ("6F) in font nullfont!
Missing character: There is no r ("72) in font nullfont!
Missing character: There is no d ("64) in font nullfont!
Missing character: There is no 表 ("8868) in font nullfont!
Missing character: There is no 为 ("4E3A) in font nullfont!
Missing character: There is no 例 ("4F8B) in font nullfont!
Missing character: There is no ， ("FF0C) in font nullfont!
Missing character: There is no 表 ("8868) in font nullfont!
! Undefined control sequence.
<write> ...e `tab:record_struct' on page \thepage 
                                                  \space undefined\on@line .^^J
l.500 ...的实验分析。以record表为例，表\ref{tab:record_struct}
                                                  对record表的核心字段、数据类型、约束规则及索引...
The control sequence at the end of the top line
of your error message was never \def'ed. If you have
misspelled it (e.g., `\hobx'), type `I' and the correct
spelling (e.g., `I\hbox'). Otherwise just continue,
and I'll forget about whatever was undefined.


LaTeX Warning: Reference `tab:record_struct' on page  undefined on input line 5
00.

Missing character: There is no 对 ("5BF9) in font nullfont!
Missing character: There is no r ("72) in font nullfont!
Missing character: There is no e ("65) in font nullfont!
Missing character: There is no c ("63) in font nullfont!
Missing character: There is no o ("6F) in font nullfont!
Missing character: There is no r ("72) in font nullfont!
Missing character: There is no d ("64) in font nullfont!
Missing character: There is no 表 ("8868) in font nullfont!
Missing character: There is no 的 ("7684) in font nullfont!
Missing character: There is no 核 ("6838) in font nullfont!
Missing character: There is no 心 ("5FC3) in font nullfont!
Missing character: There is no 字 ("5B57) in font nullfont!
Missing character: There is no 段 ("6BB5) in font nullfont!
Missing character: There is no 、 ("3001) in font nullfont!
Missing character: There is no 数 ("6570) in font nullfont!
Missing character: There is no 据 ("636E) in font nullfont!
Missing character: There is no 类 ("7C7B) in font nullfont!
Missing character: There is no 型 ("578B) in font nullfont!
Missing character: There is no 、 ("3001) in font nullfont!
Missing character: There is no 约 ("7EA6) in font nullfont!
Missing character: There is no 束 ("675F) in font nullfont!
Missing character: There is no 规 ("89C4) in font nullfont!
Missing character: There is no 则 ("5219) in font nullfont!
Missing character: There is no 及 ("53CA) in font nullfont!
Missing character: There is no 索 ("7D22) in font nullfont!
Missing character: There is no 引 ("5F15) in font nullfont!
Missing character: There is no 设 ("8BBE) in font nullfont!
Missing character: There is no 计 ("8BA1) in font nullfont!
Missing character: There is no 进 ("8FDB) in font nullfont!
Missing character: There is no 行 ("884C) in font nullfont!
Missing character: There is no 了 ("4E86) in font nullfont!
Missing character: There is no 详 ("8BE6) in font nullfont!
Missing character: There is no 细 ("7EC6) in font nullfont!
Missing character: There is no 说 ("8BF4) in font nullfont!
Missing character: There is no 明 ("660E) in font nullfont!
Missing character: There is no 。 ("3002) in font nullfont!

Overfull \hbox (20.0pt too wide) in paragraph at lines 499--501
[]
 []


Overfull \hbox (10.86pt too wide) in paragraph at lines 499--501
[] 
 []


! LaTeX Error: Environment table undefined.

See the LaTeX manual or LaTeX Companion for explanation.
Type  H <return>  for immediate help.
 ...                                              
                                                  
l.502 \begin{table}
                   [htbp]
Your command was ignored.
Type  I <command> <return>  to replace it with another command,
or  <return>  to continue without it.

Missing character: There is no [ ("5B) in font nullfont!
Missing character: There is no h ("68) in font nullfont!
Missing character: There is no t ("74) in font nullfont!
Missing character: There is no b ("62) in font nullfont!
Missing character: There is no p ("70) in font nullfont!
Missing character: There is no ] ("5D) in font nullfont!

! LaTeX Error: \caption outside float.

See the LaTeX manual or LaTeX Companion for explanation.
Type  H <return>  for immediate help.
 ...                                              
                                                  
l.504 ^^I\caption
                 {record表结构与索引设计}
You're in trouble here.  Try typing  <return>  to proceed.
If that doesn't work, type  X <return>  to quit.

Missing character: There is no r ("72) in font nullfont!
Missing character: There is no e ("65) in font nullfont!
Missing character: There is no c ("63) in font nullfont!
Missing character: There is no o ("6F) in font nullfont!
Missing character: There is no r ("72) in font nullfont!
Missing character: There is no d ("64) in font nullfont!
Missing character: There is no 表 ("8868) in font nullfont!
Missing character: There is no 结 ("7ED3) in font nullfont!
Missing character: There is no 构 ("6784) in font nullfont!
Missing character: There is no 与 ("4E0E) in font nullfont!
Missing character: There is no 索 ("7D22) in font nullfont!
Missing character: There is no 引 ("5F15) in font nullfont!
Missing character: There is no 设 ("8BBE) in font nullfont!
Missing character: There is no 计 ("8BA1) in font nullfont!

Overfull \hbox (20.0pt too wide) in paragraph at lines 502--506
 [] 
 []

! Undefined control sequence.
l.508 ^^I{\footnotesize
                       
The control sequence at the end of the top line
of your error message was never \def'ed. If you have
misspelled it (e.g., `\hobx'), type `I' and the correct
spelling (e.g., `I\hbox'). Otherwise just continue,
and I'll forget about whatever was undefined.


! LaTeX Error: Environment tabularx undefined.

See the LaTeX manual or LaTeX Companion for explanation.
Type  H <return>  for immediate help.
 ...                                              
                                                  
l.509 ^^I^^I\begin{tabularx}
                            {\linewidth}{
Your command was ignored.
Type  I <command> <return>  to replace it with another command,
or  <return>  to continue without it.

! Missing number, treated as zero.
<to be read again> 
                   }
l.509 ^^I^^I\begin{tabularx}{\linewidth}
                                        {
A number should have been here; I inserted `0'.
(If you can't figure out why I needed to see a number,
look up `weird error' in the index to The TeXbook.)

! Illegal unit of measure (pt inserted).
<to be read again> 
                   }
l.509 ^^I^^I\begin{tabularx}{\linewidth}
                                        {
Dimensions can be in units of em, ex, in, pt, pc,
cm, mm, dd, cc, bp, or sp; but yours is a new one!
I'll assume that you meant to say pt, for printer's points.
To recover gracefully from this error, it's best to
delete the erroneous units; e.g., type `2' to delete
two letters. (See Chapter 27 of The TeXbook.)

Missing character: There is no > ("3E) in font nullfont!
! Undefined control sequence.
l.510 ^^I^^I^^I^^I>{\raggedright\arraybackslash
                                               }m{1cm}
The control sequence at the end of the top line
of your error message was never \def'ed. If you have
misspelled it (e.g., `\hobx'), type `I' and the correct
spelling (e.g., `I\hbox'). Otherwise just continue,
and I'll forget about whatever was undefined.

Missing character: There is no m ("6D) in font nullfont!
Missing character: There is no 1 ("31) in font nullfont!
Missing character: There is no c ("63) in font nullfont!
Missing character: There is no m ("6D) in font nullfont!
Missing character: There is no > ("3E) in font nullfont!
! Undefined control sequence.
l.511 ^^I^^I^^I^^I>{\centering\arraybackslash
                                             }X
The control sequence at the end of the top line
of your error message was never \def'ed. If you have
misspelled it (e.g., `\hobx'), type `I' and the correct
spelling (e.g., `I\hbox'). Otherwise just continue,
and I'll forget about whatever was undefined.

Missing character: There is no X ("58) in font nullfont!
Missing character: There is no > ("3E) in font nullfont!
! Undefined control sequence.
l.512 ^^I^^I^^I^^I>{\centering\arraybackslash
                                             }X
The control sequence at the end of the top line
of your error message was never \def'ed. If you have
misspelled it (e.g., `\hobx'), type `I' and the correct
spelling (e.g., `I\hbox'). Otherwise just continue,
and I'll forget about whatever was undefined.

Missing character: There is no X ("58) in font nullfont!
Missing character: There is no > ("3E) in font nullfont!
! Undefined control sequence.
l.513 ^^I^^I^^I^^I>{\centering\arraybackslash
                                             }X
The control sequence at the end of the top line
of your error message was never \def'ed. If you have
misspelled it (e.g., `\hobx'), type `I' and the correct
spelling (e.g., `I\hbox'). Otherwise just continue,
and I'll forget about whatever was undefined.

Missing character: There is no X ("58) in font nullfont!
! Undefined control sequence.
l.515 ^^I^^I^^I\toprule
                       
The control sequence at the end of the top line
of your error message was never \def'ed. If you have
misspelled it (e.g., `\hobx'), type `I' and the correct
spelling (e.g., `I\hbox'). Otherwise just continue,
and I'll forget about whatever was undefined.

Missing character: There is no 字 (U+5B57) in font [lmroman10-bold]:mapping=tex-
text;!
Missing character: There is no 段 (U+6BB5) in font [lmroman10-bold]:mapping=tex-
text;!
Missing character: There is no 名 (U+540D) in font [lmroman10-bold]:mapping=tex-
text;!
! Misplaced alignment tab character &.
l.516 ^^I^^I^^I\textbf{字段名} &
                              \textbf{数据类型} & \textbf{约束} & \textbf{说明} \\
I can't figure out why you would want to use a tab mark
here. If you just want an ampersand, the remedy is
simple: Just type `I\&' now. But if some right brace
up above has ended a previous alignment prematurely,
you're probably due for more error messages, and you
might try typing `S' now just to see what is salvageable.

Missing character: There is no 数 (U+6570) in font [lmroman10-bold]:mapping=tex-
text;!
Missing character: There is no 据 (U+636E) in font [lmroman10-bold]:mapping=tex-
text;!
Missing character: There is no 类 (U+7C7B) in font [lmroman10-bold]:mapping=tex-
text;!
Missing character: There is no 型 (U+578B) in font [lmroman10-bold]:mapping=tex-
text;!
! Misplaced alignment tab character &.
l.516 ^^I^^I^^I\textbf{字段名} & \textbf{数据类型} &
                                              \textbf{约束} & \textbf{说明} \\
I can't figure out why you would want to use a tab mark
here. If you just want an ampersand, the remedy is
simple: Just type `I\&' now. But if some right brace
up above has ended a previous alignment prematurely,
you're probably due for more error messages, and you
might try typing `S' now just to see what is salvageable.

Missing character: There is no 约 (U+7EA6) in font [lmroman10-bold]:mapping=tex-
text;!
Missing character: There is no 束 (U+675F) in font [lmroman10-bold]:mapping=tex-
text;!
! Misplaced alignment tab character &.
l.516 ...xtbf{字段名} & \textbf{数据类型} & \textbf{约束} &
                                                   \textbf{说明} \\
I can't figure out why you would want to use a tab mark
here. If you just want an ampersand, the remedy is
simple: Just type `I\&' now. But if some right brace
up above has ended a previous alignment prematurely,
you're probably due for more error messages, and you
might try typing `S' now just to see what is salvageable.

Missing character: There is no 说 (U+8BF4) in font [lmroman10-bold]:mapping=tex-
text;!
Missing character: There is no 明 (U+660E) in font [lmroman10-bold]:mapping=tex-
text;!

Overfull \hbox (8.4pt too wide) in paragraph at lines 510--516
 \TU/lmr/bx/n/10 字段名 
 []


Overfull \hbox (11.2pt too wide) in paragraph at lines 510--516
 \TU/lmr/bx/n/10 数据类型 
 []


Overfull \hbox (5.6pt too wide) in paragraph at lines 510--516
 \TU/lmr/bx/n/10 约束 
 []


Overfull \hbox (5.6pt too wide) in paragraph at lines 510--516
 \TU/lmr/bx/n/10 说明 
 []

! Undefined control sequence.
<recently read> \midrule 
                         
l.517 ^^I^^I^^I\midrule
                       
The control sequence at the end of the top line
of your error message was never \def'ed. If you have
misspelled it (e.g., `\hobx'), type `I' and the correct
spelling (e.g., `I\hbox'). Otherwise just continue,
and I'll forget about whatever was undefined.

Missing character: There is no i ("69) in font nullfont!
Missing character: There is no d ("64) in font nullfont!
! Misplaced alignment tab character &.
l.518 ^^I^^I^^Iid &
                    varchar(64) & NOT NULL, PK & 测试记录主键 \\
I can't figure out why you would want to use a tab mark
here. If you just want an ampersand, the remedy is
simple: Just type `I\&' now. But if some right brace
up above has ended a previous alignment prematurely,
you're probably due for more error messages, and you
might try typing `S' now just to see what is salvageable.

Missing character: There is no v ("76) in font nullfont!
Missing character: There is no a ("61) in font nullfont!
Missing character: There is no r ("72) in font nullfont!
Missing character: There is no c ("63) in font nullfont!
Missing character: There is no h ("68) in font nullfont!
Missing character: There is no a ("61) in font nullfont!
Missing character: There is no r ("72) in font nullfont!
Missing character: There is no ( ("28) in font nullfont!
Missing character: There is no 6 ("36) in font nullfont!
Missing character: There is no 4 ("34) in font nullfont!
Missing character: There is no ) ("29) in font nullfont!
! Misplaced alignment tab character &.
l.518 ^^I^^I^^Iid & varchar(64) &
                                  NOT NULL, PK & 测试记录主键 \\
I can't figure out why you would want to use a tab mark
here. If you just want an ampersand, the remedy is
simple: Just type `I\&' now. But if some right brace
up above has ended a previous alignment prematurely,
you're probably due for more error messages, and you
might try typing `S' now just to see what is salvageable.

Missing character: There is no N ("4E) in font nullfont!
Missing character: There is no O ("4F) in font nullfont!
Missing character: There is no T ("54) in font nullfont!
Missing character: There is no N ("4E) in font nullfont!
Missing character: There is no U ("55) in font nullfont!
Missing character: There is no L ("4C) in font nullfont!
Missing character: There is no L ("4C) in font nullfont!
Missing character: There is no , ("2C) in font nullfont!
Missing character: There is no P ("50) in font nullfont!
Missing character: There is no K ("4B) in font nullfont!
! Misplaced alignment tab character &.
l.518 ^^I^^I^^Iid & varchar(64) & NOT NULL, PK &
                                                 测试记录主键 \\
I can't figure out why you would want to use a tab mark
here. If you just want an ampersand, the remedy is
simple: Just type `I\&' now. But if some right brace
up above has ended a previous alignment prematurely,
you're probably due for more error messages, and you
might try typing `S' now just to see what is salvageable.

Missing character: There is no 测 ("6D4B) in font nullfont!
Missing character: There is no 试 ("8BD5) in font nullfont!
Missing character: There is no 记 ("8BB0) in font nullfont!
Missing character: There is no 录 ("5F55) in font nullfont!
Missing character: There is no 主 ("4E3B) in font nullfont!
Missing character: There is no 键 ("952E) in font nullfont!
Missing character: There is no c ("63) in font nullfont!
Missing character: There is no a ("61) in font nullfont!
Missing character: There is no s ("73) in font nullfont!
Missing character: There is no e ("65) in font nullfont!
Missing character: There is no n ("6E) in font nullfont!
Missing character: There is no a ("61) in font nullfont!
Missing character: There is no m ("6D) in font nullfont!
Missing character: There is no e ("65) in font nullfont!
! Misplaced alignment tab character &.
l.519 ^^I^^I^^Icase\_name &
                            varchar(128) & NOT NULL & 测试样例名称 \\
I can't figure out why you would want to use a tab mark
here. If you just want an ampersand, the remedy is
simple: Just type `I\&' now. But if some right brace
up above has ended a previous alignment prematurely,
you're probably due for more error messages, and you
might try typing `S' now just to see what is salvageable.

Missing character: There is no v ("76) in font nullfont!
Missing character: There is no a ("61) in font nullfont!
Missing character: There is no r ("72) in font nullfont!
Missing character: There is no c ("63) in font nullfont!
Missing character: There is no h ("68) in font nullfont!
Missing character: There is no a ("61) in font nullfont!
Missing character: There is no r ("72) in font nullfont!
Missing character: There is no ( ("28) in font nullfont!
Missing character: There is no 1 ("31) in font nullfont!
Missing character: There is no 2 ("32) in font nullfont!
Missing character: There is no 8 ("38) in font nullfont!
Missing character: There is no ) ("29) in font nullfont!
! Misplaced alignment tab character &.
l.519 ^^I^^I^^Icase\_name & varchar(128) &
                                           NOT NULL & 测试样例名称 \\
I can't figure out why you would want to use a tab mark
here. If you just want an ampersand, the remedy is
simple: Just type `I\&' now. But if some right brace
up above has ended a previous alignment prematurely,
you're probably due for more error messages, and you
might try typing `S' now just to see what is salvageable.

Missing character: There is no N ("4E) in font nullfont!
Missing character: There is no O ("4F) in font nullfont!
Missing character: There is no T ("54) in font nullfont!
Missing character: There is no N ("4E) in font nullfont!
Missing character: There is no U ("55) in font nullfont!
Missing character: There is no L ("4C) in font nullfont!
Missing character: There is no L ("4C) in font nullfont!
! Misplaced alignment tab character &.
l.519 ...^^Icase\_name & varchar(128) & NOT NULL &
                                                   测试样例名称 \\
I can't figure out why you would want to use a tab mark
here. If you just want an ampersand, the remedy is
simple: Just type `I\&' now. But if some right brace
up above has ended a previous alignment prematurely,
you're probably due for more error messages, and you
might try typing `S' now just to see what is salvageable.

Missing character: There is no 测 ("6D4B) in font nullfont!
Missing character: There is no 试 ("8BD5) in font nullfont!
Missing character: There is no 样 ("6837) in font nullfont!
Missing character: There is no 例 ("4F8B) in font nullfont!
Missing character: There is no 名 ("540D) in font nullfont!
Missing character: There is no 称 ("79F0) in font nullfont!
Missing character: There is no s ("73) in font nullfont!
Missing character: There is no t ("74) in font nullfont!
Missing character: There is no a ("61) in font nullfont!
Missing character: There is no t ("74) in font nullfont!
Missing character: There is no u ("75) in font nullfont!
Missing character: There is no s ("73) in font nullfont!
! Misplaced alignment tab character &.
l.520 ^^I^^I^^Istatus &
                        varchar(16) & NOT NULL & 测试执行状态 \\
I can't figure out why you would want to use a tab mark
here. If you just want an ampersand, the remedy is
simple: Just type `I\&' now. But if some right brace
up above has ended a previous alignment prematurely,
you're probably due for more error messages, and you
might try typing `S' now just to see what is salvageable.

Missing character: There is no v ("76) in font nullfont!
Missing character: There is no a ("61) in font nullfont!
Missing character: There is no r ("72) in font nullfont!
Missing character: There is no c ("63) in font nullfont!
Missing character: There is no h ("68) in font nullfont!
Missing character: There is no a ("61) in font nullfont!
Missing character: There is no r ("72) in font nullfont!
Missing character: There is no ( ("28) in font nullfont!
Missing character: There is no 1 ("31) in font nullfont!
Missing character: There is no 6 ("36) in font nullfont!
Missing character: There is no ) ("29) in font nullfont!
! Misplaced alignment tab character &.
l.520 ^^I^^I^^Istatus & varchar(16) &
                                      NOT NULL & 测试执行状态 \\
I can't figure out why you would want to use a tab mark
here. If you just want an ampersand, the remedy is
simple: Just type `I\&' now. But if some right brace
up above has ended a previous alignment prematurely,
you're probably due for more error messages, and you
might try typing `S' now just to see what is salvageable.

Missing character: There is no N ("4E) in font nullfont!
Missing character: There is no O ("4F) in font nullfont!
Missing character: There is no T ("54) in font nullfont!
Missing character: There is no N ("4E) in font nullfont!
Missing character: There is no U ("55) in font nullfont!
Missing character: There is no L ("4C) in font nullfont!
Missing character: There is no L ("4C) in font nullfont!
! Misplaced alignment tab character &.
l.520 ^^I^^I^^Istatus & varchar(16) & NOT NULL &
                                                 测试执行状态 \\
I can't figure out why you would want to use a tab mark
here. If you just want an ampersand, the remedy is
simple: Just type `I\&' now. But if some right brace
up above has ended a previous alignment prematurely,
you're probably due for more error messages, and you
might try typing `S' now just to see what is salvageable.

Missing character: There is no 测 ("6D4B) in font nullfont!
Missing character: There is no 试 ("8BD5) in font nullfont!
Missing character: There is no 执 ("6267) in font nullfont!
Missing character: There is no 行 ("884C) in font nullfont!
Missing character: There is no 状 ("72B6) in font nullfont!
Missing character: There is no 态 ("6001) in font nullfont!
Missing character: There is no t ("74) in font nullfont!
Missing character: There is no a ("61) in font nullfont!
Missing character: There is no r ("72) in font nullfont!
Missing character: There is no g ("67) in font nullfont!
Missing character: There is no e ("65) in font nullfont!
Missing character: There is no t ("74) in font nullfont!
Missing character: There is no c ("63) in font nullfont!
Missing character: There is no p ("70) in font nullfont!
Missing character: There is no u ("75) in font nullfont!
! Misplaced alignment tab character &.
l.521 ^^I^^I^^Itarget\_cpu &
                             varchar(32) & NOT NULL & 目标CPU架构 \\
I can't figure out why you would want to use a tab mark
here. If you just want an ampersand, the remedy is
simple: Just type `I\&' now. But if some right brace
up above has ended a previous alignment prematurely,
you're probably due for more error messages, and you
might try typing `S' now just to see what is salvageable.

Missing character: There is no v ("76) in font nullfont!
Missing character: There is no a ("61) in font nullfont!
Missing character: There is no r ("72) in font nullfont!
Missing character: There is no c ("63) in font nullfont!
Missing character: There is no h ("68) in font nullfont!
Missing character: There is no a ("61) in font nullfont!
Missing character: There is no r ("72) in font nullfont!
Missing character: There is no ( ("28) in font nullfont!
Missing character: There is no 3 ("33) in font nullfont!
Missing character: There is no 2 ("32) in font nullfont!
Missing character: There is no ) ("29) in font nullfont!
! Misplaced alignment tab character &.
l.521 ^^I^^I^^Itarget\_cpu & varchar(32) &
                                           NOT NULL & 目标CPU架构 \\
I can't figure out why you would want to use a tab mark
here. If you just want an ampersand, the remedy is
simple: Just type `I\&' now. But if some right brace
up above has ended a previous alignment prematurely,
you're probably due for more error messages, and you
might try typing `S' now just to see what is salvageable.

Missing character: There is no N ("4E) in font nullfont!
Missing character: There is no O ("4F) in font nullfont!
Missing character: There is no T ("54) in font nullfont!
Missing character: There is no N ("4E) in font nullfont!
Missing character: There is no U ("55) in font nullfont!
Missing character: There is no L ("4C) in font nullfont!
Missing character: There is no L ("4C) in font nullfont!
! Misplaced alignment tab character &.
l.521 ...^^Itarget\_cpu & varchar(32) & NOT NULL &
                                                   目标CPU架构 \\
I can't figure out why you would want to use a tab mark
here. If you just want an ampersand, the remedy is
simple: Just type `I\&' now. But if some right brace
up above has ended a previous alignment prematurely,
you're probably due for more error messages, and you
might try typing `S' now just to see what is salvageable.

Missing character: There is no 目 ("76EE) in font nullfont!
Missing character: There is no 标 ("6807) in font nullfont!
Missing character: There is no C ("43) in font nullfont!
Missing character: There is no P ("50) in font nullfont!
Missing character: There is no U ("55) in font nullfont!
Missing character: There is no 架 ("67B6) in font nullfont!
Missing character: There is no 构 ("6784) in font nullfont!
Missing character: There is no o ("6F) in font nullfont!
Missing character: There is no p ("70) in font nullfont!
Missing character: There is no t ("74) in font nullfont!
Missing character: There is no l ("6C) in font nullfont!
Missing character: There is no e ("65) in font nullfont!
Missing character: There is no v ("76) in font nullfont!
Missing character: There is no e ("65) in font nullfont!
Missing character: There is no l ("6C) in font nullfont!
! Misplaced alignment tab character &.
l.522 ^^I^^I^^Iopt\_level &
                            int & NOT NULL & 编译优化级别 \\
I can't figure out why you would want to use a tab mark
here. If you just want an ampersand, the remedy is
simple: Just type `I\&' now. But if some right brace
up above has ended a previous alignment prematurely,
you're probably due for more error messages, and you
might try typing `S' now just to see what is salvageable.

Missing character: There is no i ("69) in font nullfont!
Missing character: There is no n ("6E) in font nullfont!
Missing character: There is no t ("74) in font nullfont!
! Misplaced alignment tab character &.
l.522 ^^I^^I^^Iopt\_level & int &
                                  NOT NULL & 编译优化级别 \\
I can't figure out why you would want to use a tab mark
here. If you just want an ampersand, the remedy is
simple: Just type `I\&' now. But if some right brace
up above has ended a previous alignment prematurely,
you're probably due for more error messages, and you
might try typing `S' now just to see what is salvageable.

Missing character: There is no N ("4E) in font nullfont!
Missing character: There is no O ("4F) in font nullfont!
Missing character: There is no T ("54) in font nullfont!
Missing character: There is no N ("4E) in font nullfont!
Missing character: There is no U ("55) in font nullfont!
Missing character: There is no L ("4C) in font nullfont!
Missing character: There is no L ("4C) in font nullfont!
! Misplaced alignment tab character &.
l.522 ^^I^^I^^Iopt\_level & int & NOT NULL &
                                             编译优化级别 \\
I can't figure out why you would want to use a tab mark
here. If you just want an ampersand, the remedy is
simple: Just type `I\&' now. But if some right brace
up above has ended a previous alignment prematurely,
you're probably due for more error messages, and you
might try typing `S' now just to see what is salvageable.

Missing character: There is no 编 ("7F16) in font nullfont!
Missing character: There is no 译 ("8BD1) in font nullfont!
Missing character: There is no 优 ("4F18) in font nullfont!
Missing character: There is no 化 ("5316) in font nullfont!
Missing character: There is no 级 ("7EA7) in font nullfont!
Missing character: There is no 别 ("522B) in font nullfont!
Missing character: There is no p ("70) in font nullfont!
Missing character: There is no l ("6C) in font nullfont!
Missing character: There is no a ("61) in font nullfont!
Missing character: There is no t ("74) in font nullfont!
Missing character: There is no f ("66) in font nullfont!
Missing character: There is no o ("6F) in font nullfont!
Missing character: There is no r ("72) in font nullfont!
Missing character: There is no m ("6D) in font nullfont!
! Misplaced alignment tab character &.
l.523 ^^I^^I^^Iplatform &
                          varchar(16) & NOT NULL & 测试平台 \\
I can't figure out why you would want to use a tab mark
here. If you just want an ampersand, the remedy is
simple: Just type `I\&' now. But if some right brace
up above has ended a previous alignment prematurely,
you're probably due for more error messages, and you
might try typing `S' now just to see what is salvageable.

Missing character: There is no v ("76) in font nullfont!
Missing character: There is no a ("61) in font nullfont!
Missing character: There is no r ("72) in font nullfont!
Missing character: There is no c ("63) in font nullfont!
Missing character: There is no h ("68) in font nullfont!
Missing character: There is no a ("61) in font nullfont!
Missing character: There is no r ("72) in font nullfont!
Missing character: There is no ( ("28) in font nullfont!
Missing character: There is no 1 ("31) in font nullfont!
Missing character: There is no 6 ("36) in font nullfont!
Missing character: There is no ) ("29) in font nullfont!
! Misplaced alignment tab character &.
l.523 ^^I^^I^^Iplatform & varchar(16) &
                                        NOT NULL & 测试平台 \\
I can't figure out why you would want to use a tab mark
here. If you just want an ampersand, the remedy is
simple: Just type `I\&' now. But if some right brace
up above has ended a previous alignment prematurely,
you're probably due for more error messages, and you
might try typing `S' now just to see what is salvageable.

Missing character: There is no N ("4E) in font nullfont!
Missing character: There is no O ("4F) in font nullfont!
Missing character: There is no T ("54) in font nullfont!
Missing character: There is no N ("4E) in font nullfont!
Missing character: There is no U ("55) in font nullfont!
Missing character: There is no L ("4C) in font nullfont!
Missing character: There is no L ("4C) in font nullfont!
! Misplaced alignment tab character &.
l.523 ^^I^^I^^Iplatform & varchar(16) & NOT NULL &
                                                   测试平台 \\
I can't figure out why you would want to use a tab mark
here. If you just want an ampersand, the remedy is
simple: Just type `I\&' now. But if some right brace
up above has ended a previous alignment prematurely,
you're probably due for more error messages, and you
might try typing `S' now just to see what is salvageable.

Missing character: There is no 测 ("6D4B) in font nullfont!
Missing character: There is no 试 ("8BD5) in font nullfont!
Missing character: There is no 平 ("5E73) in font nullfont!
Missing character: There is no 台 ("53F0) in font nullfont!
Missing character: There is no t ("74) in font nullfont!
Missing character: There is no e ("65) in font nullfont!
Missing character: There is no s ("73) in font nullfont!
Missing character: There is no t ("74) in font nullfont!
Missing character: There is no s ("73) in font nullfont!
Missing character: There is no u ("75) in font nullfont!
Missing character: There is no i ("69) in font nullfont!
Missing character: There is no t ("74) in font nullfont!
Missing character: There is no e ("65) in font nullfont!
! Misplaced alignment tab character &.
l.524 ^^I^^I^^Itestsuite &
                           varchar(64) & NOT NULL & 测试集名称 \\
I can't figure out why you would want to use a tab mark
here. If you just want an ampersand, the remedy is
simple: Just type `I\&' now. But if some right brace
up above has ended a previous alignment prematurely,
you're probably due for more error messages, and you
might try typing `S' now just to see what is salvageable.

Missing character: There is no v ("76) in font nullfont!
Missing character: There is no a ("61) in font nullfont!
Missing character: There is no r ("72) in font nullfont!
Missing character: There is no c ("63) in font nullfont!
Missing character: There is no h ("68) in font nullfont!
Missing character: There is no a ("61) in font nullfont!
Missing character: There is no r ("72) in font nullfont!
Missing character: There is no ( ("28) in font nullfont!
Missing character: There is no 6 ("36) in font nullfont!
Missing character: There is no 4 ("34) in font nullfont!
Missing character: There is no ) ("29) in font nullfont!
! Misplaced alignment tab character &.
l.524 ^^I^^I^^Itestsuite & varchar(64) &
                                         NOT NULL & 测试集名称 \\
I can't figure out why you would want to use a tab mark
here. If you just want an ampersand, the remedy is
simple: Just type `I\&' now. But if some right brace
up above has ended a previous alignment prematurely,
you're probably due for more error messages, and you
might try typing `S' now just to see what is salvageable.

Missing character: There is no N ("4E) in font nullfont!
Missing character: There is no O ("4F) in font nullfont!
Missing character: There is no T ("54) in font nullfont!
Missing character: There is no N ("4E) in font nullfont!
Missing character: There is no U ("55) in font nullfont!
Missing character: There is no L ("4C) in font nullfont!
Missing character: There is no L ("4C) in font nullfont!
! Misplaced alignment tab character &.
l.524 ...^I^^Itestsuite & varchar(64) & NOT NULL &
                                                   测试集名称 \\
I can't figure out why you would want to use a tab mark
here. If you just want an ampersand, the remedy is
simple: Just type `I\&' now. But if some right brace
up above has ended a previous alignment prematurely,
you're probably due for more error messages, and you
might try typing `S' now just to see what is salvageable.

Missing character: There is no 测 ("6D4B) in font nullfont!
Missing character: There is no 试 ("8BD5) in font nullfont!
Missing character: There is no 集 ("96C6) in font nullfont!
Missing character: There is no 名 ("540D) in font nullfont!
Missing character: There is no 称 ("79F0) in font nullfont!
Missing character: There is no h ("68) in font nullfont!
Missing character: There is no a ("61) in font nullfont!
Missing character: There is no s ("73) in font nullfont!
Missing character: There is no h ("68) in font nullfont!
! Misplaced alignment tab character &.
l.525 ^^I^^I^^Ihash &
                      varchar(64) & NOT NULL, FK & 关联commit表的哈希值 \\
I can't figure out why you would want to use a tab mark
here. If you just want an ampersand, the remedy is
simple: Just type `I\&' now. But if some right brace
up above has ended a previous alignment prematurely,
you're probably due for more error messages, and you
might try typing `S' now just to see what is salvageable.

Missing character: There is no v ("76) in font nullfont!
Missing character: There is no a ("61) in font nullfont!
Missing character: There is no r ("72) in font nullfont!
Missing character: There is no c ("63) in font nullfont!
Missing character: There is no h ("68) in font nullfont!
Missing character: There is no a ("61) in font nullfont!
Missing character: There is no r ("72) in font nullfont!
Missing character: There is no ( ("28) in font nullfont!
Missing character: There is no 6 ("36) in font nullfont!
Missing character: There is no 4 ("34) in font nullfont!
Missing character: There is no ) ("29) in font nullfont!
! Misplaced alignment tab character &.
l.525 ^^I^^I^^Ihash & varchar(64) &
                                    NOT NULL, FK & 关联commit表的哈希值 \\
I can't figure out why you would want to use a tab mark
here. If you just want an ampersand, the remedy is
simple: Just type `I\&' now. But if some right brace
up above has ended a previous alignment prematurely,
you're probably due for more error messages, and you
might try typing `S' now just to see what is salvageable.

Missing character: There is no N ("4E) in font nullfont!
Missing character: There is no O ("4F) in font nullfont!
Missing character: There is no T ("54) in font nullfont!
Missing character: There is no N ("4E) in font nullfont!
Missing character: There is no U ("55) in font nullfont!
Missing character: There is no L ("4C) in font nullfont!
Missing character: There is no L ("4C) in font nullfont!
Missing character: There is no , ("2C) in font nullfont!
Missing character: There is no F ("46) in font nullfont!
Missing character: There is no K ("4B) in font nullfont!
! Misplaced alignment tab character &.
l.525 ^^I^^I^^Ihash & varchar(64) & NOT NULL, FK &
                                                   关联commit表的哈希值 \\
I can't figure out why you would want to use a tab mark
here. If you just want an ampersand, the remedy is
simple: Just type `I\&' now. But if some right brace
up above has ended a previous alignment prematurely,
you're probably due for more error messages, and you
might try typing `S' now just to see what is salvageable.

Missing character: There is no 关 ("5173) in font nullfont!
Missing character: There is no 联 ("8054) in font nullfont!
Missing character: There is no c ("63) in font nullfont!
Missing character: There is no o ("6F) in font nullfont!
Missing character: There is no m ("6D) in font nullfont!
Missing character: There is no m ("6D) in font nullfont!
Missing character: There is no i ("69) in font nullfont!
Missing character: There is no t ("74) in font nullfont!
Missing character: There is no 表 ("8868) in font nullfont!
Missing character: There is no 的 ("7684) in font nullfont!
Missing character: There is no 哈 ("54C8) in font nullfont!
Missing character: There is no 希 ("5E0C) in font nullfont!
Missing character: There is no 值 ("503C) in font nullfont!
Missing character: There is no c ("63) in font nullfont!
Missing character: There is no y ("79) in font nullfont!
Missing character: There is no c ("63) in font nullfont!
Missing character: There is no l ("6C) in font nullfont!
Missing character: There is no e ("65) in font nullfont!
Missing character: There is no n ("6E) in font nullfont!
Missing character: There is no u ("75) in font nullfont!
Missing character: There is no m ("6D) in font nullfont!
! Misplaced alignment tab character &.
l.526 ^^I^^I^^Icycle\_num &
                            int & NOT NULL & 测试用例执行周期数 \\
I can't figure out why you would want to use a tab mark
here. If you just want an ampersand, the remedy is
simple: Just type `I\&' now. But if some right brace
up above has ended a previous alignment prematurely,
you're probably due for more error messages, and you
might try typing `S' now just to see what is salvageable.

Missing character: There is no i ("69) in font nullfont!
Missing character: There is no n ("6E) in font nullfont!
Missing character: There is no t ("74) in font nullfont!
! Misplaced alignment tab character &.
l.526 ^^I^^I^^Icycle\_num & int &
                                  NOT NULL & 测试用例执行周期数 \\
I can't figure out why you would want to use a tab mark
here. If you just want an ampersand, the remedy is
simple: Just type `I\&' now. But if some right brace
up above has ended a previous alignment prematurely,
you're probably due for more error messages, and you
might try typing `S' now just to see what is salvageable.

Missing character: There is no N ("4E) in font nullfont!
Missing character: There is no O ("4F) in font nullfont!
Missing character: There is no T ("54) in font nullfont!
Missing character: There is no N ("4E) in font nullfont!
Missing character: There is no U ("55) in font nullfont!
Missing character: There is no L ("4C) in font nullfont!
Missing character: There is no L ("4C) in font nullfont!
! Misplaced alignment tab character &.
l.526 ^^I^^I^^Icycle\_num & int & NOT NULL &
                                             测试用例执行周期数 \\
I can't figure out why you would want to use a tab mark
here. If you just want an ampersand, the remedy is
simple: Just type `I\&' now. But if some right brace
up above has ended a previous alignment prematurely,
you're probably due for more error messages, and you
might try typing `S' now just to see what is salvageable.

Missing character: There is no 测 ("6D4B) in font nullfont!
Missing character: There is no 试 ("8BD5) in font nullfont!
Missing character: There is no 用 ("7528) in font nullfont!
Missing character: There is no 例 ("4F8B) in font nullfont!
Missing character: There is no 执 ("6267) in font nullfont!
Missing character: There is no 行 ("884C) in font nullfont!
Missing character: There is no 周 ("5468) in font nullfont!
Missing character: There is no 期 ("671F) in font nullfont!
Missing character: There is no 数 ("6570) in font nullfont!
Missing character: There is no c ("63) in font nullfont!
Missing character: There is no o ("6F) in font nullfont!
Missing character: There is no d ("64) in font nullfont!
Missing character: There is no e ("65) in font nullfont!
Missing character: There is no s ("73) in font nullfont!
Missing character: There is no i ("69) in font nullfont!
Missing character: There is no z ("7A) in font nullfont!
Missing character: There is no e ("65) in font nullfont!
! Misplaced alignment tab character &.
l.527 ^^I^^I^^Icode\_size &
                            int & NOT NULL & 编译后代码大小 \\
I can't figure out why you would want to use a tab mark
here. If you just want an ampersand, the remedy is
simple: Just type `I\&' now. But if some right brace
up above has ended a previous alignment prematurely,
you're probably due for more error messages, and you
might try typing `S' now just to see what is salvageable.

Missing character: There is no i ("69) in font nullfont!
Missing character: There is no n ("6E) in font nullfont!
Missing character: There is no t ("74) in font nullfont!
! Misplaced alignment tab character &.
l.527 ^^I^^I^^Icode\_size & int &
                                  NOT NULL & 编译后代码大小 \\
I can't figure out why you would want to use a tab mark
here. If you just want an ampersand, the remedy is
simple: Just type `I\&' now. But if some right brace
up above has ended a previous alignment prematurely,
you're probably due for more error messages, and you
might try typing `S' now just to see what is salvageable.

Missing character: There is no N ("4E) in font nullfont!
Missing character: There is no O ("4F) in font nullfont!
Missing character: There is no T ("54) in font nullfont!
Missing character: There is no N ("4E) in font nullfont!
Missing character: There is no U ("55) in font nullfont!
Missing character: There is no L ("4C) in font nullfont!
Missing character: There is no L ("4C) in font nullfont!
! Misplaced alignment tab character &.
l.527 ^^I^^I^^Icode\_size & int & NOT NULL &
                                             编译后代码大小 \\
I can't figure out why you would want to use a tab mark
here. If you just want an ampersand, the remedy is
simple: Just type `I\&' now. But if some right brace
up above has ended a previous alignment prematurely,
you're probably due for more error messages, and you
might try typing `S' now just to see what is salvageable.

Missing character: There is no 编 ("7F16) in font nullfont!
Missing character: There is no 译 ("8BD1) in font nullfont!
Missing character: There is no 后 ("540E) in font nullfont!
Missing character: There is no 代 ("4EE3) in font nullfont!
Missing character: There is no 码 ("7801) in font nullfont!
Missing character: There is no 大 ("5927) in font nullfont!
Missing character: There is no 小 ("5C0F) in font nullfont!
Missing character: There is no b ("62) in font nullfont!
Missing character: There is no u ("75) in font nullfont!
Missing character: There is no n ("6E) in font nullfont!
Missing character: There is no d ("64) in font nullfont!
Missing character: There is no l ("6C) in font nullfont!
Missing character: There is no e ("65) in font nullfont!
Missing character: There is no x ("78) in font nullfont!
! Misplaced alignment tab character &.
l.528 ^^I^^I^^Ibundle\_x &
                           int & NOT NULL & 指令打包情况 \\
I can't figure out why you would want to use a tab mark
here. If you just want an ampersand, the remedy is
simple: Just type `I\&' now. But if some right brace
up above has ended a previous alignment prematurely,
you're probably due for more error messages, and you
might try typing `S' now just to see what is salvageable.

Missing character: There is no i ("69) in font nullfont!
Missing character: There is no n ("6E) in font nullfont!
Missing character: There is no t ("74) in font nullfont!
! Misplaced alignment tab character &.
l.528 ^^I^^I^^Ibundle\_x & int &
                                 NOT NULL & 指令打包情况 \\
I can't figure out why you would want to use a tab mark
here. If you just want an ampersand, the remedy is
simple: Just type `I\&' now. But if some right brace
up above has ended a previous alignment prematurely,
you're probably due for more error messages, and you
might try typing `S' now just to see what is salvageable.

Missing character: There is no N ("4E) in font nullfont!
Missing character: There is no O ("4F) in font nullfont!
Missing character: There is no T ("54) in font nullfont!
Missing character: There is no N ("4E) in font nullfont!
Missing character: There is no U ("55) in font nullfont!
Missing character: There is no L ("4C) in font nullfont!
Missing character: There is no L ("4C) in font nullfont!
! Misplaced alignment tab character &.
l.528 ^^I^^I^^Ibundle\_x & int & NOT NULL &
                                            指令打包情况 \\
I can't figure out why you would want to use a tab mark
here. If you just want an ampersand, the remedy is
simple: Just type `I\&' now. But if some right brace
up above has ended a previous alignment prematurely,
you're probably due for more error messages, and you
might try typing `S' now just to see what is salvageable.

Missing character: There is no 指 ("6307) in font nullfont!
Missing character: There is no 令 ("4EE4) in font nullfont!
Missing character: There is no 打 ("6253) in font nullfont!
Missing character: There is no 包 ("5305) in font nullfont!
Missing character: There is no 情 ("60C5) in font nullfont!
Missing character: There is no 况 ("51B5) in font nullfont!
! Undefined control sequence.
<recently read> \midrule 
                         
l.529 ^^I^^I^^I\midrule
                       
The control sequence at the end of the top line
of your error message was never \def'ed. If you have
misspelled it (e.g., `\hobx'), type `I' and the correct
spelling (e.g., `I\hbox'). Otherwise just continue,
and I'll forget about whatever was undefined.

! Misplaced \omit.
\multispan ->\omit 
                   \@multispan 
l.530 ^^I^^I^^I\multicolumn{4}{l}{\textbf{索引说明：}}
                                                  \\
I expect to see \omit only after tab marks or the \cr of
an alignment. Proceed, and I'll ignore this case.

! Misplaced \span.
\sp@n ->\span 
              \omit \advance \@multicnt \m@ne 
l.530 ^^I^^I^^I\multicolumn{4}{l}{\textbf{索引说明：}}
                                                  \\
I can't figure out why you would want to use a tab mark
or \cr or \span just now. If something like a right brace
up above has ended a previous alignment prematurely,
you're probably due for more error messages, and you
might try typing `S' now just to see what is salvageable.

! Misplaced \omit.
\sp@n ->\span \omit 
                    \advance \@multicnt \m@ne 
l.530 ^^I^^I^^I\multicolumn{4}{l}{\textbf{索引说明：}}
                                                  \\
I expect to see \omit only after tab marks or the \cr of
an alignment. Proceed, and I'll ignore this case.

! Misplaced \span.
\sp@n ->\span 
              \omit \advance \@multicnt \m@ne 
l.530 ^^I^^I^^I\multicolumn{4}{l}{\textbf{索引说明：}}
                                                  \\
I can't figure out why you would want to use a tab mark
or \cr or \span just now. If something like a right brace
up above has ended a previous alignment prematurely,
you're probably due for more error messages, and you
might try typing `S' now just to see what is salvageable.

! Misplaced \omit.
\sp@n ->\span \omit 
                    \advance \@multicnt \m@ne 
l.530 ^^I^^I^^I\multicolumn{4}{l}{\textbf{索引说明：}}
                                                  \\
I expect to see \omit only after tab marks or the \cr of
an alignment. Proceed, and I'll ignore this case.

! Misplaced \span.
\sp@n ->\span 
              \omit \advance \@multicnt \m@ne 
l.530 ^^I^^I^^I\multicolumn{4}{l}{\textbf{索引说明：}}
                                                  \\
I can't figure out why you would want to use a tab mark
or \cr or \span just now. If something like a right brace
up above has ended a previous alignment prematurely,
you're probably due for more error messages, and you
might try typing `S' now just to see what is salvageable.

! Misplaced \omit.
\sp@n ->\span \omit 
                    \advance \@multicnt \m@ne 
l.530 ^^I^^I^^I\multicolumn{4}{l}{\textbf{索引说明：}}
                                                  \\
I expect to see \omit only after tab marks or the \cr of
an alignment. Proceed, and I'll ignore this case.

! Undefined control sequence.
<argument> ...nextchar \ifcase \@chclass \@classz 
                                                  \or \@classi \or \@classii...
l.530 ^^I^^I^^I\multicolumn{4}{l}{\textbf{索引说明：}}
                                                  \\
The control sequence at the end of the top line
of your error message was never \def'ed. If you have
misspelled it (e.g., `\hobx'), type `I' and the correct
spelling (e.g., `I\hbox'). Otherwise just continue,
and I'll forget about whatever was undefined.

! Undefined control sequence.
\@mkpream ...hclass }\ifcase \@lastchclass \@acol 
                                                  \or \or \@preamerr \@ne \o...
l.530 ^^I^^I^^I\multicolumn{4}{l}{\textbf{索引说明：}}
                                                  \\
The control sequence at the end of the top line
of your error message was never \def'ed. If you have
misspelled it (e.g., `\hobx'), type `I' and the correct
spelling (e.g., `I\hbox'). Otherwise just continue,
and I'll forget about whatever was undefined.

! Misplaced \omit.
\multispan ->\omit 
                   \@multispan 
l.531 ...{l}{1. PRIMARY (id)：主键索引，加速单条测试记录的查询与修改；}
                                                   \\
I expect to see \omit only after tab marks or the \cr of
an alignment. Proceed, and I'll ignore this case.

! Misplaced \span.
\sp@n ->\span 
              \omit \advance \@multicnt \m@ne 
l.531 ...{l}{1. PRIMARY (id)：主键索引，加速单条测试记录的查询与修改；}
                                                   \\
I can't figure out why you would want to use a tab mark
or \cr or \span just now. If something like a right brace
up above has ended a previous alignment prematurely,
you're probably due for more error messages, and you
might try typing `S' now just to see what is salvageable.

! Misplaced \omit.
\sp@n ->\span \omit 
                    \advance \@multicnt \m@ne 
l.531 ...{l}{1. PRIMARY (id)：主键索引，加速单条测试记录的查询与修改；}
                                                   \\
I expect to see \omit only after tab marks or the \cr of
an alignment. Proceed, and I'll ignore this case.

! Misplaced \span.
\sp@n ->\span 
              \omit \advance \@multicnt \m@ne 
l.531 ...{l}{1. PRIMARY (id)：主键索引，加速单条测试记录的查询与修改；}
                                                   \\
I can't figure out why you would want to use a tab mark
or \cr or \span just now. If something like a right brace
up above has ended a previous alignment prematurely,
you're probably due for more error messages, and you
might try typing `S' now just to see what is salvageable.

! Misplaced \omit.
\sp@n ->\span \omit 
                    \advance \@multicnt \m@ne 
l.531 ...{l}{1. PRIMARY (id)：主键索引，加速单条测试记录的查询与修改；}
                                                   \\
I expect to see \omit only after tab marks or the \cr of
an alignment. Proceed, and I'll ignore this case.

! Misplaced \span.
\sp@n ->\span 
              \omit \advance \@multicnt \m@ne 
l.531 ...{l}{1. PRIMARY (id)：主键索引，加速单条测试记录的查询与修改；}
                                                   \\
I can't figure out why you would want to use a tab mark
or \cr or \span just now. If something like a right brace
up above has ended a previous alignment prematurely,
you're probably due for more error messages, and you
might try typing `S' now just to see what is salvageable.

! Misplaced \omit.
\sp@n ->\span \omit 
                    \advance \@multicnt \m@ne 
l.531 ...{l}{1. PRIMARY (id)：主键索引，加速单条测试记录的查询与修改；}
                                                   \\
I expect to see \omit only after tab marks or the \cr of
an alignment. Proceed, and I'll ignore this case.

! Undefined control sequence.
<argument> ...nextchar \ifcase \@chclass \@classz 
                                                  \or \@classi \or \@classii...
l.531 ...{l}{1. PRIMARY (id)：主键索引，加速单条测试记录的查询与修改；}
                                                   \\
The control sequence at the end of the top line
of your error message was never \def'ed. If you have
misspelled it (e.g., `\hobx'), type `I' and the correct
spelling (e.g., `I\hbox'). Otherwise just continue,
and I'll forget about whatever was undefined.

! Undefined control sequence.
\@mkpream ...hclass }\ifcase \@lastchclass \@acol 
                                                  \or \or \@preamerr \@ne \o...
l.531 ...{l}{1. PRIMARY (id)：主键索引，加速单条测试记录的查询与修改；}
                                                   \\
The control sequence at the end of the top line
of your error message was never \def'ed. If you have
misspelled it (e.g., `\hobx'), type `I' and the correct
spelling (e.g., `I\hbox'). Otherwise just continue,
and I'll forget about whatever was undefined.

! Misplaced \omit.
\multispan ->\omit 
                   \@multispan 
l.532 ...commit\_hash (hash)：外键索引，加速提交与测试记录的关联查询；}
                                                   \\
I expect to see \omit only after tab marks or the \cr of
an alignment. Proceed, and I'll ignore this case.

! Misplaced \span.
\sp@n ->\span 
              \omit \advance \@multicnt \m@ne 
l.532 ...commit\_hash (hash)：外键索引，加速提交与测试记录的关联查询；}
                                                   \\
I can't figure out why you would want to use a tab mark
or \cr or \span just now. If something like a right brace
up above has ended a previous alignment prematurely,
you're probably due for more error messages, and you
might try typing `S' now just to see what is salvageable.

! Misplaced \omit.
\sp@n ->\span \omit 
                    \advance \@multicnt \m@ne 
l.532 ...commit\_hash (hash)：外键索引，加速提交与测试记录的关联查询；}
                                                   \\
I expect to see \omit only after tab marks or the \cr of
an alignment. Proceed, and I'll ignore this case.

! Misplaced \span.
\sp@n ->\span 
              \omit \advance \@multicnt \m@ne 
l.532 ...commit\_hash (hash)：外键索引，加速提交与测试记录的关联查询；}
                                                   \\
I can't figure out why you would want to use a tab mark
or \cr or \span just now. If something like a right brace
up above has ended a previous alignment prematurely,
you're probably due for more error messages, and you
might try typing `S' now just to see what is salvageable.

! Misplaced \omit.
\sp@n ->\span \omit 
                    \advance \@multicnt \m@ne 
l.532 ...commit\_hash (hash)：外键索引，加速提交与测试记录的关联查询；}
                                                   \\
I expect to see \omit only after tab marks or the \cr of
an alignment. Proceed, and I'll ignore this case.

! Misplaced \span.
\sp@n ->\span 
              \omit \advance \@multicnt \m@ne 
l.532 ...commit\_hash (hash)：外键索引，加速提交与测试记录的关联查询；}
                                                   \\
I can't figure out why you would want to use a tab mark
or \cr or \span just now. If something like a right brace
up above has ended a previous alignment prematurely,
you're probably due for more error messages, and you
might try typing `S' now just to see what is salvageable.

! Misplaced \omit.
\sp@n ->\span \omit 
                    \advance \@multicnt \m@ne 
l.532 ...commit\_hash (hash)：外键索引，加速提交与测试记录的关联查询；}
                                                   \\
I expect to see \omit only after tab marks or the \cr of
an alignment. Proceed, and I'll ignore this case.

! Undefined control sequence.
<argument> ...nextchar \ifcase \@chclass \@classz 
                                                  \or \@classi \or \@classii...
l.532 ...commit\_hash (hash)：外键索引，加速提交与测试记录的关联查询；}
                                                   \\
The control sequence at the end of the top line
of your error message was never \def'ed. If you have
misspelled it (e.g., `\hobx'), type `I' and the correct
spelling (e.g., `I\hbox'). Otherwise just continue,
and I'll forget about whatever was undefined.

! Undefined control sequence.
\@mkpream ...hclass }\ifcase \@lastchclass \@acol 
                                                  \or \or \@preamerr \@ne \o...
l.532 ...commit\_hash (hash)：外键索引，加速提交与测试记录的关联查询；}
                                                   \\
The control sequence at the end of the top line
of your error message was never \def'ed. If you have
misspelled it (e.g., `\hobx'), type `I' and the correct
spelling (e.g., `I\hbox'). Otherwise just continue,
and I'll forget about whatever was undefined.

! Misplaced \omit.
\multispan ->\omit 
                   \@multispan 
l.533 ...l, testsuite, case\_name)：复合索引，优化汇编关联查询；}
                                                   \\
I expect to see \omit only after tab marks or the \cr of
an alignment. Proceed, and I'll ignore this case.

! Misplaced \span.
\sp@n ->\span 
              \omit \advance \@multicnt \m@ne 
l.533 ...l, testsuite, case\_name)：复合索引，优化汇编关联查询；}
                                                   \\
I can't figure out why you would want to use a tab mark
or \cr or \span just now. If something like a right brace
up above has ended a previous alignment prematurely,
you're probably due for more error messages, and you
might try typing `S' now just to see what is salvageable.

! Misplaced \omit.
\sp@n ->\span \omit 
                    \advance \@multicnt \m@ne 
l.533 ...l, testsuite, case\_name)：复合索引，优化汇编关联查询；}
                                                   \\
I expect to see \omit only after tab marks or the \cr of
an alignment. Proceed, and I'll ignore this case.

! Misplaced \span.
\sp@n ->\span 
              \omit \advance \@multicnt \m@ne 
l.533 ...l, testsuite, case\_name)：复合索引，优化汇编关联查询；}
                                                   \\
I can't figure out why you would want to use a tab mark
or \cr or \span just now. If something like a right brace
up above has ended a previous alignment prematurely,
you're probably due for more error messages, and you
might try typing `S' now just to see what is salvageable.

! Misplaced \omit.
\sp@n ->\span \omit 
                    \advance \@multicnt \m@ne 
l.533 ...l, testsuite, case\_name)：复合索引，优化汇编关联查询；}
                                                   \\
I expect to see \omit only after tab marks or the \cr of
an alignment. Proceed, and I'll ignore this case.

! Misplaced \span.
\sp@n ->\span 
              \omit \advance \@multicnt \m@ne 
l.533 ...l, testsuite, case\_name)：复合索引，优化汇编关联查询；}
                                                   \\
I can't figure out why you would want to use a tab mark
or \cr or \span just now. If something like a right brace
up above has ended a previous alignment prematurely,
you're probably due for more error messages, and you
might try typing `S' now just to see what is salvageable.

! Misplaced \omit.
\sp@n ->\span \omit 
                    \advance \@multicnt \m@ne 
l.533 ...l, testsuite, case\_name)：复合索引，优化汇编关联查询；}
                                                   \\
I expect to see \omit only after tab marks or the \cr of
an alignment. Proceed, and I'll ignore this case.

! Undefined control sequence.
<argument> ...nextchar \ifcase \@chclass \@classz 
                                                  \or \@classi \or \@classii...
l.533 ...l, testsuite, case\_name)：复合索引，优化汇编关联查询；}
                                                   \\
The control sequence at the end of the top line
of your error message was never \def'ed. If you have
misspelled it (e.g., `\hobx'), type `I' and the correct
spelling (e.g., `I\hbox'). Otherwise just continue,
and I'll forget about whatever was undefined.

! Undefined control sequence.
\@mkpream ...hclass }\ifcase \@lastchclass \@acol 
                                                  \or \or \@preamerr \@ne \o...
l.533 ...l, testsuite, case\_name)：复合索引，优化汇编关联查询；}
                                                   \\
The control sequence at the end of the top line
of your error message was never \def'ed. If you have
misspelled it (e.g., `\hobx'), type `I' and the correct
spelling (e.g., `I\hbox'). Otherwise just continue,
and I'll forget about whatever was undefined.

! Misplaced \omit.
\multispan ->\omit 
                   \@multispan 
l.534 ..._level, testsuite, hash)：复合索引，加速性能统计类查询。}
                                                   \\
I expect to see \omit only after tab marks or the \cr of
an alignment. Proceed, and I'll ignore this case.

! Misplaced \span.
\sp@n ->\span 
              \omit \advance \@multicnt \m@ne 
l.534 ..._level, testsuite, hash)：复合索引，加速性能统计类查询。}
                                                   \\
I can't figure out why you would want to use a tab mark
or \cr or \span just now. If something like a right brace
up above has ended a previous alignment prematurely,
you're probably due for more error messages, and you
might try typing `S' now just to see what is salvageable.

! Misplaced \omit.
\sp@n ->\span \omit 
                    \advance \@multicnt \m@ne 
l.534 ..._level, testsuite, hash)：复合索引，加速性能统计类查询。}
                                                   \\
I expect to see \omit only after tab marks or the \cr of
an alignment. Proceed, and I'll ignore this case.

! Misplaced \span.
\sp@n ->\span 
              \omit \advance \@multicnt \m@ne 
l.534 ..._level, testsuite, hash)：复合索引，加速性能统计类查询。}
                                                   \\
I can't figure out why you would want to use a tab mark
or \cr or \span just now. If something like a right brace
up above has ended a previous alignment prematurely,
you're probably due for more error messages, and you
might try typing `S' now just to see what is salvageable.

! Misplaced \omit.
\sp@n ->\span \omit 
                    \advance \@multicnt \m@ne 
l.534 ..._level, testsuite, hash)：复合索引，加速性能统计类查询。}
                                                   \\
I expect to see \omit only after tab marks or the \cr of
an alignment. Proceed, and I'll ignore this case.

! Misplaced \span.
\sp@n ->\span 
              \omit \advance \@multicnt \m@ne 
l.534 ..._level, testsuite, hash)：复合索引，加速性能统计类查询。}
                                                   \\
I can't figure out why you would want to use a tab mark
or \cr or \span just now. If something like a right brace
up above has ended a previous alignment prematurely,
you're probably due for more error messages, and you
might try typing `S' now just to see what is salvageable.

! Misplaced \omit.
\sp@n ->\span \omit 
                    \advance \@multicnt \m@ne 
l.534 ..._level, testsuite, hash)：复合索引，加速性能统计类查询。}
                                                   \\
I expect to see \omit only after tab marks or the \cr of
an alignment. Proceed, and I'll ignore this case.

! Undefined control sequence.
<argument> ...nextchar \ifcase \@chclass \@classz 
                                                  \or \@classi \or \@classii...
l.534 ..._level, testsuite, hash)：复合索引，加速性能统计类查询。}
                                                   \\
The control sequence at the end of the top line
of your error message was never \def'ed. If you have
misspelled it (e.g., `\hobx'), type `I' and the correct
spelling (e.g., `I\hbox'). Otherwise just continue,
and I'll forget about whatever was undefined.

! Undefined control sequence.
\@mkpream ...hclass }\ifcase \@lastchclass \@acol 
                                                  \or \or \@preamerr \@ne \o...
l.534 ..._level, testsuite, hash)：复合索引，加速性能统计类查询。}
                                                   \\
The control sequence at the end of the top line
of your error message was never \def'ed. If you have
misspelled it (e.g., `\hobx'), type `I' and the correct
spelling (e.g., `I\hbox'). Otherwise just continue,
and I'll forget about whatever was undefined.

! Undefined control sequence.
<recently read> \bottomrule 
                            
l.535 ^^I^^I^^I\bottomrule
                          
The control sequence at the end of the top line
of your error message was never \def'ed. If you have
misspelled it (e.g., `\hobx'), type `I' and the correct
spelling (e.g., `I\hbox'). Otherwise just continue,
and I'll forget about whatever was undefined.


! LaTeX Error: \begin{document} ended by \end{tabularx}.

See the LaTeX manual or LaTeX Companion for explanation.
Type  H <return>  for immediate help.
 ...                                              
                                                  
l.536 ^^I^^I\end{tabularx}
                          
Your command was ignored.
Type  I <command> <return>  to replace it with another command,
or  <return>  to continue without it.


! LaTeX Error: \begin{document} ended by \end{table}.

See the LaTeX manual or LaTeX Companion for explanation.
Type  H <return>  for immediate help.
 ...                                              
                                                  
l.538 \end{table}
                 
Your command was ignored.
Type  I <command> <return>  to replace it with another command,
or  <return>  to continue without it.

! Undefined control sequence.
l.544 \section
              {本章小结}
The control sequence at the end of the top line
of your error message was never \def'ed. If you have
misspelled it (e.g., `\hobx'), type `I' and the correct
spelling (e.g., `I\hbox'). Otherwise just continue,
and I'll forget about whatever was undefined.

Missing character: There is no 本 ("672C) in font nullfont!
Missing character: There is no 章 ("7AE0) in font nullfont!
Missing character: There is no 小 ("5C0F) in font nullfont!
Missing character: There is no 结 ("7ED3) in font nullfont!
Missing character: There is no 本 ("672C) in font nullfont!
Missing character: There is no 章 ("7AE0) in font nullfont!
Missing character: There is no 分 ("5206) in font nullfont!
Missing character: There is no 析 ("6790) in font nullfont!
Missing character: There is no 了 ("4E86) in font nullfont!
Missing character: There is no D ("44) in font nullfont!
Missing character: There is no S ("53) in font nullfont!
Missing character: There is no P ("50) in font nullfont!
Missing character: There is no 编 ("7F16) in font nullfont!
Missing character: There is no 译 ("8BD1) in font nullfont!
Missing character: There is no 器 ("5668) in font nullfont!
Missing character: There is no 在 ("5728) in font nullfont!
Missing character: There is no 引 ("5F15) in font nullfont!
Missing character: There is no 入 ("5165) in font nullfont!
Missing character: There is no G ("47) in font nullfont!
Missing character: There is no l ("6C) in font nullfont!
Missing character: There is no o ("6F) in font nullfont!
Missing character: There is no b ("62) in font nullfont!
Missing character: There is no a ("61) in font nullfont!
Missing character: There is no l ("6C) in font nullfont!
Missing character: There is no I ("49) in font nullfont!
Missing character: There is no S ("53) in font nullfont!
Missing character: There is no e ("65) in font nullfont!
Missing character: There is no l ("6C) in font nullfont!
Missing character: There is no 及 ("53CA) in font nullfont!
Missing character: There is no 相 ("76F8) in font nullfont!
Missing character: There is no 关 ("5173) in font nullfont!
Missing character: There is no 优 ("4F18) in font nullfont!
Missing character: There is no 化 ("5316) in font nullfont!
Missing character: There is no 后 ("540E) in font nullfont!
Missing character: There is no ， ("FF0C) in font nullfont!
Missing character: There is no 现 ("73B0) in font nullfont!
Missing character: There is no 有 ("6709) in font nullfont!
Missing character: There is no C ("43) in font nullfont!
Missing character: There is no I ("49) in font nullfont!
Missing character: There is no 测 ("6D4B) in font nullfont!
Missing character: There is no 试 ("8BD5) in font nullfont!
Missing character: There is no 在 ("5728) in font nullfont!
Missing character: There is no 输 ("8F93) in font nullfont!
Missing character: There is no 入 ("5165) in font nullfont!
Missing character: There is no 覆 ("8986) in font nullfont!
Missing character: There is no 盖 ("76D6) in font nullfont!
Missing character: There is no 与 ("4E0E) in font nullfont!
Missing character: There is no 结 ("7ED3) in font nullfont!
Missing character: There is no 果 ("679C) in font nullfont!
Missing character: There is no 分 ("5206) in font nullfont!
Missing character: There is no 析 ("6790) in font nullfont!
Missing character: There is no 方 ("65B9) in font nullfont!
Missing character: There is no 面 ("9762) in font nullfont!
Missing character: There is no 存 ("5B58) in font nullfont!
Missing character: There is no 在 ("5728) in font nullfont!
Missing character: There is no 的 ("7684) in font nullfont!
Missing character: There is no 不 ("4E0D) in font nullfont!
Missing character: There is no 足 ("8DB3) in font nullfont!
Missing character: There is no 。 ("3002) in font nullfont!
Missing character: There is no 针 ("9488) in font nullfont!
Missing character: There is no 对 ("5BF9) in font nullfont!
Missing character: There is no 现 ("73B0) in font nullfont!
Missing character: There is no 存 ("5B58) in font nullfont!
Missing character: There is no 的 ("7684) in font nullfont!
Missing character: There is no 不 ("4E0D) in font nullfont!
Missing character: There is no 足 ("8DB3) in font nullfont!
Missing character: There is no ， ("FF0C) in font nullfont!
Missing character: There is no 本 ("672C) in font nullfont!
Missing character: There is no 章 ("7AE0) in font nullfont!
Missing character: There is no 设 ("8BBE) in font nullfont!
Missing character: There is no 计 ("8BA1) in font nullfont!
Missing character: There is no 并 ("5E76) in font nullfont!
Missing character: There is no 实 ("5B9E) in font nullfont!
Missing character: There is no 现 ("73B0) in font nullfont!
Missing character: There is no 了 ("4E86) in font nullfont!
Missing character: There is no 一 ("4E00) in font nullfont!
Missing character: There is no 套 ("5957) in font nullfont!
Missing character: There is no 面 ("9762) in font nullfont!
Missing character: There is no 向 ("5411) in font nullfont!
Missing character: There is no D ("44) in font nullfont!
Missing character: There is no S ("53) in font nullfont!
Missing character: There is no P ("50) in font nullfont!
Missing character: There is no 工 ("5DE5) in font nullfont!
Missing character: There is no 具 ("5177) in font nullfont!
Missing character: There is no 链 ("94FE) in font nullfont!
Missing character: There is no 的 ("7684) in font nullfont!
Missing character: There is no 测 ("6D4B) in font nullfont!
Missing character: There is no 试 ("8BD5) in font nullfont!
Missing character: There is no 评 ("8BC4) in font nullfont!
Missing character: There is no 估 ("4F30) in font nullfont!
Missing character: There is no 平 ("5E73) in font nullfont!
Missing character: There is no 台 ("53F0) in font nullfont!
Missing character: There is no ， ("FF0C) in font nullfont!
Missing character: There is no 通 ("901A) in font nullfont!
Missing character: There is no 过 ("8FC7) in font nullfont!
Missing character: There is no 引 ("5F15) in font nullfont!
Missing character: There is no 入 ("5165) in font nullfont!
Missing character: There is no 随 ("968F) in font nullfont!
Missing character: There is no 机 ("673A) in font nullfont!
Missing character: There is no 测 ("6D4B) in font nullfont!
Missing character: There is no 试 ("8BD5) in font nullfont!
Missing character: There is no 生 ("751F) in font nullfont!
Missing character: There is no 成 ("6210) in font nullfont!
Missing character: There is no 工 ("5DE5) in font nullfont!
Missing character: There is no 具 ("5177) in font nullfont!
Missing character: There is no 、 ("3001) in font nullfont!
Missing character: There is no 完 ("5B8C) in font nullfont!
Missing character: There is no 善 ("5584) in font nullfont!
Missing character: There is no 性 ("6027) in font nullfont!
Missing character: There is no 能 ("80FD) in font nullfont!
Missing character: There is no 数 ("6570) in font nullfont!
Missing character: There is no 据 ("636E) in font nullfont!
Missing character: There is no 自 ("81EA) in font nullfont!
Missing character: There is no 动 ("52A8) in font nullfont!
Missing character: There is no 采 ("91C7) in font nullfont!
Missing character: There is no 集 ("96C6) in font nullfont!
Missing character: There is no ， ("FF0C) in font nullfont!
Missing character: There is no 并 ("5E76) in font nullfont!
Missing character: There is no 结 ("7ED3) in font nullfont!
Missing character: There is no 合 ("5408) in font nullfont!
Missing character: There is no 前 ("524D) in font nullfont!
Missing character: There is no 后 ("540E) in font nullfont!
Missing character: There is no 端 ("7AEF) in font nullfont!
Missing character: There is no 与 ("4E0E) in font nullfont!
Missing character: There is no 数 ("6570) in font nullfont!
Missing character: There is no 据 ("636E) in font nullfont!
Missing character: There is no 库 ("5E93) in font nullfont!
Missing character: There is no 的 ("7684) in font nullfont!
Missing character: There is no 三 ("4E09) in font nullfont!
Missing character: There is no 层 ("5C42) in font nullfont!
Missing character: There is no 架 ("67B6) in font nullfont!
Missing character: There is no 构 ("6784) in font nullfont!
Missing character: There is no ， ("FF0C) in font nullfont!
Missing character: There is no 实 ("5B9E) in font nullfont!
Missing character: There is no 现 ("73B0) in font nullfont!
Missing character: There is no 了 ("4E86) in font nullfont!
Missing character: There is no 测 ("6D4B) in font nullfont!
Missing character: There is no 试 ("8BD5) in font nullfont!
Missing character: There is no 结 ("7ED3) in font nullfont!
Missing character: There is no 果 ("679C) in font nullfont!
Missing character: There is no 的 ("7684) in font nullfont!
Missing character: There is no 统 ("7EDF) in font nullfont!
Missing character: There is no 一 ("4E00) in font nullfont!
Missing character: There is no 管 ("7BA1) in font nullfont!
Missing character: There is no 理 ("7406) in font nullfont!
Missing character: There is no 与 ("4E0E) in font nullfont!
Missing character: There is no 可 ("53EF) in font nullfont!
Missing character: There is no 视 ("89C6) in font nullfont!
Missing character: There is no 化 ("5316) in font nullfont!
Missing character: There is no 分 ("5206) in font nullfont!
Missing character: There is no 析 ("6790) in font nullfont!
Missing character: There is no 。 ("3002) in font nullfont!
Missing character: There is no 最 ("6700) in font nullfont!
Missing character: There is no 终 ("7EC8) in font nullfont!
Missing character: There is no ， ("FF0C) in font nullfont!
Missing character: There is no 形 ("5F62) in font nullfont!
Missing character: There is no 成 ("6210) in font nullfont!
Missing character: There is no 了 ("4E86) in font nullfont!
Missing character: There is no 一 ("4E00) in font nullfont!
Missing character: There is no 套 ("5957) in font nullfont!
Missing character: There is no 覆 ("8986) in font nullfont!
Missing character: There is no 盖 ("76D6) in font nullfont!
Missing character: There is no 测 ("6D4B) in font nullfont!
Missing character: There is no 试 ("8BD5) in font nullfont!
Missing character: There is no 生 ("751F) in font nullfont!
Missing character: There is no 成 ("6210) in font nullfont!
Missing character: There is no 、 ("3001) in font nullfont!
Missing character: There is no 流 ("6D41) in font nullfont!
Missing character: There is no 水 ("6C34) in font nullfont!
Missing character: There is no 线 ("7EBF) in font nullfont!
Missing character: There is no 执 ("6267) in font nullfont!
Missing character: There is no 行 ("884C) in font nullfont!
Missing character: There is no 、 ("3001) in font nullfont!
Missing character: There is no 性 ("6027) in font nullfont!
Missing character: There is no 能 ("80FD) in font nullfont!
Missing character: There is no 采 ("91C7) in font nullfont!
Missing character: There is no 集 ("96C6) in font nullfont!
Missing character: There is no 与 ("4E0E) in font nullfont!
Missing character: There is no 对 ("5BF9) in font nullfont!
Missing character: There is no 比 ("6BD4) in font nullfont!
Missing character: There is no 分 ("5206) in font nullfont!
Missing character: There is no 析 ("6790) in font nullfont!
Missing character: There is no 的 ("7684) in font nullfont!
Missing character: There is no 完 ("5B8C) in font nullfont!
Missing character: There is no 整 ("6574) in font nullfont!
Missing character: There is no 流 ("6D41) in font nullfont!
Missing character: There is no 程 ("7A0B) in font nullfont!
Missing character: There is no ， ("FF0C) in font nullfont!
Missing character: There is no 为 ("4E3A) in font nullfont!
Missing character: There is no 后 ("540E) in font nullfont!
Missing character: There is no 续 ("7EED) in font nullfont!
Missing character: There is no G ("47) in font nullfont!
Missing character: There is no l ("6C) in font nullfont!
Missing character: There is no o ("6F) in font nullfont!
Missing character: There is no b ("62) in font nullfont!
Missing character: There is no a ("61) in font nullfont!
Missing character: There is no l ("6C) in font nullfont!
Missing character: There is no I ("49) in font nullfont!
Missing character: There is no S ("53) in font nullfont!
Missing character: There is no e ("65) in font nullfont!
Missing character: There is no l ("6C) in font nullfont!
Missing character: There is no 优 ("4F18) in font nullfont!
Missing character: There is no 化 ("5316) in font nullfont!
Missing character: There is no 效 ("6548) in font nullfont!
Missing character: There is no 果 ("679C) in font nullfont!
Missing character: There is no 的 ("7684) in font nullfont!
Missing character: There is no 定 ("5B9A) in font nullfont!
Missing character: There is no 量 ("91CF) in font nullfont!
Missing character: There is no 评 ("8BC4) in font nullfont!
Missing character: There is no 估 ("4F30) in font nullfont!
Missing character: There is no 与 ("4E0E) in font nullfont!
Missing character: There is no 回 ("56DE) in font nullfont!
Missing character: There is no 归 ("5F52) in font nullfont!
Missing character: There is no 分 ("5206) in font nullfont!
Missing character: There is no 析 ("6790) in font nullfont!
Missing character: There is no 提 ("63D0) in font nullfont!
Missing character: There is no 供 ("4F9B) in font nullfont!
Missing character: There is no 了 ("4E86) in font nullfont!
Missing character: There is no 可 ("53EF) in font nullfont!
Missing character: There is no 靠 ("9760) in font nullfont!
Missing character: There is no 支 ("652F) in font nullfont!
Missing character: There is no 撑 ("6491) in font nullfont!
Missing character: There is no 。 ("3002) in font nullfont!
)
! Emergency stop.
<*> chapter4.tex
                
*** (job aborted, no legal \end found)

 
Here is how much of TeX's memory you used:
 55 strings out of 473832
 1158 string characters out of 5733159
 397383 words of memory out of 5000000
 23218 multiletter control sequences out of 15000+600000
 558853 words of font info for 38 fonts, out of 8000000 for 9000
 1348 hyphenation exceptions out of 8191
 19i,2n,31p,439b,105s stack positions out of 10000i,1000n,20000p,200000b,200000s
No pages of output.
